participant,session,experiment,label,label_name,channel,mean_mean,mean_std,std_mean,std_std,range_mean,range_std,ssim_mean,ssim_n,region_count
0,0,0,0,Noise,0,0.38856350669433865,0.009985996821026912,0.19512645596914457,0.007179152439375733,0.9078065134099617,0.02615012136040726,0.09848395345284001,56,58
0,0,0,0,Noise,1,0.44594230841497423,0.006888384044073202,0.18670731704374757,0.008918388345454305,0.8975659229208925,0.03654532245590013,0.1402253586350036,56,58
0,0,0,0,Noise,2,0.3993568705491401,0.010342052396025635,0.19323663750759296,0.007955680796866196,0.930325932923949,0.023370387532460783,0.10296001206650819,56,58
0,0,0,0,Noise,all,0.41128756188615095,0.0040691190164094315,0.1916901368401617,0.003775546817247166,0.9118994564182676,0.017116804897174816,,0,58
0,0,0,1,Up,0,0.38433821701941256,0.005004075005850724,0.1943261102443872,0.004238839902392416,0.9157407407407407,0.025187908349510024,0.11667244552361894,15,15
0,0,0,1,Up,1,0.44868262716295587,0.004337498110042775,0.18454831216902512,0.006257944026431071,0.9181699346405229,0.02575243971116958,0.112913959730837,15,15
0,0,0,1,Up,2,0.40359263077724844,0.005005354967456509,0.19915612377360334,0.004032663087609134,0.9558599695585996,0.03331709595078921,0.0998599373612254,15,15
0,0,0,1,Up,all,0.4122044916532056,0.003137232649765407,0.19267684872900523,0.0023553280324502103,0.9299235483132878,0.010080656179720295,,0,15
0,0,0,2,Down,0,0.3763493691661467,0.0027674318072017307,0.19391097785124625,0.003102472595456332,0.9454365079365079,0.0037119616932281604,0.12186914353673213,14,14
0,0,0,2,Down,1,0.43478782578183234,0.0032050581562897127,0.18253761781626318,0.0023518665419956742,0.9072829131652661,0.030322047987678562,0.14529857250106862,14,14
0,0,0,2,Down,2,0.39909080019639204,0.004610278125826787,0.19380305335576348,0.0027376427435539833,0.9279191128506197,0.018015382126386738,0.11637913312678264,14,14
0,0,0,2,Down,all,0.4034093317147904,0.0018587027225623715,0.19008388300775764,0.001374057217492384,0.9268795113174646,0.01548939789800649,,0,14
0,0,0,3,Left,0,0.39131826381032786,0.007805251111695566,0.1992750433412367,0.005432837882403364,0.9635076252723311,0.03377894472050674,0.12648950075596802,17,17
0,0,0,3,Left,1,0.44419959958240657,0.006367935096307351,0.1929377700768673,0.005257057086039562,0.9446366782006921,0.021696694343754794,0.17238788112999745,17,17
0,0,0,3,Left,2,0.38908824148541654,0.007421251632090399,0.1859657364049879,0.005335295643280367,0.9293580445876981,0.01805802192265006,0.1274666156706723,17,17
0,0,0,3,Left,all,0.4082020349593836,0.0029560977542042355,0.19272618327436394,0.0031237224443262258,0.9458341160202404,0.012596816874978451,,0,17
0,0,0,4,Right,0,0.3841149087687131,0.006372189582098631,0.18877595747687168,0.0026785267149284347,0.9117476851851852,0.02245688535432067,0.11807467563484457,16,16
0,0,0,4,Right,1,0.4443691085639223,0.004641841283765935,0.19632941009459123,0.0029826901439347522,0.9588235294117646,0.0246362750104883,0.14442113674052734,16,16
0,0,0,4,Right,2,0.409364571970938,0.00453207112820547,0.19383150615359357,0.0047063518132634055,0.9440639269406392,0.026859253278269848,0.10672655331642934,16,16
0,0,0,4,Right,all,0.4126161964345245,0.002933255432853126,0.19297895790835218,0.0014650521599724304,0.938211713845863,0.010377597052139729,,0,16
0,0,1,0,Noise,0,0.38002364637241154,0.0076136447296552305,0.19730476270485672,0.0076106842482424305,0.9292337363697055,0.04699520577197518,0.1111951960324442,52,61
0,0,1,0,Noise,1,0.42506299947445425,0.008854947185082689,0.18831695052469427,0.007080271692574948,0.8777884924461589,0.02025317556017076,0.1301541692330203,52,61
0,0,1,0,Noise,2,0.4232360829530367,0.010925546153939867,0.20753253537047955,0.008786565789826327,0.9585480093676815,0.031048011759799498,0.08323775334365832,52,61
0,0,1,0,Noise,all,0.4094409095999675,0.006119792638530239,0.19771808286667686,0.005108804017285653,0.9218567460611818,0.01823998433569685,,0,61
0,0,1,1,Up,0,0.3777534648894818,0.005727918334044203,0.19578458176908795,0.00351900553085443,0.9336349924585219,0.034868342694616986,0.12268566353745733,15,15
0,0,1,1,Up,1,0.4274056574429243,0.003940735785323081,0.18756031458808348,0.004753872153779741,0.9111111111111111,0.022994224700233323,0.1213708270556566,15,15
0,0,1,1,Up,2,0.42333882056109134,0.00833117349593604,0.20777727750704156,0.006054409190831593,0.9663492063492064,0.03519885048824422,0.09456604682687857,15,15
0,0,1,1,Up,all,0.4094993142978325,0.00255447053637749,0.19704072462140435,0.0025815536838625277,0.9370317699729465,0.016305414785023137,,0,15
0,0,1,2,Down,0,0.3714417394004107,0.0036864926946315953,0.19340377833999375,0.002873536503872148,0.958974358974359,0.01821767099736204,0.1484742305419321,15,15
0,0,1,2,Down,1,0.4214302557540748,0.005061697155256873,0.1878035778526778,0.002769766490805805,0.9205228758169935,0.028180255517777267,0.14622508637186196,15,15
0,0,1,2,Down,2,0.42207851888333703,0.006796054951940104,0.2095990398366686,0.006508817339914847,0.9749206349206349,0.014783467537369725,0.13521171636318868,15,15
0,0,1,2,Down,all,0.40498350467927413,0.004415576185289809,0.19693546534311338,0.003164038703708837,0.9514726232373292,0.013914482881143064,,0,15
0,0,1,3,Left,0,0.37777231625092245,0.005627182572796715,0.19335261214551924,0.0038961172433955664,0.9861425339366516,0.01425818110123769,0.14863878258236846,16,16
0,0,1,3,Left,1,0.4273706280894575,0.006444522946658493,0.1927769461931835,0.0035718699812197253,0.9002450980392157,0.037749554104167055,0.15738610990146745,16,16
0,0,1,3,Left,2,0.41822824373456635,0.007828380942703286,0.20596081393058163,0.005190080781452408,0.9619047619047619,0.01694774325719255,0.09593610138550963,16,16
0,0,1,3,Left,all,0.4077903960249821,0.00452629547081374,0.1973634574230948,0.003234357851156636,0.9494307979602098,0.013769174569068522,,0,16
0,0,1,4,Right,0,0.37626468512130606,0.002783164167970938,0.19262941872329137,0.003385255636232861,0.9343891402714932,0.026896763951926077,0.12651907482815392,16,16
0,0,1,4,Right,1,0.42744657266092534,0.005044997178802989,0.19355417483360007,0.0037233966056360646,0.9147058823529411,0.014497433341711689,0.14625535652328853,16,16
0,0,1,4,Right,2,0.4256852882281727,0.006189562187191128,0.21035945104484016,0.00617291909404501,0.9806547619047619,0.018192616013093042,0.12695518812508405,16,16
0,0,1,4,Right,all,0.4097988486701347,0.0036604362472520764,0.19884768153391053,0.00280930159285096,0.9432499281763987,0.005184520355021687,,0,16
0,0,2,0,Noise,0,0.33711706856724544,0.007068722588231271,0.19533808301104755,0.006549025329465282,0.8966514459665144,0.05144117309102053,0.10831964740596849,54,60
0,0,2,0,Noise,1,0.393151107552666,0.007581330732909488,0.19039714081056014,0.009856331008887087,0.8858169934640523,0.04291062050178945,0.1349503153659425,54,60
0,0,2,0,Noise,2,0.37234425363205315,0.011777616852748621,0.2046928066961218,0.006778617593771184,0.9037461773700305,0.04468606243059101,0.09402229714292165,54,60
0,0,2,0,Noise,all,0.3675374765839882,0.0048773943658593655,0.19680934350590984,0.004165879810340319,0.8954048722668658,0.027478178252153956,,0,60
0,0,2,1,Up,0,0.33941205725905765,0.006113458438133644,0.1958458083519171,0.0036888535957623164,0.9315068493150684,0.03991191485554732,0.11854723190155514,16,16
0,0,2,1,Up,1,0.39549141325033327,0.00775218004298004,0.18463640080672877,0.007415479587550396,0.9012254901960784,0.03623208966392692,0.12304253601910004,16,16
0,0,2,1,Up,2,0.3744700605151994,0.009273683860410657,0.2070393268589221,0.004399142915528666,0.9280389908256881,0.026574839968478106,0.10846025895037445,16,16
0,0,2,1,Up,all,0.36979117700819675,0.0034393295565547082,0.19584051200585598,0.0027737511317454688,0.9202571101122783,0.015180718206616123,,0,16
0,0,2,2,Down,0,0.3284625335373668,0.0038842626831246956,0.1941336484320647,0.00591663163326343,0.9217656012176559,0.04947747732960528,0.13352247414957766,15,15
0,0,2,2,Down,1,0.3909290315245687,0.0029823214586204064,0.18768061307190237,0.003298349198995707,0.9181699346405229,0.017529434741816084,0.15480057136005812,15,15
0,0,2,2,Down,2,0.36848854657437685,0.006758887849668271,0.1989169524308614,0.004758920339365718,0.8914373088685016,0.025871528649179416,0.12011585823563652,15,15
0,0,2,2,Down,all,0.3626267038787708,0.0030704407221660763,0.19357707131160948,0.0031304605134664255,0.9104576149088934,0.022547344008018368,,0,15
0,0,2,3,Left,0,0.3397026982283434,0.005002970947107462,0.19761825923939988,0.003771763614516404,0.949771689497717,0.034344283316603254,0.14330857342707004,15,15
0,0,2,3,Left,1,0.3886180555304971,0.007376131589271302,0.19302783054422834,0.00516997024053869,0.9100653594771242,0.05418634592726297,0.15584828449606672,15,15
0,0,2,3,Left,2,0.37017835888402784,0.009292707835208022,0.20136484606434027,0.005488967172175217,0.8868501529051988,0.026840976029878182,0.10548815849141975,15,15
0,0,2,3,Left,all,0.3661663708809561,0.004052932302696514,0.1973369786159895,0.002128558945192128,0.9155624006266799,0.022366470232464096,,0,15
0,0,2,4,Right,0,0.33727645039169135,0.004523444406416883,0.19201195125400664,0.007930795020286544,0.8815829528158295,0.06299920105750062,0.12390516989540559,15,15
0,0,2,4,Right,1,0.3984033178716111,0.0029519287614273196,0.19205197273542343,0.005421294915521937,0.9213071895424837,0.06099568681832521,0.16409394191793583,15,15
0,0,2,4,Right,2,0.3729108961925303,0.004599448537061719,0.20542581551408867,0.003489202694026409,0.9629969418960245,0.027548408192283685,0.11057488369761691,15,15
0,0,2,4,Right,all,0.3695302214852776,0.0020932882162825253,0.19649657983450625,0.003271135891579163,0.9219623614181125,0.03361922585444716,,0,15
0,0,3,0,Noise,0,0.308328633825529,0.007652584915251294,0.19604454117784667,0.0057321444617540575,0.8690081398854387,0.046088515437143436,0.10249748481011972,46,62
0,0,3,0,Noise,1,0.3627842196674969,0.009342408374577138,0.19114669796600908,0.00786242547778148,0.9025300442757748,0.043552235404596636,0.14134922975567135,46,62
0,0,3,0,Noise,2,0.3251818212304504,0.011203920454341718,0.1988939683585326,0.007324457635041852,0.9447635881573133,0.037696661032776205,0.11359332878061319,46,62
0,0,3,0,Noise,all,0.3320982249078255,0.0053850751465294635,0.19536173583412944,0.0035669085752256247,0.9054339241061756,0.019899023886051873,,0,62
0,0,3,1,Up,0,0.3098391109644753,0.004025159430010825,0.20023083019216872,0.004755898496478828,0.8897196261682243,0.027914729491451063,0.13384520602397,15,15
0,0,3,1,Up,1,0.367185974732204,0.004960536110943686,0.19479090703115104,0.00633268438739513,0.9262745098039216,0.0304918397784406,0.16422773704746824,15,15
0,0,3,1,Up,2,0.33143170825332535,0.008499327928413089,0.2025532272764476,0.004048995878422551,0.9576864535768644,0.02648326846604142,0.1244262473994182,15,15
0,0,3,1,Up,all,0.33615226465000153,0.004099500347005764,0.1991916548332558,0.0027983004559649577,0.9245601965163368,0.015089958545495379,,0,15
0,0,3,2,Down,0,0.29696265201777133,0.007363095646863883,0.19648892115755565,0.0054129112646913525,0.8878504672897196,0.030508329105608877,0.1285421277809631,16,17
0,0,3,2,Down,1,0.36180525046563056,0.006991976825947532,0.18839018582316885,0.0034739639241142205,0.9162629757785467,0.025713246446366664,0.15155660623359546,16,17
0,0,3,2,Down,2,0.323061398368588,0.006362012338875014,0.2013064513073721,0.006362307094438359,0.9554123019070642,0.01674073519079696,0.11908926686162165,16,17
0,0,3,2,Down,all,0.32727643361732994,0.004850468259298436,0.19539518609603218,0.0018923655833377212,0.9198419149917768,0.012937198056822143,,0,17
0,0,3,3,Left,0,0.3049388013264018,0.0050517691928600944,0.20032048368562766,0.005905234089149285,0.9365821094793058,0.0511139668054932,0.13222586467484052,14,14
0,0,3,3,Left,1,0.35379663066088546,0.004541881546431451,0.1959847213768835,0.003507245698973785,0.9574229691876751,0.02326941028389554,0.15895767215085016,14,14
0,0,3,3,Left,2,0.31980831551414746,0.0038975659358321166,0.1975800093639413,0.006233085147656331,0.913894324853229,0.0515319891857446,0.12285120140419817,14,14
0,0,3,3,Left,all,0.3261812491671449,0.0031917220348754607,0.19796173814215082,0.002825665800174046,0.93596646784007,0.01737769796943144,,0,14
0,0,3,4,Right,0,0.30904514038062864,0.005122697266520707,0.19743271003357354,0.0045859938432153,0.8707165109034268,0.023881040823500232,0.12020833876928932,17,18
0,0,3,4,Right,1,0.35947186636991363,0.0049338678020384875,0.19487209099835023,0.005329226370829339,0.9431372549019608,0.04439296382962401,0.1661708117589545,17,18
0,0,3,4,Right,2,0.32780891484394453,0.007209266035122321,0.20307372103583213,0.0028254277746360664,0.9644850329781836,0.02498835758945489,0.12328051668734788,17,18
0,0,3,4,Right,all,0.3321086405314956,0.0032974969516867646,0.19845950735591866,0.0018315833119008894,0.926112932927857,0.017806492193193576,,0,18
0,0,4,0,Noise,0,0.319840661327769,0.01065076917360609,0.1943687089334616,0.005931905461760263,0.8915614828927523,0.044924214383243795,0.10701466575406418,25,57
0,0,4,0,Noise,1,0.3823536727867979,0.00777882764181514,0.19583098386459033,0.009767694144026846,0.8931544547643618,0.0457226307401796,0.12998331822164055,25,57
0,0,4,0,Noise,2,0.32584778948200127,0.00848001603546313,0.19121248994310333,0.008768379428818645,0.8870661502240449,0.05800635443968699,0.10016784733285979,25,57
0,0,4,0,Noise,all,0.34268070786552274,0.005150191967429406,0.1938040609137184,0.004183876644557386,0.8905940292937198,0.022338843744472606,,0,57
0,0,4,1,Up,0,0.3214696948353542,0.006891153732889773,0.19737464808959015,0.004628426857427341,0.8959276018099548,0.05472432436504889,0.12479722502042723,16,16
0,0,4,1,Up,1,0.38481574324882734,0.0028725246813809725,0.19740181810732546,0.007329809283839587,0.9227941176470589,0.032957317862921984,0.13879096250760103,16,16
0,0,4,1,Up,2,0.3238844277469412,0.004038991357520835,0.19640941742254817,0.008294014967726101,0.890422077922078,0.03607106760278985,0.11579098297359801,16,16
0,0,4,1,Up,all,0.3433899552770409,0.0029761894402506052,0.19706196120648795,0.0023277148964310737,0.9030479324596972,0.016705003335035037,,0,16
0,0,4,2,Down,0,0.3100749698412071,0.007411434487889612,0.19510621370517958,0.0020218745296054644,0.9476809954751131,0.011323523761305167,0.1396554225815993,16,16
0,0,4,2,Down,1,0.38417598695813504,0.003568625384512572,0.19355429299673818,0.003613466741044077,0.9247549019607844,0.02721537548559631,0.14413109300490423,16,16
0,0,4,2,Down,2,0.32423776377497665,0.0034450301545798155,0.1914586004446204,0.005657652388818852,0.885551948051948,0.051123048496662056,0.12396389530954507,16,16
0,0,4,2,Down,all,0.3394962401914396,0.003024205717157122,0.19337303571551273,0.0022000570400017164,0.9193292818292819,0.01666417638534084,,0,16
0,0,4,3,Left,0,0.3161037042864635,0.004323485594575966,0.19463621938308814,0.005777227857117591,0.9463046757164404,0.03671523862825415,0.12132655998527203,15,15
0,0,4,3,Left,1,0.3804364682374395,0.004526625065504791,0.1964891161273797,0.003305126857444895,0.9712418300653595,0.020087503785988444,0.1673353427258234,15,15
0,0,4,3,Left,2,0.32643978812514607,0.006735361294497451,0.18746909447218935,0.00454233781801107,0.8796536796536797,0.036667166809648856,0.11010001603690514,15,15
0,0,4,3,Left,all,0.34099332021634965,0.003440839254242925,0.19286480999421907,0.0019482368798813255,0.9324000618118264,0.014711739224882071,,0,15
0,0,4,4,Right,0,0.3198701791384956,0.0050298112701107015,0.19416262249301128,0.006160104862789039,0.9081714133617248,0.029226912398181832,0.1202292325279056,17,17
0,0,4,4,Right,1,0.37680101194697807,0.004505140845789423,0.19919942527676354,0.0042785219793235255,0.9222606689734717,0.054713178481017484,0.1291318851585388,17,17
0,0,4,4,Right,2,0.32718380148223175,0.003870038031340567,0.1909847732519396,0.003948559750297649,0.9343009931245225,0.06204301634835082,0.11584166851266076,17,17
0,0,4,4,Right,all,0.34128499752256847,0.0019506248900830374,0.19478227367390483,0.002913780914836639,0.9215776918199063,0.011897996604263252,,0,17
0,1,0,0,Noise,0,0.37831003089010423,0.009421684431772059,0.19563252026891656,0.005889640978072189,0.9163465642338882,0.03278221619554782,0.11271122241070326,14,44
0,1,0,0,Noise,1,0.42417090280383757,0.007448044015855452,0.1839495349632978,0.010941154506688824,0.8964349376114082,0.03570534290912004,0.15577921493720287,14,44
0,1,0,0,Noise,2,0.4042065174125187,0.008508829898724162,0.19320095334094917,0.005361163077168804,0.873666239863423,0.0534797190122487,0.05262747927642619,14,44
0,1,0,0,Noise,all,0.4022291503688202,0.005632329344389999,0.19092766952438786,0.003886022695451541,0.8954825805695731,0.020224473874167,,0,44
0,1,0,1,Up,0,0.37991813155901677,0.005156372731987773,0.197906143602411,0.003799741356484194,0.9251956181533647,0.03321962575949146,0.10678312814272777,15,15
0,1,0,1,Up,1,0.4244542297003943,0.00520081711316156,0.18831566664820223,0.004863324225820596,0.9286274509803921,0.030383571571349514,0.1424609700259156,15,15
0,1,0,1,Up,2,0.40159931054867576,0.004569045316577723,0.19148083480685835,0.003713879017992067,0.92018779342723,0.02458793129419635,0.08463350037692975,15,15
0,1,0,1,Up,all,0.4019905572693622,0.0028296202642152236,0.19256754835249051,0.0029101440839695404,0.9246702875203289,0.01988594821054606,,0,15
0,1,0,2,Down,0,0.36407910202471316,0.0051172973700532,0.19408985967009243,0.003678315165672151,0.9455951394642365,0.020735741367782317,0.12335520611303066,17,17
0,1,0,2,Down,1,0.4164717265256181,0.0027419210986177572,0.1819151496778051,0.007239194355405976,0.9280276816608997,0.023770867983474834,0.1601567282382932,17,17
0,1,0,2,Down,2,0.3964242495935698,0.004866709136369355,0.196559479425718,0.003419221274109573,0.9320629660314831,0.044881672913565825,0.08767354359206656,17,17
0,1,0,2,Down,all,0.39232502604796704,0.002842206762965043,0.19085482959120514,0.0016707148755729043,0.935228595718873,0.01819968865524049,,0,17
0,1,0,3,Left,0,0.37496187974176937,0.008358093712873112,0.19945459613053573,0.003745316995056497,0.9275234741784038,0.022933923909300387,0.14232294540856497,16,16
0,1,0,3,Left,1,0.4161320905638341,0.005427333911385483,0.1866622830113195,0.0043165083362391495,0.9235294117647059,0.022091116522120376,0.14416814492365912,16,16
0,1,0,3,Left,2,0.39906375557553847,0.00655544018101886,0.1943216984470118,0.0026020098179858724,0.9363262910798122,0.02519330951038201,0.0875848486186271,16,16
0,1,0,3,Left,all,0.3967192419603806,0.004287830533767815,0.1934795258629557,0.0023464831634365424,0.9291263923409739,0.012842770202290337,,0,16
0,1,0,4,Right,0,0.37998234436883355,0.008116336173058137,0.1953666811387919,0.004107178679111598,0.9445422535211268,0.02651474002325104,0.14589254749590827,16,16
0,1,0,4,Right,1,0.42143417215567425,0.00731095597673181,0.18778767775099534,0.004996604543915039,0.9446078431372549,0.028598785899313556,0.1682669364396883,16,16
0,1,0,4,Right,2,0.4073523979655652,0.006006926439022687,0.19455759961438518,0.004418465515313629,0.909330985915493,0.03549572113345145,0.08865601605238653,16,16
0,1,0,4,Right,all,0.402922971496691,0.005739716072127639,0.19257065283472413,0.0019708364675459274,0.9328270275246249,0.011811948831108837,,0,16
0,1,1,0,Noise,0,0.3260028780570836,0.00857562354609142,0.18583363809623143,0.007465842662218575,0.8532517079229882,0.06109270887587028,0.10346027291131824,14,51
0,1,1,0,Noise,1,0.3955140809994842,0.00963677388210334,0.19204407902640871,0.009183510038431045,0.906881968473664,0.02421031947838803,0.13192474199982104,14,51
0,1,1,0,Noise,2,0.33884245796749984,0.007677373276461081,0.18860409379969023,0.007876898956038549,0.948368867197534,0.032499245749959105,0.08743325771328352,14,51
0,1,1,0,Noise,all,0.35345313900802255,0.004301621469710974,0.18882727030744345,0.00449640571161909,0.9028341811980621,0.0157249922796803,,0,51
0,1,1,1,Up,0,0.32930171877263126,0.004947424395912738,0.19141878505797957,0.005586094740193739,0.86701860231272,0.0350200207184129,0.12418943670709123,17,18
0,1,1,1,Up,1,0.4008777939913439,0.0033020143250822565,0.19369384047033295,0.004720799139969741,0.9311546840958607,0.013928128299909926,0.14061310098286076,17,18
0,1,1,1,Up,2,0.3405640727494334,0.005736153379971439,0.187977584958157,0.003274170417895622,0.962882096069869,0.021353562079596995,0.12756754419714392,17,18
0,1,1,1,Up,all,0.3569145285044695,0.002051179420104918,0.1910300701621565,0.0034095096772874555,0.9203517941594832,0.010690266326730534,,0,18
0,1,1,2,Down,0,0.32021961849358244,0.006027526766053004,0.18850626787843466,0.0035275270770556613,0.8871439978706415,0.038143165542023655,0.13582569497980387,16,17
0,1,1,2,Down,1,0.39219270439406523,0.0047504924096305025,0.18951295574471902,0.004091104588486257,0.9220299884659746,0.0303409547487501,0.1571766889853592,16,17
0,1,1,2,Down,2,0.3396196918598718,0.008350278060254701,0.185572248483659,0.0036031241528230694,0.9663498587207809,0.025404786584232567,0.11803530921049266,16,17
0,1,1,2,Down,all,0.3506773382491732,0.004624332918396875,0.18786382403560423,0.0017040370495137278,0.9251746150191323,0.016109574219293682,,0,17
0,1,1,3,Left,0,0.3252473664793256,0.004469905762510195,0.19303046310685504,0.0026920343648133413,0.9449869016432484,0.04767891999714315,0.12811868397233456,18,19
0,1,1,3,Left,1,0.39507862891380846,0.006103277070071904,0.19179895100149014,0.003022188944851165,0.9116615067079463,0.040761859518753524,0.13929584869655154,18,19
0,1,1,3,Left,2,0.3358585607459755,0.005546006704891788,0.18747834361985713,0.0030368505634975635,0.9292116754769019,0.03704159028250675,0.11864925274113418,18,19
0,1,1,3,Left,all,0.3520615187130365,0.0033410500870982,0.19076925257606744,0.0017090147308537792,0.9286200279426989,0.013129098066756766,,0,19
0,1,1,4,Right,0,0.32661250557187144,0.005430923101764537,0.1844528113191173,0.007231026711728881,0.8597285067873304,0.03820401255536446,0.13207040504151127,15,15
0,1,1,4,Right,1,0.3865056496597616,0.0040813947661057426,0.19364055310676878,0.005126652789546342,0.9652287581699347,0.03431145784157031,0.1528374532995177,15,15
0,1,1,4,Right,2,0.34132923170755614,0.0032765436575754488,0.19468074235151892,0.0038500354696306863,0.9787481804949054,0.011655225140045529,0.12858826814852886,15,15
0,1,1,4,Right,all,0.35148246231306307,0.002229846384706239,0.19092470225913502,0.0018243949835387379,0.93456848181739,0.005235622135611819,,0,15
0,1,2,0,Noise,0,0.32280745330593225,0.009591451874591282,0.200704348780036,0.00753928866428056,0.8781982942430704,0.02888519948832991,0.10091178341834854,27,56
0,1,2,0,Noise,1,0.372720413483236,0.006953453105908252,0.19341732810910256,0.008421441814584004,0.9091736694677871,0.017454313378592344,0.1291478867804514,27,56
0,1,2,0,Noise,2,0.323022088230741,0.007711923534490648,0.1925056184977459,0.005972617393586567,0.9461053652230123,0.013705031052245773,0.08082277448951425,27,56
0,1,2,0,Noise,all,0.3395166516733031,0.00501424306626379,0.19554243179562816,0.003688443780182012,0.9111591096446233,0.012348810720867527,,0,56
0,1,2,1,Up,0,0.3311308319167589,0.005974296707798141,0.20510411415701174,0.004383074112774107,0.8962331201137171,0.01973097662415358,0.11796104536143237,20,21
0,1,2,1,Up,1,0.37126228811803386,0.004391915246369418,0.1935370095889784,0.007454342783906059,0.9284780578898226,0.0169539150502803,0.14928046490603653,20,21
0,1,2,1,Up,2,0.32097512362700953,0.005052849950813454,0.19252606095393526,0.006042358617846413,0.9547511312217194,0.013574660633484186,0.1123734321894754,20,21
0,1,2,1,Up,all,0.34112274788726743,0.002883306812271421,0.19705572823330847,0.0034536916504495124,0.9264874364084198,0.009813068743257209,,0,21
0,1,2,2,Down,0,0.319405530202785,0.007697009498366916,0.20087883698192327,0.003662726742411735,0.9147595356550581,0.014549479648603278,0.12529822505644087,14,15
0,1,2,2,Down,1,0.36476325473618654,0.005382253079440637,0.18980665529469568,0.002823547787369703,0.9184313725490196,0.01881886029860549,0.14913182182945522,14,15
0,1,2,2,Down,2,0.3225779657639097,0.006718457555864363,0.19309453366321788,0.003996167458958641,0.9559577677224737,0.013837856438223243,0.1291379727082997,14,15
0,1,2,2,Down,all,0.3355822502342937,0.004642994021168185,0.1945933419799456,0.0015822218666590926,0.9297162253088503,0.007464280970293044,,0,15
0,1,2,3,Left,0,0.3281693001591835,0.007116390875550287,0.20502656543604436,0.0033612597878465403,0.9376646180860404,0.03518461491706327,0.13928847940655498,16,17
0,1,2,3,Left,1,0.3722800365364277,0.003762808910964517,0.194439559957014,0.004869669663272665,0.9529411764705882,0.014002800840280107,0.16893476267779706,16,17
0,1,2,3,Left,2,0.3183777720456259,0.005082363987635237,0.19288422262029914,0.004403931510545612,0.955283470854405,0.014564439260250372,0.13610462371620266,16,17
0,1,2,3,Left,all,0.339609036247079,0.0022357190231855613,0.1974501160044525,0.00256098755863977,0.9486297551370112,0.012608470429747208,,0,17
0,1,2,4,Right,0,0.33362258591461474,0.004508964758573709,0.20079780050827964,0.005166138853295056,0.9014303482587065,0.011230822159811813,0.13565520037057682,16,16
0,1,2,4,Right,1,0.3688102637478787,0.0043866586008171615,0.19379333716918976,0.0039969833606644245,0.9583333333333334,0.01833097394905133,0.1653478231024949,16,16
0,1,2,4,Right,2,0.32460606815565385,0.003982406758560786,0.19580930859575907,0.003369232517752977,0.9629524886877828,0.018635998063539484,0.12476389504922318,16,16
0,1,2,4,Right,all,0.3423463059393824,0.0026886132633582444,0.19680014875774282,0.0022420534252176037,0.9409053900932742,0.008296878376783438,,0,16
0,1,3,0,Noise,0,0.3204067356269007,0.009236086691630866,0.20128363862823503,0.006886055068958206,0.8888150609080843,0.05232819153720388,0.08218741907172214,12,43
0,1,3,0,Noise,1,0.3693572930387636,0.011449761473214842,0.19462419575058884,0.01066782824212482,0.8753305973552212,0.06728748201367583,0.12476019850134816,12,43
0,1,3,0,Noise,2,0.3186154259662333,0.010701866805163917,0.19452814655989,0.009729699551016652,0.9389402145056812,0.039039452424739864,0.0920640760179275,12,43
0,1,3,0,Noise,all,0.33612648487729924,0.007327476357247528,0.19681199364623794,0.005169063889102473,0.9010286242563288,0.03529873576684856,,0,43
0,1,3,1,Up,0,0.3233941895358963,0.009101597258766608,0.20710487870337313,0.005336873709546457,0.9420168067226892,0.022851890152751516,0.12019552967347022,17,17
0,1,3,1,Up,1,0.3683645587800454,0.0060664073089284586,0.19371744901448584,0.008576793093624111,0.9058823529411765,0.052959328768899964,0.1282566477523741,17,17
0,1,3,1,Up,2,0.31980991782709856,0.003927288192051215,0.19193849444714217,0.00632186978910709,0.9274778404512489,0.026766052254607278,0.10183662184934095,17,17
0,1,3,1,Up,all,0.3371895553810134,0.0051491146400513485,0.19758694072166705,0.00629502057835064,0.9251256667050383,0.027851646051597772,,0,17
0,1,3,2,Down,0,0.31029110755003037,0.00486881881691676,0.20197551645793865,0.0029970925094532854,0.9761904761904762,0.014384578539993573,0.13181702818374383,17,17
0,1,3,2,Down,1,0.36683523851389926,0.004754972938777559,0.1956690958124265,0.005870621146135557,0.9190311418685121,0.046129324761812335,0.1609688078626337,17,17
0,1,3,2,Down,2,0.32451002471203055,0.007940640376023723,0.1987517730761259,0.00615367859084228,0.9556809024979855,0.023325954849118438,0.12379293986806346,17,17
0,1,3,2,Down,all,0.3338787902586534,0.003767813398796573,0.19879879511549703,0.0022431016518198446,0.9503008401856579,0.012755600588838987,,0,17
0,1,3,3,Left,0,0.3284286861597948,0.004735122061680942,0.20602468226853637,0.0021923507039701843,0.9704260651629072,0.02552442880913907,0.14312917077173964,19,19
0,1,3,3,Left,1,0.37405226230148064,0.007489170751783357,0.20252414748443737,0.0028357620605687565,0.9500515995872033,0.021111904526386827,0.15997814261182558,19,19
0,1,3,3,Left,2,0.3119405792513234,0.00647780781305263,0.1917305251318174,0.004738764377706679,0.9545782263878875,0.022238567215638418,0.12146266828926752,19,19
0,1,3,3,Left,all,0.33814050923753297,0.0030692253505266065,0.20009311829493037,0.0018557568718690232,0.958351963712666,0.01354407475916053,,0,19
0,1,3,4,Right,0,0.3237312549677648,0.004254066778329904,0.20424889241248737,0.0042798832915376915,0.9095238095238094,0.03681316001332586,0.13830253790002967,18,18
0,1,3,4,Right,1,0.3634714006825759,0.006065634685752639,0.1946674400006483,0.008023112401296429,0.9357298474945535,0.03951761254690049,0.17946857810587494,18,18
0,1,3,4,Right,2,0.3243178156891609,0.0040889810247118005,0.2012128914039294,0.004585466701513869,0.958396752917301,0.030365201435707735,0.13240371423895247,18,18
0,1,3,4,Right,all,0.33717349044650047,0.002335018986332084,0.20004307460568838,0.0026790201847329337,0.9345501366452214,0.018369367209196734,,0,18
0,1,4,0,Noise,0,0.33430274763396617,0.010991526436283587,0.18745723955983967,0.012018876267245737,0.8511467889908257,0.06471354998076248,0.08628764461369139,10,40
0,1,4,0,Noise,1,0.4022214712127905,0.010133238772622725,0.19181054496296607,0.011441391959704289,0.8884313725490196,0.05235001300507122,0.13047172764423848,10,40
0,1,4,0,Noise,2,0.359286999681364,0.008025181906440252,0.1903469093547801,0.006763643125831726,0.9220394736842105,0.0418392912949005,0.08228816284622467,10,40
0,1,4,0,Noise,all,0.36527040617604023,0.006352173809847609,0.18987156462586194,0.005734833822520327,0.8872058784080187,0.03158489137472253,,0,40
0,1,4,1,Up,0,0.3430555156295769,0.0073420541099408695,0.19570333749646285,0.006318502752070495,0.88676967648479,0.051966460635947447,0.11300001254751064,18,19
0,1,4,1,Up,1,0.4039371131247323,0.008201044886947511,0.19278025615060337,0.005932244962663205,0.9252837977296182,0.024331769403026865,0.1304711887922022,18,19
0,1,4,1,Up,2,0.35537517452828155,0.005224894900784606,0.1874421964114941,0.003607748296587048,0.9058171745152354,0.0215050687943815,0.1106642886873761,18,19
0,1,4,1,Up,all,0.3674559344275303,0.004573769030510744,0.19197526335285345,0.003146892923509156,0.9059568829098812,0.02332066799221555,,0,19
0,1,4,2,Down,0,0.3297150866541152,0.004163261920015553,0.1879945535266704,0.008058587362175145,0.9071100917431193,0.04496036903572439,0.12711144534021857,16,16
0,1,4,2,Down,1,0.4005711858162745,0.005733172347352588,0.19334944425941947,0.004796295903834195,0.9379901960784314,0.023538941425313195,0.16101780231009177,16,16
0,1,4,2,Down,2,0.35278739000532866,0.005776556078694662,0.1902822497170292,0.004952970585414073,0.9462719298245614,0.04746848862705863,0.1236927728168298,16,16
0,1,4,2,Down,all,0.36102455415857276,0.003088826033186996,0.19054208250103968,0.002640061795986153,0.9304574058820373,0.011529974630370048,,0,16
0,1,4,3,Left,0,0.345348091915216,0.00502364776446384,0.2009055943444374,0.0032973953095617177,0.9589704383282365,0.02529536683103151,0.13256903691936203,18,18
0,1,4,3,Left,1,0.402996217086582,0.005814747208315184,0.19869264892307623,0.005498833054881339,0.9599128540305011,0.019378383123106364,0.1700657156386897,18,18
0,1,4,3,Left,2,0.354799629280359,0.0067151458412214255,0.18879656732437486,0.003393826186754381,0.9264132553606239,0.029844115621060104,0.10575262865284202,18,18
0,1,4,3,Left,all,0.36771464609405236,0.0040921824683207535,0.19613160353062947,0.0029134890206869283,0.9484321825731205,0.021725901326592856,,0,18
0,1,4,4,Right,0,0.3381238882663239,0.004626281949897097,0.18937210460202386,0.009386306657389668,0.8774959525094442,0.051891782548925805,0.10896211186198346,17,17
0,1,4,4,Right,1,0.3991213355829511,0.004105271461723851,0.19107830627799083,0.004448599392500188,0.9206459054209919,0.025015543486520637,0.15004192939085478,17,17
0,1,4,4,Right,2,0.3557414743998345,0.00540485416836265,0.19185943923628446,0.0072129012720625755,0.9171826625386996,0.03642867818268407,0.10963046656506249,17,17
0,1,4,4,Right,all,0.3643288994163698,0.003005550705876905,0.19076995003876637,0.002025726212021745,0.905108173489712,0.019723865060024166,,0,17
0,2,0,0,Noise,0,0.4233303121064689,0.008036082366510454,0.19200965117584792,0.006877566278155478,0.9564206268958544,0.029373516431346006,0.09236895278863866,11,43
0,2,0,0,Noise,1,0.4075768215123759,0.010935384447872348,0.17589912556969026,0.006857864672886741,0.9246694026447788,0.038352384953690984,0.12662370027537995,11,43
0,2,0,0,Noise,2,0.4385086603345253,0.008511523827268134,0.1951270132418084,0.009779272891497602,0.9168458080906781,0.03996130761861518,0.0876732369529343,11,43
0,2,0,0,Noise,all,0.4231385979844567,0.004338161841549639,0.18767859666244888,0.0040712062073368594,0.9326452792104372,0.02350801347318561,,0,43
0,2,0,1,Up,0,0.4248984557614973,0.003012153586369427,0.19611074485086266,0.0054405928834463275,0.9628019323671497,0.01809461660425503,0.15259987036355876,18,18
0,2,0,1,Up,1,0.4186448327488075,0.0076852373784579995,0.17531199051593527,0.0033506791031474707,0.9790849673202615,0.01738235407961662,0.12548163242393914,18,18
0,2,0,1,Up,2,0.44082929998127846,0.008192292045858585,0.19824275661103316,0.004688502446812952,0.9626517273576096,0.028200055426993383,0.12097747873391566,18,18
0,2,0,1,Up,all,0.4281241961638611,0.002317840141599414,0.1898884973259437,0.0019419406898497852,0.9681795423483402,0.013921152818484444,,0,18
0,2,0,2,Down,0,0.4176684698416555,0.008568136214930772,0.19378819672469927,0.0031467416005198172,0.9768878718535469,0.02003214344003769,0.12032252793660923,18,19
0,2,0,2,Down,1,0.40459411119484956,0.003987117723683753,0.17542963518175428,0.004345294087475058,0.956656346749226,0.01900932652107794,0.14446137942223428,18,19
0,2,0,2,Down,2,0.44209590913972674,0.005293592567775048,0.1955709996019106,0.008129909311930774,0.9155241043785934,0.041213010351421255,0.12003062460710165,18,19
0,2,0,2,Down,all,0.421452830058744,0.003606840071260606,0.18826294383612138,0.004074394717388162,0.9496894409937888,0.015571597683876063,,0,19
0,2,0,3,Left,0,0.42856925517556355,0.0049499707973688495,0.1933434166074358,0.003832056545247411,0.9478260869565217,0.016739711684862997,0.1496568801745167,18,18
0,2,0,3,Left,1,0.40096494648841724,0.002071230201877391,0.174289120881482,0.00453859941413702,0.9459694989106754,0.03195977398946715,0.1367406579155116,18,18
0,2,0,3,Left,2,0.4408815800461453,0.00485024623413671,0.19533779701689452,0.007064230406609664,0.903361344537815,0.041092148875863106,0.10727486638605788,18,18
0,2,0,3,Left,all,0.4234719272367087,0.0019967495361441325,0.1876567781686041,0.0026917086751381057,0.9323856434683374,0.023163132652950783,,0,18
0,2,0,4,Right,0,0.421176583379241,0.004702340571771749,0.19389573016696882,0.00457654587089718,0.979633867276888,0.014854374785945822,0.15953559434604883,19,19
0,2,0,4,Right,1,0.4086179280106662,0.008522248440622715,0.17383532778050828,0.005161237313529762,0.93890608875129,0.026990086337713208,0.13714151822878007,19,19
0,2,0,4,Right,2,0.44270354518796945,0.008986522346331636,0.19646767533875997,0.005028068855365052,0.9473684210526315,0.025068401315417137,0.10904379243090996,19,19
0,2,0,4,Right,all,0.4241660188592922,0.0022407632517362193,0.1880662444287457,0.0036714820308982863,0.9553027923602698,0.015133809880514517,,0,19
0,2,1,0,Noise,0,0.4166814252014136,0.01096976011865976,0.18198008897996137,0.005323595782639293,0.9096069868995633,0.05401176844978614,0.08236249971902439,9,40
0,2,1,0,Noise,1,0.41263393827197986,0.009303020464050456,0.1775078993209172,0.006834345249654942,0.9305882352941177,0.041016471929557784,0.11553525197921077,9,40
0,2,1,0,Noise,2,0.45088012303725494,0.012294326631444105,0.19371354049679826,0.006509120440609788,0.9005274261603375,0.032401269376072704,0.08148135041099944,9,40
0,2,1,0,Noise,all,0.42673182883688277,0.007649752414626711,0.1844005095992256,0.004341320978880978,0.9135742161180062,0.032325597723056425,,0,40
0,2,1,1,Up,0,0.41955959448191915,0.004217288769954825,0.18647982598436727,0.004613221688449098,0.9351216469120399,0.03340784635417107,0.14537061074902205,20,21
0,2,1,1,Up,1,0.420666133679734,0.005955950421530808,0.17687961805365254,0.004893503676153721,0.9843137254901961,0.01221365608031171,0.10627770217791963,20,21
0,2,1,1,Up,2,0.45351426349704865,0.006050208282263012,0.19489782713925802,0.0033155155070725964,0.9266626481816355,0.04122248832311404,0.09953338673757586,20,21
0,2,1,1,Up,all,0.4312466638862339,0.0027182276222391835,0.18608575705909264,0.002754198149628157,0.9486993401946239,0.021341634836470467,,0,21
0,2,1,2,Down,0,0.40990077881626424,0.0034167051293020213,0.18831198219379572,0.0037498524171197755,0.9440502183406113,0.02572190791620007,0.11383225243995622,16,16
0,2,1,2,Down,1,0.41806203440375045,0.00328315341997384,0.1759576564174026,0.005045047178278371,0.9355392156862745,0.024087871518131163,0.12933617179533677,16,16
0,2,1,2,Down,2,0.44576907024245327,0.013027687731073309,0.19094963769284012,0.004378289289466383,0.9018987341772152,0.01705253959631804,0.11801476334174056,16,16
0,2,1,2,Down,all,0.4245772944874893,0.004999187962168211,0.18507309210134615,0.002206940124354365,0.9271627227347004,0.01634379615111814,,0,16
0,2,1,3,Left,0,0.42014632331880525,0.003553018327426538,0.18480788665251802,0.005276607511256132,0.9354171454837967,0.042576828457417434,0.11555083498289635,19,19
0,2,1,3,Left,1,0.41074437687048154,0.004120040310076726,0.1692423904872636,0.008680375135493558,0.9234262125902993,0.039570689903359046,0.12980878700420453,19,19
0,2,1,3,Left,2,0.45571552526676085,0.008783946601360714,0.19166014832866335,0.003484325926329083,0.8985121030424161,0.017705531835605415,0.11686799944907471,19,19
0,2,1,3,Left,all,0.4288687418186826,0.003022131866849734,0.18190347515614833,0.0028529095114470894,0.9191184870388375,0.013923520997962338,,0,19
0,2,1,4,Right,0,0.4219473111104999,0.0037795000670549366,0.18274266798664565,0.005885358219206242,0.9740417273168364,0.026687501745673796,0.14624471490713997,18,18
0,2,1,4,Right,1,0.4140852026246696,0.008242749501622109,0.17790670839600636,0.006378502765101556,0.9490196078431372,0.02943866512999907,0.12934551291005467,18,18
0,2,1,4,Right,2,0.45836639366221515,0.005954372026153366,0.19679240825757924,0.004215291813967693,0.9184247538677918,0.030836857762218704,0.11643179637622317,18,18
0,2,1,4,Right,all,0.43146630246579487,0.0031821509278431876,0.18581392821341045,0.0021434427817063257,0.9471620296759219,0.022641224807682155,,0,18
0,2,2,0,Noise,0,0.41198655998308853,0.010339928274442639,0.1831857497282004,0.006424651008601853,0.9182370820668693,0.03507797198597459,0.08328267844859866,4,28
0,2,2,0,Noise,1,0.4123311046017727,0.00697226937635178,0.17221863506313786,0.006758370998856834,0.9096638655462185,0.030366628167974877,0.1261897524622497,4,28
0,2,2,0,Noise,2,0.43503598250364867,0.007918004431669241,0.18575026717496024,0.005802676721845522,0.8650633640552996,0.035331522064477656,0.0897028313927041,4,28
0,2,2,0,Noise,all,0.41978454902950324,0.005857476027239137,0.1803848839887662,0.003570473767253947,0.8976547705561292,0.016584413574583123,,0,28
0,2,2,1,Up,0,0.4098353487094248,0.0043558403579604015,0.18780476312073796,0.003942843591179504,0.9336170212765957,0.027797914017614167,0.14373271307848293,19,20
0,2,2,1,Up,1,0.41775289421807293,0.0035424629703453914,0.17727177734734692,0.003390414670140517,0.9831372549019608,0.01553591507823201,0.11942878657872157,19,20
0,2,2,1,Up,2,0.42821460171338543,0.0035415992299024633,0.1839725581085684,0.0035213725362420218,0.8846774193548388,0.02338050958108029,0.1114344090073045,19,20
0,2,2,1,Up,all,0.4186009482136277,0.0027519682054184817,0.18301636619221776,0.002507091504746819,0.9338105651777984,0.012535056399828257,,0,20
0,2,2,2,Down,0,0.39889375359185586,0.0027931379940105538,0.1865820167874087,0.0034250460681598477,0.9424280350438048,0.012776382893582242,0.11166555653050045,17,17
0,2,2,2,Down,1,0.41227786980711406,0.004491054096158183,0.16802452521023242,0.004757680188753378,0.9155709342560554,0.030125893959332583,0.1485283504539955,17,17
0,2,2,2,Down,2,0.4338045451428427,0.005885667079863358,0.18421248301721063,0.0023687273681977676,0.87926944971537,0.01061780417514008,0.12652855152057876,17,17
0,2,2,2,Down,all,0.41499205618060425,0.0015265662778924651,0.17960634167161726,0.002849987300762484,0.91242280633841,0.011413876114037897,,0,17
0,2,2,3,Left,0,0.41456101633585657,0.007310566852931555,0.18310149411380178,0.004607854886786325,0.9247480403135498,0.020261984697953487,0.13180134133854857,19,19
0,2,2,3,Left,1,0.414798619843808,0.004503231699260429,0.17021700612479482,0.003191410050416833,0.9207430340557274,0.015164466232898004,0.161913359202606,19,19
0,2,2,3,Left,2,0.43566020304428127,0.006608054380433421,0.18328454412897432,0.004470526847769194,0.8845500848896434,0.007508922304380515,0.1188094336774198,19,19
0,2,2,3,Left,all,0.4216732797413153,0.004219518278479418,0.178867681455857,0.0026807009723367,0.9100137197529736,0.009696321124070404,,0,19
0,2,2,4,Right,0,0.4100370851170283,0.0037275367543999284,0.1852057915213451,0.004224878139438587,0.9631205673758865,0.0159408897555589,0.1470412584461506,21,21
0,2,2,4,Right,1,0.4161630620440441,0.006525138541623597,0.1760524153041656,0.004237639107788134,0.9200746965452847,0.02065725835913609,0.15806866160093583,21,21
0,2,2,4,Right,2,0.4323825620348917,0.003973474516792386,0.18198249351533913,0.0027614018745529515,0.8600230414746545,0.024565119012484333,0.12266944621805734,21,21
0,2,2,4,Right,all,0.41952756973198807,0.002537157132946027,0.18108023344694996,0.0025873918283443355,0.9144061017986086,0.009442875010187687,,0,21
0,2,3,0,Noise,0,0.42070981708654576,0.010471499895392256,0.19229502090434375,0.005402931488480586,0.921898355754858,0.03195025118572965,0.07780175168418249,4,36
0,2,3,0,Noise,1,0.4051379862280813,0.006885686094036773,0.16925839983808316,0.008617808368896477,0.8946623093681918,0.028513302645817463,0.13566092684165143,4,36
0,2,3,0,Noise,2,0.4329136768301256,0.009755468177941392,0.1921015709260595,0.006194132081444889,0.9416666666666667,0.019565217391304297,0.11072362142028883,4,36
0,2,3,0,Noise,all,0.41958716004825086,0.0049664602510158485,0.18455166388949545,0.003964983005645409,0.9194091105965723,0.0195001061086689,,0,36
0,2,3,1,Up,0,0.4196744346434985,0.008447698683359633,0.193569211004753,0.004705501366114847,0.9446935724962631,0.029385433799279614,0.12931946941513972,18,18
0,2,3,1,Up,1,0.4183503357558397,0.005972936768442131,0.17453293014738172,0.00468585025641152,0.9847494553376906,0.0104958926755873,0.11372230775044725,18,18
0,2,3,1,Up,2,0.44470396469829754,0.004354103101420353,0.19909722085948245,0.0036628178666601647,0.9678743961352657,0.021202527648132696,0.10940348209845017,18,18
0,2,3,1,Up,all,0.4275762450325453,0.0029202672661261526,0.18906645400387237,0.00234423806839983,0.9657724746564065,0.007383878225876103,,0,18
0,2,3,2,Down,0,0.40880813901664237,0.004773109407471847,0.19478643007065147,0.0029434107386518142,0.9621325361235675,0.02165518231441082,0.11336647654756887,18,18
0,2,3,2,Down,1,0.4051751025735271,0.004738600453014337,0.17234789024035851,0.005619105012119453,0.9122004357298474,0.010078183535061116,0.13308008077442307,18,18
0,2,3,2,Down,2,0.43800104220222397,0.005104101046893682,0.1946313388248636,0.003201906355460704,0.9364734299516909,0.007624410353962491,0.11926291392483696,18,18
0,2,3,2,Down,all,0.4173280945974645,0.003326751739286249,0.18725521971195785,0.002773192126222066,0.9369354672683686,0.008325559278010134,,0,18
0,2,3,3,Left,0,0.4235673307930203,0.010256401491214578,0.1930703436243261,0.0051435767342222355,0.9361646003692957,0.0183205543834178,0.1051280320619281,17,17
0,2,3,3,Left,1,0.4022740611601679,0.003965084274392504,0.16962067636890782,0.00666897038351535,0.9222606689734717,0.011453002618045147,0.15908567810009602,17,17
0,2,3,3,Left,2,0.4276457963567615,0.004949758855993317,0.19103109540125543,0.003599107850177856,0.9383631713554986,0.011930336357739772,0.11331758254236814,17,17
0,2,3,3,Left,all,0.4178290627699832,0.0035800730445697173,0.18457403846482978,0.0030695860185844916,0.9322628135660888,0.010035457919069648,,0,17
0,2,3,4,Right,0,0.41988885901055484,0.0041003502212875065,0.19461738950429908,0.003188212342967421,0.9616591928251121,0.018082664984596493,0.1292696158210978,20,20
0,2,3,4,Right,1,0.4043786674085341,0.007518287799846806,0.1744575180034748,0.0053837035465509,0.9209803921568627,0.020447452219589723,0.1302045642727041,20,20
0,2,3,4,Right,2,0.44609384939333446,0.008738797003280032,0.1952393990989897,0.005510852081454531,0.9539130434782608,0.019566488644181933,0.09854997758993808,20,20
0,2,3,4,Right,all,0.42345379193747446,0.004086957006495681,0.1881047688689212,0.0031312721218525953,0.9455175428200786,0.013294450721554977,,0,20
0,2,4,0,Noise,0,0.42368330054616055,0.008667911940915062,0.18168520109911387,0.006670557292491652,0.916791604197901,0.04705367419634116,0.08911785095400569,6,29
0,2,4,0,Noise,1,0.4218376071526996,0.010942350516591088,0.17386868906795314,0.005689247216790382,0.9118323191345503,0.025080103221193736,0.0753694331085246,6,29
0,2,4,0,Noise,2,0.413994197644847,0.009214139602291284,0.1908566104828621,0.007277283039098467,0.9232934553131598,0.0520922893027496,0.07952868894497013,6,29
0,2,4,0,Noise,all,0.4198383684479024,0.005896251438673686,0.18213683354997637,0.0034070044216480727,0.9173057928818704,0.020296687047854405,,0,29
0,2,4,1,Up,0,0.42164453627690834,0.004536437681363299,0.1847834085687755,0.0036848465587484827,0.9585677749360615,0.039733209025667335,0.12741045358057623,17,17
0,2,4,1,Up,1,0.4228044505310309,0.008746900004337631,0.1732287568716824,0.003260981298661452,0.9750865051903115,0.020794539496631025,0.11675162592246809,17,17
0,2,4,1,Up,2,0.41743744450994735,0.00392107395059518,0.18867527620210472,0.004787471094196088,0.9193277310924369,0.04121058089680809,0.11484862387048447,17,17
0,2,4,1,Up,all,0.4206288104392955,0.004352189888883113,0.18222914721418756,0.00232487231874452,0.9509940037396033,0.012792874537619726,,0,17
0,2,4,2,Down,0,0.4222888259311581,0.002929418346908883,0.1847385232486951,0.0015965857294633437,0.9590792838874681,0.01383972047341145,0.12454470419852093,17,17
0,2,4,2,Down,1,0.42026807228333213,0.007537039385838398,0.17190709972500098,0.0035359828410574316,0.9271049596309112,0.01525502945719009,0.11638738193850492,17,17
0,2,4,2,Down,2,0.4156534551264482,0.005526505053119846,0.19216598905778862,0.003396714352921332,0.9584633853541417,0.00991795729790315,0.13904394551243926,17,17
0,2,4,2,Down,all,0.41940345111364613,0.002943990661269276,0.1829372040104949,0.0015779638074312529,0.9482158762908403,0.006831430321664784,,0,17
0,2,4,3,Left,0,0.42364909450861654,0.0038291366707996458,0.18630909951072527,0.002870174799689682,0.9493478260869566,0.010100972665598345,0.1265515353167108,20,20
0,2,4,3,Left,1,0.4249032972821752,0.0062472371745012694,0.17279609532649892,0.00266101802992197,0.9123529411764706,0.011817905173800422,0.13160325381250848,20,20
0,2,4,3,Left,2,0.41560916299536493,0.006539498821106563,0.1952304124317194,0.0033171330778783304,0.9706122448979592,0.014238066926896045,0.13954384899344405,20,20
0,2,4,3,Left,all,0.4213871849287189,0.0017298549846564194,0.1847785357563145,0.0018298968432559832,0.9441043373871288,0.007773090827420295,,0,20
0,2,4,4,Right,0,0.4208068509851946,0.004536123177437632,0.1823762904024841,0.0037732905695593466,0.9462242562929063,0.040997090749693973,0.1540580173618493,19,19
0,2,4,4,Right,1,0.4269529590781243,0.007632085196764818,0.17644176026454264,0.0048653512388028486,0.9471620227038183,0.017261259526571173,0.12785698246511007,19,19
0,2,4,4,Right,2,0.4195238127781512,0.010593512051198462,0.18916494657017408,0.005104560658170398,0.9493018259935554,0.04036750489993566,0.0965185750264653,19,19
0,2,4,4,Right,all,0.4224278742804901,0.003996896467292899,0.18266099907906694,0.0029168913926188077,0.9475627016634267,0.015306605596460408,,0,19
0,3,0,0,Noise,0,0.45745707466603536,0.010922902269713283,0.18013769977573504,0.005239375965958279,0.878024788510722,0.02895664905009571,0.10362348819513931,4,23
0,3,0,0,Noise,1,0.4475566535561476,0.009237785977244352,0.17074322158162666,0.009187351931523617,0.9589087809036658,0.025493474771103992,0.08495389917107474,4,23
0,3,0,0,Noise,2,0.44564517663860237,0.0102628643040909,0.18768627456998854,0.006371210334516704,0.90751960085531,0.017247946048196527,0.08311031217000331,4,23
0,3,0,0,Noise,all,0.4502196349535951,0.0057840319560437305,0.1795223986424501,0.004101499746484052,0.9148177234232326,0.010203886818007917,,0,23
0,3,0,1,Up,0,0.4643205751870346,0.006658489144097888,0.17769172735898434,0.0028064157183070857,0.9137609795049242,0.02137204403609115,0.12616763437295675,17,17
0,3,0,1,Up,1,0.45001426644492193,0.004682074663760709,0.17159503857281683,0.004314246988491529,0.9720876585928488,0.011836574027160707,0.09949586562323368,17,17
0,3,0,1,Up,2,0.4462597867683967,0.0077298471307565815,0.1832849327348579,0.006715290578464826,0.9556412729026036,0.026171622783098692,0.11891141153043827,17,17
0,3,0,1,Up,all,0.45353154280011776,0.004556400696563574,0.17752389955555303,0.003330869358519589,0.9471633036667922,0.015052702772952942,,0,17
0,3,0,2,Down,0,0.4627527393393208,0.006182231679844587,0.18321870429759604,0.002992884544324439,0.9316742081447964,0.02254809698250769,0.12713707001729604,20,20
0,3,0,2,Down,1,0.44822879302526486,0.006822331800528039,0.16679140777266352,0.003958690955073554,0.9607843137254901,0.014673166222642905,0.14192834812771532,20,20
0,3,0,2,Down,2,0.4445705005496312,0.006975486837580046,0.18345300610460502,0.0033171763653584273,0.9061475409836065,0.01595066404584156,0.10389918679651522,20,20
0,3,0,2,Down,all,0.4518506776380723,0.002316181961275296,0.17782103939162153,0.0019094520414808577,0.9328686876179644,0.008252937686168856,,0,20
0,3,0,3,Left,0,0.4694960729616851,0.00737644430406212,0.18085681991202895,0.0041416662395384884,0.9690402476780186,0.020081479791302106,0.1194616217238917,19,19
0,3,0,3,Left,1,0.44948886166405844,0.004780561690353765,0.1612483192197466,0.004619605870731541,0.9479876160990712,0.015458150867223899,0.13751061846919724,19,19
0,3,0,3,Left,2,0.44221264109537867,0.006397608268190478,0.18522425450012103,0.00377391079866816,0.9156600517687662,0.02237752412615078,0.11886450791543911,19,19
0,3,0,3,Left,all,0.45373252524037405,0.0036939761124876827,0.17577646454396553,0.0026929108071325107,0.944229305181952,0.010369201608390855,,0,19
0,3,0,4,Right,0,0.45449537354468394,0.005753462297208265,0.17853880284456303,0.0046180753079450845,0.8853695324283559,0.01868883649884692,0.13357507998656593,18,18
0,3,0,4,Right,1,0.4429956029902527,0.0070094425301330445,0.1720146226339164,0.004979405440592427,0.984967320261438,0.012988971890696487,0.14103128411474863,18,18
0,3,0,4,Right,2,0.4504272983098507,0.0065302832396061765,0.1869353606520986,0.0065687077952224,0.924863387978142,0.02490953009274734,0.14239094064630728,18,18
0,3,0,4,Right,all,0.44930609161492907,0.0034896842456762127,0.17916292871019268,0.0029753845294278017,0.9317334135559787,0.007048421291227401,,0,18
0,3,1,0,Noise,0,0.4326523140861195,0.009995263264022131,0.17707297601639369,0.008934287522506384,0.8894080996884736,0.04001336701416782,0.07765489430149779,33,63
0,3,1,0,Noise,1,0.41248926532159863,0.010001039406019324,0.16647852151589418,0.006313614359141381,0.8890756302521008,0.03593092368031647,0.10529331810930216,33,63
0,3,1,0,Noise,2,0.42889793769582385,0.009594739149351146,0.19203135167205798,0.006625087900146729,0.9331808414777847,0.03291862041382083,0.09643291994082633,33,63
0,3,1,0,Noise,all,0.424679839034514,0.0055126889079742825,0.1785276164014486,0.003708212620595579,0.9038881904727863,0.023615949923997515,,0,63
0,3,1,1,Up,0,0.43486718556532206,0.0048269392816404745,0.17900546160726527,0.009370270723952833,0.926217412690605,0.0272732024514507,0.11809831277513969,19,19
0,3,1,1,Up,1,0.4154178928452654,0.008094069978479917,0.17136212826446884,0.004035072772713668,0.9558307533539732,0.030456172801671066,0.09681673131732711,19,19
0,3,1,1,Up,2,0.43485429610737003,0.005173876179757013,0.19080595239042783,0.0049073731292010305,0.9517352332797058,0.0323351784310498,0.11356281712378652,19,19
0,3,1,1,Up,all,0.4283797915059859,0.004082296445612111,0.18039118075405397,0.002141006571311623,0.944594466441428,0.016115314920421946,,0,19
0,3,1,2,Down,0,0.43101646193855025,0.0065326349961932605,0.1810467329991475,0.0035468002043156596,0.9362286970863112,0.021914167608205245,0.10860221777629622,17,17
0,3,1,2,Down,1,0.4222175602541586,0.006942713876958805,0.1678001383536266,0.002660690708426991,0.9014994232987313,0.02904617070401295,0.11932033929389971,17,17
0,3,1,2,Down,2,0.4289189986247167,0.0063244058672672155,0.19340225291280105,0.003850839858804277,0.9422039558181351,0.021753640747436846,0.11304040612346868,17,17
0,3,1,2,Down,all,0.4273843402724752,0.003053309357591285,0.18074970808852503,0.0017567573903307266,0.9266440254010592,0.012239764332289483,,0,17
0,3,1,3,Left,0,0.43583870387303936,0.007421482176213861,0.17303579862823648,0.004188241376188514,0.8997923156801662,0.020849971263440844,0.1069314008711838,16,18
0,3,1,3,Left,1,0.4171769444036667,0.008794609748312485,0.1662504913774845,0.00435635486446385,0.9061002178649237,0.020596624740847412,0.12868534072172547,16,18
0,3,1,3,Left,2,0.43543233926173147,0.00723615711572787,0.1928316780878746,0.0026640429658877887,0.9429888403687531,0.029786059104266644,0.10623135791989861,16,18
0,3,1,3,Left,all,0.42948266251281253,0.004139513594344203,0.17737265603119853,0.002046887776872376,0.9162937913046143,0.01357962281085332,,0,18
0,3,1,4,Right,0,0.4355348979899607,0.005098516618293985,0.17659972702166468,0.003877054611542398,0.8973994311255588,0.0444311476400506,0.12736562664045176,21,23
0,3,1,4,Right,1,0.41150225134878704,0.007330059621429367,0.1690389305703431,0.008163060140315814,0.9080988917306053,0.036860205604423955,0.10732393307708099,21,23
0,3,1,4,Right,2,0.42972531283519033,0.008103832002897111,0.19317827376361782,0.005540841944678379,0.9593696601480919,0.022477026974223914,0.12722770952863058,21,23
0,3,1,4,Right,all,0.4255874873913127,0.0041998759437941935,0.17960564378520852,0.003425068200669106,0.9216226610014187,0.016600123258772526,,0,23
0,3,2,0,Noise,0,0.4411579806891836,0.009536314318471234,0.1740894211850477,0.008689346657195658,0.8897168405365127,0.027809242344501002,0.06866828952840948,19,61
0,3,2,0,Noise,1,0.4090295934304304,0.014249256203203468,0.16553844657072553,0.007861499875275365,0.8924461587913853,0.036461865682582584,0.08215449147242854,19,61
0,3,2,0,Noise,2,0.42184208957362385,0.010807537009681002,0.1864874092639661,0.006367619813637333,0.8916054267947994,0.04439052565936913,0.08666256903695028,19,61
0,3,2,0,Noise,all,0.42400988789774596,0.006555660010028036,0.17537175900657975,0.004134502632496885,0.8912561420408991,0.021319607411308762,,0,61
0,3,2,1,Up,0,0.44175355869712024,0.005038806742385634,0.17851247589749836,0.007614895978307644,0.922989291410344,0.032412684062016896,0.10155670028568328,21,21
0,3,2,1,Up,1,0.4151855594718822,0.00835755668547019,0.17293500194310066,0.003503651159455636,0.934827264239029,0.0253685238033943,0.09661460235853117,21,21
0,3,2,1,Up,2,0.4234699232856019,0.0034397959206483694,0.18556961247051457,0.005452999724276202,0.9193349753694581,0.0370324313033197,0.09615867731522217,21,21
0,3,2,1,Up,all,0.4268030138182014,0.0023568999138650604,0.1790056967703712,0.0024297530015055936,0.9257171770062771,0.016475570374366477,,0,21
0,3,2,2,Down,0,0.44103693073315714,0.008175722350614189,0.18299141747197434,0.002484531966462356,0.9370015948963317,0.023454451636926547,0.10754085717875911,18,18
0,3,2,2,Down,1,0.4140746409489722,0.006032868436913301,0.16779532691535282,0.00422168661295979,0.9450980392156862,0.03604230677291863,0.13125883297092053,18,18
0,3,2,2,Down,2,0.42165697480128195,0.00535079898911671,0.1857080577295761,0.0030263471011099503,0.9291187739463602,0.030665423855168534,0.10544187738705606,18,18
0,3,2,2,Down,all,0.42558951549447044,0.002088685477080802,0.17883160070563442,0.001559257089166959,0.9370728026861261,0.013930906964696808,,0,18
0,3,2,3,Left,0,0.44299414418614885,0.007180913665874965,0.17466012696710576,0.005733745719156283,0.9342625338048679,0.03893031292139324,0.09695762610094572,22,23
0,3,2,3,Left,1,0.41648061762530614,0.006737778437131404,0.16406405773975638,0.0055771974079008215,0.9072463768115943,0.036128166441221916,0.10530519285058021,22,23
0,3,2,3,Left,2,0.4219975093275696,0.008480835831422581,0.18736091570890234,0.005011325377850118,0.9081709145427286,0.0447460295941758,0.10610896900718063,22,23
0,3,2,3,Left,all,0.4271574237130082,0.0024554145325538872,0.17536170013858815,0.0038163751175421933,0.9165599417197303,0.025437645412266698,,0,23
0,3,2,4,Right,0,0.44009247807206736,0.006427427139001158,0.17174340388608905,0.004610929409464631,0.9229133439659756,0.033387671731446175,0.09831740762453557,18,18
0,3,2,4,Right,1,0.4026562387494458,0.01602766241742608,0.1685752374483341,0.003385722079908913,0.9198257080610023,0.02211112741943736,0.11330631788557086,18,18
0,3,2,4,Right,2,0.4243728223561751,0.006763304450451153,0.18549351451618354,0.004762886176587618,0.9173850574712643,0.03804639703863137,0.11057811549840754,18,18
0,3,2,4,Right,all,0.42237384639256276,0.004816727518415332,0.17527071861686888,0.0021542311091219653,0.9200413698327474,0.01812633014075065,,0,18
0,3,3,0,Noise,0,0.4023721067814439,0.012276904847582308,0.15552834438322322,0.01097087476274183,0.8266977522716404,0.04818993134796309,0.07742480876773364,22,68
0,3,3,0,Noise,1,0.42855616607681224,0.014339085294501707,0.16873627336002273,0.008787501658535405,0.9279123414071511,0.05315170493061329,0.08763338183112489,22,68
0,3,3,0,Noise,2,0.43301169287450864,0.01015509923831996,0.18427093990641855,0.006688805903475236,0.9357073407875547,0.026380885758737475,0.11735258679133174,22,68
0,3,3,0,Noise,all,0.4213133219109216,0.005345131033223355,0.16951185254988815,0.004467396606245922,0.8967724781554488,0.01923178252884578,,0,68
0,3,3,1,Up,0,0.40809268923793046,0.011478377473144062,0.15427479586283027,0.008763578539347918,0.8388211382113822,0.02911321417487494,0.11806849008519515,20,20
0,3,3,1,Up,1,0.4327557001790626,0.011791853195743149,0.17597861358596392,0.003910192761674082,0.9788235294117648,0.018802878248759845,0.10473462378053774,20,20
0,3,3,1,Up,2,0.4362890054230587,0.00590291966480163,0.18432631069699695,0.003889686792985778,0.9582644628099173,0.021820455415564828,0.1234222524621937,20,20
0,3,3,1,Up,all,0.42571246494668397,0.004132434824618629,0.1715265733819304,0.004061943470696121,0.925303043477688,0.017183216033815094,,0,20
0,3,3,2,Down,0,0.3955839938306142,0.009230744482194493,0.162324454527903,0.00487475125675197,0.8365425759520754,0.01437713100237156,0.10726458066183005,19,19
0,3,3,2,Down,1,0.4315360195168776,0.009995883284321732,0.17186343287817596,0.008151826361266755,0.9358101135190919,0.06346550655382702,0.12378842057322008,19,19
0,3,3,2,Down,2,0.43324348960819475,0.007891364238505645,0.1863791954659414,0.0042629607071005046,0.9512831665941713,0.022447097963528156,0.14239293748160217,19,19
0,3,3,2,Down,all,0.4201211676518955,0.004258047387023356,0.1735223609573401,0.003205186722353186,0.9078786186884462,0.017310599197386544,,0,19
0,3,3,3,Left,0,0.4024797962181956,0.006702691807789053,0.16369312126896304,0.009704020236668498,0.912494651262302,0.062483147029787085,0.11944483051167151,18,19
0,3,3,3,Left,1,0.42993854469609216,0.014955312993219633,0.1662945702601322,0.005020724101661271,0.9296181630546956,0.042165195188297734,0.08260281231581915,18,19
0,3,3,3,Left,2,0.4315852165686365,0.009231221243268268,0.1842497316629685,0.004260494064835311,0.9612875163114397,0.02048642951525562,0.13611112166463502,18,19
0,3,3,3,Left,all,0.42133451916097475,0.005328906275219854,0.17141247439735458,0.0037905620353627404,0.9344667768761458,0.018055045281323224,,0,19
0,3,3,4,Right,0,0.4047594707443296,0.012058452277399358,0.15110462696439633,0.006610559176380368,0.8475609756097562,0.029149786234839416,0.13066477978092797,19,20
0,3,3,4,Right,1,0.4288647864303089,0.014614517996866796,0.17231882095893367,0.0066268256922354316,0.9586274509803921,0.013965178283725841,0.1297219982091561,19,20
0,3,3,4,Right,2,0.4345372517884053,0.009348617767738121,0.18621416181947054,0.005866995803876464,0.950206611570248,0.023699024489428427,0.1261862816087968,19,20
0,3,3,4,Right,all,0.42272050298768127,0.005514271231930979,0.16987920324760017,0.0027696707864750935,0.9187983460534653,0.013819788950629183,,0,20
0,3,4,0,Noise,0,0.4520638273428377,0.013179582011555288,0.18247669035702427,0.005887670851596102,0.9036416799574695,0.030264332355647384,0.0755341635004153,7,36
0,3,4,0,Noise,1,0.40687586949085797,0.017092134422988802,0.17053444233839188,0.00804976116717051,0.909041394335512,0.044701158966599125,0.10437358343401489,7,36
0,3,4,0,Noise,2,0.4282576792041074,0.01311540632353474,0.1905583650819257,0.007371545438706283,0.908590308370044,0.04561576235749164,0.0836674204591173,7,36
0,3,4,0,Noise,all,0.42906579201260103,0.006263177287251147,0.18118983259244728,0.004504706568270832,0.9070911275543418,0.026400251996993963,,0,36
0,3,4,1,Up,0,0.4510385466701746,0.012222364581574233,0.18294706903700642,0.005365215708582729,0.9428495481127059,0.025343299173956443,0.11238372992507362,18,18
0,3,4,1,Up,1,0.4172613871924619,0.011487674653349033,0.17624481999205713,0.005862248904243184,0.9590413943355119,0.014931205579457995,0.09287908858006678,18,18
0,3,4,1,Up,2,0.4371356755278687,0.003213269176399213,0.19035035369471454,0.002622345135584454,0.9437102300538425,0.03277707029753193,0.10616505043118991,18,18
0,3,4,1,Up,all,0.4351452031301684,0.004177322437979009,0.18318074757459268,0.001825247015956856,0.9485337241673535,0.01714313996716706,,0,18
0,3,4,2,Down,0,0.4465027907916016,0.00784262029289114,0.19097192748344566,0.00768529298645065,0.9383306751727805,0.019060414448667184,0.11129260966489467,18,18
0,3,4,2,Down,1,0.4051220058009413,0.015064596011737931,0.16935430779268992,0.007628272206803348,0.9235294117647059,0.03674451579404748,0.1197122489854253,18,18
0,3,4,2,Down,2,0.4272482369004713,0.012715114187337034,0.19063692257255338,0.006284577041189216,0.9170337738619677,0.048640379165815394,0.10602652651496525,18,18
0,3,4,2,Down,all,0.4262910111643381,0.007455245148838263,0.183654385949563,0.004456468765147403,0.9262979535998179,0.024652179107660543,,0,18
0,3,4,3,Left,0,0.45100617381980695,0.00840338585902096,0.18761889467712828,0.005142577915684734,0.9473684210526315,0.027146723187252614,0.10616933249230302,21,22
0,3,4,3,Left,1,0.41544521343533986,0.009172189519296619,0.16909503097951573,0.006653623528903547,0.9242424242424242,0.03335005597196958,0.09561353232494268,21,22
0,3,4,3,Left,2,0.4259320595900316,0.007956190082472748,0.19007567833663347,0.005119252293682757,0.9437324789747698,0.02818897516178292,0.11265312584876132,21,22
0,3,4,3,Left,all,0.4307944822817262,0.0040019001063765,0.1822632013310925,0.0034532995344852507,0.9384477747566085,0.019363263105541286,,0,22
0,3,4,4,Right,0,0.44707382713359795,0.012431961989758709,0.18067418946658456,0.004204569496144606,0.9433811802232854,0.02899983150427078,0.11486256865220297,18,18
0,3,4,4,Right,1,0.41297461661851265,0.008793483432752646,0.1733846848696029,0.00818664606202021,0.9420479302832244,0.014583841505452694,0.13659200701775764,18,18
0,3,4,4,Right,2,0.4370935244428782,0.006976439968271756,0.19156671653194499,0.0038694537266272277,0.9505628976994616,0.028411457460930135,0.11894585381361411,18,18
0,3,4,4,Right,all,0.43238065606499626,0.003906181021364185,0.18187519695604415,0.004346725258814155,0.9453306694019905,0.014152327341337584,,0,18
0,4,0,0,Noise,0,0.40951876061875186,0.008763430418891443,0.16805896858699365,0.008388966002989549,0.943526170798898,0.0296875403983519,0.08553745240017373,8,27
0,4,0,0,Noise,1,0.4326332326036834,0.010936879569610968,0.17005281738861436,0.0073047481304608685,0.8840958605664488,0.0420447607457839,0.1021578361510831,8,27
0,4,0,0,Noise,2,0.4085815632160757,0.011713768745810014,0.17915475800796324,0.006849047391005252,0.9055118110236221,0.05902482566499597,0.10457728318812211,8,27
0,4,0,0,Noise,all,0.4169111854795037,0.004057289889290847,0.1724221813278571,0.004174703838866148,0.9110446141296563,0.027633092894128273,,0,27
0,4,0,1,Up,0,0.4132347435617245,0.0059130668826118185,0.17210089999048356,0.009145780129840162,0.9496619083395944,0.047229079324976136,0.1219030429681437,21,22
0,4,0,1,Up,1,0.44015873913494025,0.008047215940271467,0.17865771298694774,0.005036003539259324,0.9645276292335115,0.025969839767444925,0.11475834298718215,21,22
0,4,0,1,Up,2,0.4048284288812205,0.007064614175433881,0.17807029014741876,0.0060982051854650615,0.9200071581961345,0.04679492709729576,0.10391348174617043,21,22
0,4,0,1,Up,all,0.4194073038592951,0.004545014623018942,0.17627630104161668,0.0024031028003664075,0.9447322319230801,0.020986129773543048,,0,22
0,4,0,2,Down,0,0.408366203997464,0.007606540276411527,0.16447037680426865,0.005098583856074697,0.9499540863177227,0.017177883143118515,0.10438368578183335,18,18
0,4,0,2,Down,1,0.4450469649119143,0.005094037489254878,0.17347358623156856,0.004663221249601929,0.9139433551198258,0.013748356120363759,0.102750918667681,18,18
0,4,0,2,Down,2,0.4004954325488259,0.009354963711934276,0.1779595977772039,0.007012109946945434,0.9092300962379701,0.04542330902049072,0.1251766237292244,18,18
0,4,0,2,Down,all,0.4179695338194014,0.004474182139026615,0.17196785360434705,0.003982803086569347,0.9243758458918394,0.016082286250519582,,0,18
0,4,0,3,Left,0,0.41800629319865135,0.004532906520563582,0.1623559240305585,0.0031980579468373765,0.9680899908172635,0.02758565758055133,0.133822212930356,18,18
0,4,0,3,Left,1,0.43632073753915596,0.007375501687639613,0.17346102460569826,0.004002009566767837,0.9313725490196079,0.023539021490148276,0.1409598297366396,18,18
0,4,0,3,Left,2,0.40153956396107154,0.004506398150354026,0.18296574676582747,0.0035092380677946796,0.9114173228346457,0.03951455657885954,0.13387696419162434,18,18
0,4,0,3,Left,all,0.41862219823295965,0.003638866650912807,0.17292756513402807,0.0018699647089854088,0.9369599542238389,0.017568098823418334,,0,18
0,4,0,4,Right,0,0.4134260960843436,0.008559614894508204,0.16811546778318154,0.007779849261855133,0.9382133018496656,0.036646071427217826,0.14239427637962981,20,21
0,4,0,4,Right,1,0.43066651754486546,0.011215535826063725,0.17781754827734902,0.007106614632459017,0.9314659197012138,0.021501465759037885,0.1274084288225835,20,21
0,4,0,4,Right,2,0.409210880467661,0.011529685848167277,0.1824905114140051,0.0034533554325899157,0.942819647544057,0.04317479880597043,0.12949392112927688,20,21
0,4,0,4,Right,all,0.41776783136562334,0.0033143571282399,0.17614117582484523,0.002235262094443003,0.9374996230316455,0.019951239597152472,,0,21
0,4,1,0,Noise,0,0.38162167652390133,0.00955470132178883,0.15898264470084844,0.00564691429691916,0.9051332033788174,0.0641246771721742,0.08826729798187154,8,38
0,4,1,0,Noise,1,0.41364329143117695,0.011083690847392441,0.17157132175348452,0.00866911860147569,0.8693498452012383,0.04649105703604297,0.09578249744138283,8,38
0,4,1,0,Noise,2,0.40472195154876683,0.009837005994386985,0.18643220335021227,0.008155169153122524,0.8614106988783434,0.04592354277507921,0.08783870767311071,8,38
0,4,1,0,Noise,all,0.39999563983461506,0.0062540538104023,0.17232872326818174,0.0050402735563298325,0.8786312491527998,0.028063672733909334,,0,38
0,4,1,1,Up,0,0.3802970331915091,0.004306666690836278,0.16193458652006093,0.00454125135191819,0.9187242798353908,0.06108063858718031,0.1262648509516302,20,20
0,4,1,1,Up,1,0.41713509874781207,0.00753804907116852,0.17999102062495093,0.004224217279017246,0.9729411764705882,0.021362179247435407,0.10993716647835558,20,20
0,4,1,1,Up,2,0.40372619987106234,0.0052615888786884555,0.1877604259525728,0.006386658881408298,0.9055327868852459,0.042226096833525226,0.10143808029331684,20,20
0,4,1,1,Up,all,0.4003861106034612,0.003349057200462434,0.17656201103252822,0.0025032571989578806,0.9323994143970751,0.016342447578036663,,0,20
0,4,1,2,Down,0,0.38075361968941057,0.009419100940047656,0.16334045479700768,0.0029253210912320456,0.958414554905783,0.024611008452615983,0.1215628710874771,19,19
0,4,1,2,Down,1,0.4188141268872207,0.01090573406872966,0.16940325310830842,0.006942442512020663,0.8672858617131062,0.02108846223885716,0.1029861671782369,19,19
0,4,1,2,Down,2,0.40559243733154676,0.010093555550775193,0.1869222676794149,0.005589908093624547,0.8910698878343399,0.05939584974162307,0.12663048166546265,19,19
0,4,1,2,Down,all,0.40172006130272603,0.007184146158837458,0.173221991861577,0.0044386726505100645,0.9055901014844098,0.015113678329280216,,0,19
0,4,1,3,Left,0,0.38591577459630805,0.005723810872056398,0.15923677168619416,0.005697197594357694,0.9151806127114769,0.053117446377611,0.11340051384246526,17,18
0,4,1,3,Left,1,0.419314073072453,0.012745365187971862,0.168357020538064,0.006135460066918607,0.8917211328976035,0.029134064285107945,0.11471057008801296,17,18
0,4,1,3,Left,2,0.39793653733178946,0.006004045952582486,0.18843112390208624,0.007231712137347524,0.8859289617486339,0.05153956317774952,0.1352012364920947,17,18
0,4,1,3,Left,all,0.4010554616668502,0.006033928102674891,0.17200830537544812,0.0031905358671345785,0.8976102357859048,0.022133078123577274,,0,18
0,4,1,4,Right,0,0.3876818677645033,0.008678087460003807,0.1602424145692685,0.0035974531711428404,0.9405578417924096,0.03645802074237456,0.1369096025883808,24,27
0,4,1,4,Right,1,0.40856276623915455,0.0056712916091416175,0.17851404065360002,0.007669067518763406,0.8887436456063907,0.03755374540551679,0.1201912037346801,24,27
0,4,1,4,Right,2,0.4049942949777143,0.008466251919487031,0.1921714517692674,0.004321084142751545,0.866575591985428,0.0405292170921488,0.11603142565479424,24,27
0,4,1,4,Right,all,0.400412976327124,0.005537675914310724,0.17697596899737866,0.0040245759947725385,0.8986256931280762,0.022663862417270666,,0,27
0,4,2,0,Noise,0,0.397986992271963,0.009889419123648255,0.1644795376234825,0.0079756494722096,0.9292803970223324,0.0513631683911707,0.1096416762192669,6,31
0,4,2,0,Noise,1,0.41228619546606954,0.015290915244133398,0.1676360547085687,0.009800962665446387,0.8569259962049335,0.04242877461441383,0.09060269722447283,6,31
0,4,2,0,Noise,2,0.39302458354142566,0.009885396604645796,0.18227149140696353,0.008691652220523453,0.9001165954139136,0.07070054186789174,0.10809294243733907,6,31
0,4,2,0,Noise,all,0.40109925709315275,0.006479687670803126,0.17146236124633826,0.0056779817504434065,0.8954409962137265,0.028004803841828258,,0,31
0,4,2,1,Up,0,0.39701274999216635,0.006554804248897647,0.1668171389775769,0.004912547504142985,0.9337606837606838,0.03803521695388384,0.12890849547463248,20,22
0,4,2,1,Up,1,0.4152970439765443,0.005946878737959336,0.17647133054568562,0.00658588619496624,0.9420677361853833,0.04268383755006046,0.10114123970012252,20,22
0,4,2,1,Up,2,0.3976644245085846,0.009957551508646592,0.18204067714156658,0.006948775048974577,0.9339174881343556,0.03541967177822842,0.10521245029410295,20,22
0,4,2,1,Up,all,0.4033247394924318,0.005370624724065169,0.17510971555494304,0.0034524021850562865,0.9365819693601409,0.020845769116250152,,0,22
0,4,2,2,Down,0,0.39658990596988514,0.00777550108055079,0.16481789890930512,0.004412379199602848,0.9650578179989945,0.026655299655428493,0.09528081491022489,17,17
0,4,2,2,Down,1,0.41644996635638154,0.008468933829326142,0.1681266727969616,0.007123268835176268,0.8948096885813148,0.034418196542029614,0.10545085246064734,17,17
0,4,2,2,Down,2,0.3985184676032516,0.006432946514583354,0.18273529462466898,0.005458763885652388,0.9064493267186392,0.06721307844092654,0.14069330511121717,17,17
0,4,2,2,Down,all,0.4038527799765061,0.004156177668738136,0.17189328877697857,0.004427972384948299,0.9221056110996495,0.01861334048868934,,0,17
0,4,2,3,Left,0,0.3994063680559186,0.00453789895196767,0.16053129384476755,0.006398109723991533,0.9260008996851102,0.048975772508081446,0.12077521464828377,19,19
0,4,2,3,Left,1,0.4147335743479487,0.006307856788894354,0.1716458990830272,0.006254558518485443,0.8701754385964912,0.022712572975148494,0.10418399421291262,19,19
0,4,2,3,Left,2,0.390167717661233,0.011058326727749614,0.18555509189371663,0.0057715467532692,0.9720989220038048,0.023050081926087512,0.13313678053025546,19,19
0,4,2,3,Left,all,0.40143588668836677,0.003883112922217797,0.17257742827383712,0.0026751690579058227,0.9227584200951353,0.023327113481497193,,0,19
0,4,2,4,Right,0,0.4034922009778194,0.007759978953101996,0.16664009255412787,0.005055273802782767,0.9232804232804233,0.04458549672013362,0.1407423085292751,21,21
0,4,2,4,Right,1,0.40713450202313245,0.012064390090131629,0.173616992235756,0.007917994673794311,0.9068160597572362,0.04722038869659844,0.1280086718745585,21,21
0,4,2,4,Right,2,0.3968129316360237,0.010751402603292612,0.1808270383842819,0.008576635862060516,0.9204436794798241,0.059508519788234786,0.12656576703718142,21,21
0,4,2,4,Right,all,0.4024798782123252,0.006510268656973669,0.17369470772472193,0.006057889767655038,0.9168467208391611,0.021413825691355127,,0,21
0,4,3,0,Noise,0,0.4148773230253063,0.01150981705070234,0.16574805587421584,0.009938946337375442,0.9270833333333334,0.04272408246202862,0.08332205728750715,5,26
0,4,3,0,Noise,1,0.44483916051602646,0.009298517566887057,0.17130307924685523,0.006987115064258647,0.9045248868778282,0.04120361096507306,0.10383992712097494,5,26
0,4,3,0,Noise,2,0.4247440420164296,0.012941220346867103,0.1835441851014637,0.005456698263164417,0.9061355311355311,0.03794517911946191,0.08521755129559482,5,26
0,4,3,0,Noise,all,0.42815350851925416,0.005483003822735965,0.17353177340751158,0.0049382526095273485,0.9125812504488976,0.02830098785803447,,0,26
0,4,3,1,Up,0,0.41666415568424314,0.004816779536998658,0.16321004192980135,0.006256977351597855,0.9245614035087719,0.043187404232489866,0.1413188937559573,19,19
0,4,3,1,Up,1,0.4465515572949621,0.007037030124393792,0.17880303731201533,0.003957972868683075,0.9711042311661506,0.01812287724617994,0.09758034107362935,19,19
0,4,3,1,Up,2,0.42470913368970775,0.008024207930230218,0.18025488204113904,0.0035428262304672956,0.9291979949874687,0.03569623191280707,0.10584924121733166,19,19
0,4,3,1,Up,all,0.4293082822229709,0.004452357746500578,0.1740893204276519,0.0021069073672846375,0.9416212098874638,0.015870217623603338,,0,19
0,4,3,2,Down,0,0.41362355954193203,0.006075039133429701,0.16243099606225744,0.004722142736238606,0.946875,0.04034923838205252,0.11997499665582786,20,20
0,4,3,2,Down,1,0.4518511575668576,0.00879406694345668,0.16815820452278543,0.005411204451596075,0.9005882352941177,0.03975429911270085,0.10715071627496867,20,20
0,4,3,2,Down,2,0.4197856190297613,0.004762233915703708,0.18497684287214228,0.005384286387900781,0.9267857142857142,0.025603372451859136,0.14885610241759023,20,20
0,4,3,2,Down,all,0.42842011204618363,0.002816837663253138,0.17185534781906173,0.0038994732796134375,0.9247496498599439,0.0289760561172408,,0,20
0,4,3,3,Left,0,0.4238039972103362,0.005665764901962121,0.15897977918516604,0.006499881251174035,0.9267045454545454,0.0364300421050123,0.13997078845745642,21,22
0,4,3,3,Left,1,0.4476483787476273,0.009406030430007494,0.16850376987498203,0.004820056671054577,0.9106951871657754,0.026814873977744326,0.11621830100693939,21,22
0,4,3,3,Left,2,0.4179199586057327,0.005558315368368683,0.182936595306,0.003948481983299007,0.9466089466089467,0.026962088971247616,0.1476602730425485,21,22
0,4,3,3,Left,all,0.42979077818789874,0.003171274732422886,0.1701400481220494,0.0036340208295306447,0.9280028930764225,0.018149663994765742,,0,22
0,4,3,4,Right,0,0.42321372853759426,0.007511734974332677,0.16112920395959213,0.004969450965670054,0.957175925925926,0.02531684655877318,0.1499139623743744,18,18
0,4,3,4,Right,1,0.43963853356859445,0.006730153042463965,0.17560430757791667,0.00496040533679676,0.9468409586056645,0.029629252698298303,0.12394268674052784,18,18
0,4,3,4,Right,2,0.4212104129049099,0.00913840601866286,0.18661072998489522,0.003516170548412335,0.927469135802469,0.03946733324231804,0.13320582033841155,18,18
0,4,3,4,Right,all,0.4280208916703662,0.003317230959822675,0.17444808050746802,0.002519648140764627,0.9438286734446866,0.024041794009844242,,0,18
0,4,4,0,Noise,0,0.40961641250639347,0.012260730909783258,0.160402073762553,0.005232729663984144,0.9081597222222223,0.040722623629645974,0.09801725381588822,3,24
0,4,4,0,Noise,1,0.4368472100523964,0.011435832203834062,0.16817478877663075,0.007851954716405263,0.9217320261437908,0.04086029983973094,0.09883560526076675,3,24
0,4,4,0,Noise,2,0.414571601936403,0.007918502956706487,0.18824085419362724,0.005799615500096255,0.9329268292682927,0.025959862873215053,0.08949043765561315,3,24
0,4,4,0,Noise,all,0.420345074831731,0.005723267531703291,0.1722725722442703,0.0033959602326189683,0.920939525878102,0.0177703238937934,,0,24
0,4,4,1,Up,0,0.4164266947250625,0.007265964882864238,0.16382787757871953,0.006472035699544488,0.8986842105263158,0.04201366234050369,0.12355146720379971,19,19
0,4,4,1,Up,1,0.4475594690768208,0.016075713237919217,0.17636859150621945,0.0031026766716263283,0.96656346749226,0.015376484593183594,0.09564210381410543,19,19
0,4,4,1,Up,2,0.4170393365897746,0.004607345318081643,0.18661722664960928,0.002803056642440365,0.952931108258451,0.02579213352913904,0.11244449660769232,19,19
0,4,4,1,Up,all,0.4270085001305527,0.00836177605302247,0.1756045652448494,0.0019349857970316965,0.939392928759009,0.021383712107082186,,0,19
0,4,4,2,Down,0,0.4070339351269628,0.0060870664653897705,0.16119401995087443,0.004417188599400883,0.9724537037037037,0.013643668544714228,0.11581802609708099,18,18
0,4,4,2,Down,1,0.43686134254924275,0.004254031637000688,0.16571877351699316,0.004678630623752569,0.9520697167755992,0.030213765414426608,0.12223223726192581,18,18
0,4,4,2,Down,2,0.41311827077477803,0.00443984151865924,0.18678843135691692,0.0029576223898475675,0.9457994579945799,0.013589930404957297,0.15803327192772243,18,18
0,4,4,2,Down,all,0.41900451615032785,0.0020922290388176758,0.17123374160826152,0.002493562514160213,0.9567742928246274,0.010366775595870056,,0,18
0,4,4,3,Left,0,0.4197243984703403,0.007251737627179966,0.15798624260250418,0.00262750164938944,0.9231481481481482,0.029121892181176248,0.11788798154193517,18,18
0,4,4,3,Left,1,0.44027081339181473,0.005917332538686816,0.16989057347091285,0.004344308328731471,0.9265795206971679,0.017162674543369207,0.12306442718224272,18,18
0,4,4,3,Left,2,0.4091503325586739,0.004908081865982926,0.19115719282272742,0.004719611651089395,0.9365401987353208,0.02502516837754149,0.1421447748928171,18,18
0,4,4,3,Left,all,0.423048514806943,0.0034873533230441495,0.1730113362987148,0.002255590271801945,0.9287559558602122,0.011236650490410583,,0,18
0,4,4,4,Right,0,0.4164911921513254,0.006388039045756818,0.15773910588700898,0.004230425526129257,0.9427083333333334,0.03255323462876342,0.12592517590132377,20,20
0,4,4,4,Right,1,0.43346360675131884,0.006950922729869888,0.17719377036356682,0.0041688477891573174,0.9464705882352942,0.022411524989982633,0.10170364019943881,20,20
0,4,4,4,Right,2,0.41374321302110123,0.005013779161452332,0.18859686014303093,0.0036691270987721613,0.9518292682926829,0.01828792787529925,0.14239178277510184,20,20
0,4,4,4,Right,all,0.4212326706412485,0.0032205117190968803,0.17450991213120223,0.00272459045515874,0.9470027299537701,0.013770442682527086,,0,20
0,5,0,0,Noise,0,0.427625114911122,0.006475034394622643,0.16711256467537497,0.009906691881871097,0.9142362827483934,0.027393976158224496,0.08447975924338047,5,17
0,5,0,0,Noise,1,0.44742588135810013,0.010046093909687193,0.16713176098986104,0.007231941740625206,0.8786620530565168,0.0580748199654895,0.07460520883947055,5,17
0,5,0,0,Noise,2,0.41297396683548515,0.011746976945861602,0.17044179511254942,0.008524121766377249,0.896125116713352,0.0511703866948542,0.08258702237379073,5,17
0,5,0,0,Noise,all,0.42934165436823574,0.0064902696984666,0.16822870692592848,0.005062159679927588,0.8963411508394208,0.030557064283010315,,0,17
0,5,0,1,Up,0,0.4342902162311699,0.004853874443618176,0.1705378563889718,0.004203675705371077,0.916157372039725,0.02346491448641887,0.13694156187725817,20,22
0,5,0,1,Up,1,0.4557296464906475,0.01061286172249228,0.17453707671415924,0.006148396985275956,0.9320855614973262,0.04405918090682439,0.11749046653123993,20,22
0,5,0,1,Up,2,0.41081519369832176,0.007250548891603081,0.17262974991125282,0.004676397962487622,0.9307359307359306,0.029333072604331933,0.08760353048168308,20,22
0,5,0,1,Up,all,0.43361168547337975,0.005118898204018785,0.1725682276714613,0.0035836529460303765,0.926326288090994,0.018035352483353688,,0,22
0,5,0,2,Down,0,0.426787217809371,0.00431955162100079,0.17270126294419877,0.004474032872761553,0.9478107032286599,0.018544379405939157,0.12748895170119218,19,19
0,5,0,2,Down,1,0.4512627329876205,0.005919466020665146,0.1671622041569234,0.004715103376255028,0.9155830753353973,0.03784914039221317,0.10535393242914189,19,19
0,5,0,2,Down,2,0.4068441213030334,0.01222710252925077,0.17367524601478268,0.004432223903848698,0.9258563074352548,0.03449446926685608,0.12129617508433403,19,19
0,5,0,2,Down,all,0.4282980240333416,0.004741494129299732,0.17117957103863496,0.002529607510211735,0.9297500286664374,0.02171844401381355,,0,19
0,5,0,3,Left,0,0.4330834130838966,0.004961974588377741,0.17227336579371413,0.0038928471346349925,0.9500221141088014,0.026863560625091217,0.13209279775160074,19,19
0,5,0,3,Left,1,0.4478899372446026,0.006432215409322326,0.16588554053679816,0.0037077035566464396,0.9176470588235294,0.032469914636272475,0.10512785929899902,19,19
0,5,0,3,Left,2,0.4126005520943005,0.004817711861255422,0.17419976563081643,0.00415150410673956,0.9323308270676692,0.04301431277982802,0.13035601273011807,19,19
0,5,0,3,Left,all,0.43119130080759993,0.003565958548618183,0.17078622398710958,0.0026676250855945634,0.9333333333333333,0.02992608616417194,,0,19
0,5,0,4,Right,0,0.4319589021384335,0.0037778363818522604,0.16743400469609496,0.010038333316715812,0.9228418640183346,0.024173203038436435,0.14737927457848363,21,22
0,5,0,4,Right,1,0.4466523972462067,0.007052750647057755,0.16930957781327544,0.0037760122569534503,0.8713012477718359,0.032555574326480714,0.09961884058346673,21,22
0,5,0,4,Right,2,0.4123404078758009,0.006375070413577429,0.17059373369385952,0.006533183948352332,0.8928571428571428,0.039188152371324905,0.10305821447745199,21,22
0,5,0,4,Right,all,0.43031723575348035,0.002818522585041532,0.16911243873440998,0.004900513504195752,0.8956667515491045,0.016605425316652194,,0,22
0,5,1,0,Noise,0,0.3976530653502972,0.010855292996484734,0.17625890473099115,0.009476029653717539,0.9242790697674418,0.034767765936629634,0.08194968928497978,4,25
0,5,1,0,Noise,1,0.4137214837767791,0.011875008827275628,0.1683065879270106,0.009779764221277467,0.8592941176470588,0.04907604594173101,0.08640398079740283,4,25
0,5,1,0,Noise,2,0.4102124353675019,0.009106531250835867,0.1799887442545338,0.00949777579632414,0.8795081967213114,0.07285405260094745,0.06948443269798846,4,25
0,5,1,0,Noise,all,0.4071956614981927,0.008008882537748596,0.17485141230417853,0.006121254560699791,0.8876937947119374,0.02306738528325564,,0,25
0,5,1,1,Up,0,0.40516242192824087,0.00683407595089262,0.17850576804737678,0.004704423579567344,0.9545219638242894,0.01836754211626461,0.12246017641623899,18,18
0,5,1,1,Up,1,0.4310922129845368,0.008069645133505225,0.17492469701870653,0.0031501582766528765,0.9610021786492374,0.02145707641692811,0.09639705253135786,18,18
0,5,1,1,Up,2,0.4098714254712841,0.008641344142744721,0.1819292282331625,0.004544116077087845,0.9050546448087431,0.0426898906885239,0.092824007047776,18,18
0,5,1,1,Up,all,0.41537535346135396,0.005878942478660739,0.1784532310997486,0.002455979695208279,0.94019292909409,0.01370761840197777,,0,18
0,5,1,2,Down,0,0.3924239050646553,0.0063004188195210946,0.18144194340452396,0.0040014530712342115,0.949280177187154,0.028057915915984045,0.10371798187565076,20,21
0,5,1,2,Down,1,0.4124243609484478,0.007624776230505538,0.16928401674847157,0.004274996227552818,0.8838468720821663,0.027687390703384204,0.12052595783329915,20,21
0,5,1,2,Down,2,0.4100139871657911,0.007873367295802921,0.18392687449483047,0.006651264234740968,0.9283762685402029,0.045427495671366926,0.12454103941493119,20,21
0,5,1,2,Down,all,0.4049540843929647,0.005974423690780491,0.17821761154927535,0.003178925135416118,0.9205011059365078,0.013965834779903326,,0,21
0,5,1,3,Left,0,0.39738707759720204,0.008722120744440261,0.17754609536278015,0.0035198826986894763,0.9325581395348839,0.02056993428326347,0.11465881948260662,18,18
0,5,1,3,Left,1,0.4156480898004036,0.0060197244872746405,0.16838991632140085,0.0041789754140925135,0.8875816993464052,0.02878611762824728,0.12149436624838275,18,18
0,5,1,3,Left,2,0.4092560385032701,0.00401651233606204,0.18408932286364316,0.004339742122846626,0.9385245901639343,0.04293797241737186,0.08875274104725996,18,18
0,5,1,3,Left,all,0.40743040196695857,0.004089845224251257,0.1766751115159414,0.002500572771752164,0.9195548096817411,0.01610153027835425,,0,18
0,5,1,4,Right,0,0.39188750138121864,0.004517876498287191,0.1816128716619056,0.004404350310261912,0.9312896405919662,0.027193986022699256,0.1300320803270973,20,22
0,5,1,4,Right,1,0.4118065118869026,0.006655776197172451,0.17003174215895303,0.006577936292287233,0.8786096256684491,0.03599220957527382,0.1068177812484834,20,22
0,5,1,4,Right,2,0.40536143085251924,0.005881406836901925,0.18228158564733465,0.007962157239626389,0.9007078986587183,0.05681575317274349,0.09781368830178903,20,22
0,5,1,4,Right,all,0.40301848137354684,0.004366775675842488,0.17797539982273108,0.003711419786697462,0.9035357216397113,0.019768253488652868,,0,22
0,5,2,0,Noise,0,0.4036272572529243,0.010639716285302896,0.1755396289678314,0.007610487254504012,0.8931818181818182,0.04624315897585411,0.07511609548829938,5,14
0,5,2,0,Noise,1,0.41978276518475705,0.009916944238537416,0.1704983649017236,0.007871231869758152,0.8778711484593836,0.03779812397597292,0.09194059562868581,5,14
0,5,2,0,Noise,2,0.4120186657370513,0.008729583189829984,0.17966975517835498,0.008576560333596134,0.8919716646989374,0.07694690364745788,0.09074221154313679,5,14
0,5,2,0,Noise,all,0.41180956272491087,0.007061283443092423,0.17523591634930333,0.004196635745194705,0.8876748771133798,0.027506452989225844,,0,14
0,5,2,1,Up,0,0.4055749160294979,0.006181206331270259,0.17811389146771972,0.0051318258675595784,0.9158008658008657,0.022435354682036446,0.10829073143677673,20,21
0,5,2,1,Up,1,0.4349722461434807,0.008726211487008157,0.17888674327755877,0.006440810589211408,0.9452847805788982,0.035629694221331165,0.11570988767889394,20,21
0,5,2,1,Up,2,0.41972303673178724,0.006547681460769761,0.18497390044805165,0.002096055480004797,0.9338842975206612,0.04038186009440511,0.10421174083113231,20,21
0,5,2,1,Up,all,0.42009006630158857,0.00560881603661001,0.1806581783977767,0.002952157589844904,0.9316566479668085,0.01723750860672067,,0,21
0,5,2,2,Down,0,0.40120175465620483,0.005822222926873421,0.18236780899928864,0.004790603029310416,0.9580808080808081,0.018017678589347746,0.1177127064898033,18,18
0,5,2,2,Down,1,0.4216161183032684,0.00819598885397487,0.1694542738869235,0.0024376326122530585,0.9233115468409587,0.04909516156194418,0.10385079412802188,18,18
0,5,2,2,Down,2,0.4096924759609571,0.008672363088086048,0.17814133683145836,0.008239414953898853,0.9106978879706153,0.051594792582044614,0.12213524036229903,18,18
0,5,2,2,Down,all,0.41083678297347676,0.005262642787198665,0.1766544732392235,0.0039549684216497955,0.9306967476307939,0.02346532704213479,,0,18
0,5,2,3,Left,0,0.4010380282410213,0.00661971594205585,0.1718522516675936,0.005592758244877384,0.9008658008658008,0.0507509525949568,0.10543282081773311,20,21
0,5,2,3,Left,1,0.4230283769482154,0.011256910727660432,0.1663400123059063,0.00524894868712385,0.8879551820728292,0.030792965652464536,0.11562747777991704,20,21
0,5,2,3,Left,2,0.4087754397229144,0.009735286708523467,0.18158327209339953,0.007148413823889348,0.9484454939000393,0.03221071193174404,0.13861684167742677,20,21
0,5,2,3,Left,all,0.4109472816373837,0.007160956595910393,0.1732585120222998,0.004296913812087029,0.9124221589462231,0.022989323481833343,,0,21
0,5,2,4,Right,0,0.40727171453495387,0.005436282535631172,0.17352516023764764,0.006928643888521328,0.9291443850267379,0.012962400283075918,0.11397984621689235,17,17
0,5,2,4,Right,1,0.42015891054082016,0.007775899946843983,0.17436705101524086,0.004352283379948738,0.9335640138408304,0.019825778476172423,0.14163009582746586,17,17
0,5,2,4,Right,2,0.41196817380264916,0.011809843107747095,0.17844542920118944,0.011484031172582735,0.8857559552746719,0.040061902927393686,0.11382722935947605,17,17
0,5,2,4,Right,all,0.4131329329594744,0.004720015401138242,0.17544588015135934,0.005897105868778258,0.9161547847140801,0.014879588475630565,,0,17
0,5,3,0,Noise,0,0.4173340628754462,0.017471679319357745,0.17468941031003576,0.008775483479756577,0.9156611969111969,0.04581525742941458,0.06833897467088416,14,37
0,5,3,0,Noise,1,0.43474407806930715,0.011608244297353151,0.17566416833908413,0.005453807906181897,0.9324854266030737,0.02800766290142136,0.09632979654879202,14,37
0,5,3,0,Noise,2,0.40535401095757817,0.008665190311771452,0.18814978375785635,0.006916862820750288,0.9222015537805012,0.059982938275177644,0.09294568141173422,14,37
0,5,3,0,Noise,all,0.41914405063411053,0.007896328409978235,0.17950112080232541,0.003530535591989455,0.9234493924315906,0.0298209959945538,,0,37
0,5,3,1,Up,0,0.4220927347088008,0.014795459397110015,0.17390624809242436,0.005361734860488013,0.9278273809523809,0.03150315238001958,0.09206416705304038,21,24
0,5,3,1,Up,1,0.438301217138035,0.0076084747626567984,0.17657563373471127,0.0056255175658132305,0.9558823529411765,0.023479629063520146,0.1077277189814983,21,24
0,5,3,1,Up,2,0.40229638019850594,0.0066746418268024,0.18486703282874303,0.00429740099449216,0.9578272604588394,0.03716185117761054,0.09940267306182873,21,24
0,5,3,1,Up,all,0.42089677734844727,0.003963967175163143,0.17844963821862622,0.003162468728851222,0.9471789981174656,0.0179968768486978,,0,24
0,5,3,2,Down,0,0.41806060706279236,0.012955710157474924,0.17384932549389254,0.0058601912277119915,0.9340277777777778,0.02947604312285836,0.08800635495193145,17,18
0,5,3,2,Down,1,0.4384106795150927,0.00901823899720865,0.16896400372437373,0.0064378531044398,0.9427015250544662,0.023147179420518076,0.08536351585375523,17,18
0,5,3,2,Down,2,0.40848543974996265,0.007365236039216911,0.19070144069045536,0.0038507534090477247,0.9415204678362572,0.046228202935714245,0.10470740363330809,17,18
0,5,3,2,Down,all,0.4216522421092826,0.0046849070180284575,0.17783825663624053,0.003149801420260929,0.9394165902228337,0.02636581915828652,,0,18
0,5,3,3,Left,0,0.42732469896588926,0.013856295944236464,0.17979187648389428,0.00705194100675042,0.9322089947089948,0.03002497440270373,0.09893768730572443,22,27
0,5,3,3,Left,1,0.43737318671052056,0.007419993778683882,0.17264068405341093,0.007115268520903951,0.9414669571532316,0.03638218783995702,0.11160765784446819,22,27
0,5,3,3,Left,2,0.4031347030833429,0.005375635254904985,0.18599745997393052,0.006046013852039518,0.9521667416404258,0.03844165161484093,0.1213511459434372,22,27
0,5,3,3,Left,all,0.42261086291991756,0.0046366182702205485,0.17947667350374524,0.004523535261277916,0.941947564500884,0.022384953864156426,,0,27
0,5,3,4,Right,0,0.4175808868572552,0.01382096661397566,0.17482520220555461,0.007534177883321071,0.9184523809523809,0.03185755372511962,0.12029686385322184,14,15
0,5,3,4,Right,1,0.4313412223288726,0.004826960241782343,0.17748915426946468,0.004872613388132888,0.94718954248366,0.016159980843681847,0.11766228405518132,14,15
0,5,3,4,Right,2,0.4034208350814772,0.007792539469614632,0.1863632587508471,0.0041407321519817426,0.9241565452091768,0.04535411220638519,0.12388890766915443,14,15
0,5,3,4,Right,all,0.4174476480892017,0.004611369982145403,0.1795592050752888,0.0018050308120007815,0.9299328228817393,0.0213619815737282,,0,15
0,5,4,0,Noise,0,0.4118120238330417,0.010167969921415264,0.1619525934080153,0.01139016715146635,0.8697061803444781,0.04204970631017218,0.10395286366543427,4,21
0,5,4,0,Noise,1,0.43933928781027365,0.012771016322539299,0.17036436223171045,0.010628178242018622,0.926797385620915,0.041526677562483176,0.12373833417366412,4,21
0,5,4,0,Noise,2,0.4028236277308605,0.009851536518393027,0.1826378613492522,0.006600439253025276,0.9203224596925385,0.046631606555702525,0.0906970795509498,4,21
0,5,4,0,Noise,all,0.41799164645805864,0.006679916776621142,0.17165160566299265,0.005828683080780876,0.9056086752193105,0.022400444635407007,,0,21
0,5,4,1,Up,0,0.4156244454427051,0.006633447141731001,0.17124475188907326,0.014903114027417567,0.9285554311310191,0.028776466087581984,0.12315817478368024,19,19
0,5,4,1,Up,1,0.44712645171804466,0.011809493848285207,0.1705909416091231,0.004461137068219963,0.9793601651186791,0.019160121756717875,0.09228849227964357,19,19
0,5,4,1,Up,2,0.4020652206495667,0.006428977909955375,0.18021058319497418,0.004044839330260572,0.9463323663489432,0.016918984440337213,0.10927371104383639,19,19
0,5,4,1,Up,all,0.42160537260343883,0.006045634743179266,0.17401542556439017,0.004355701959197959,0.9514159875328805,0.012742745159146621,,0,19
0,5,4,2,Down,0,0.4085947449286744,0.006575585767095661,0.16347491012149878,0.004602839375154882,0.9165484633569739,0.052870397848769964,0.12233038130950386,18,18
0,5,4,2,Down,1,0.44022530752025785,0.0046334227686849,0.1683283740498225,0.006602198431438266,0.9738562091503269,0.015628497980119335,0.12026198563027878,18,18
0,5,4,2,Down,2,0.40897213709276303,0.009480497876879799,0.18235943564903628,0.004660246065196692,0.9254155730533683,0.026409292707429866,0.12193450221632106,18,18
0,5,4,2,Down,all,0.41926406318056514,0.003315557752318141,0.17138757327345253,0.002888792117178594,0.9386067485202231,0.02464531013300575,,0,18
0,5,4,3,Left,0,0.4106622439625575,0.007274033541867172,0.15954418296288564,0.00381183375958451,0.9131414267834793,0.03101784790939425,0.11700625172414204,17,17
0,5,4,3,Left,1,0.4379338015835009,0.007528215530825905,0.17060452634368575,0.004695214047715352,0.9806228373702423,0.020018762260343853,0.1216652605840895,17,17
0,5,4,3,Left,2,0.40816521619496426,0.00960594953276082,0.18284526974806534,0.0028212823450832094,0.9078276980083372,0.024391138973888764,0.1368376555902893,17,17
0,5,4,3,Left,all,0.4189204205803409,0.0038617646730408064,0.17099799301821222,0.002429453721576823,0.9338639873873529,0.019110575162819884,,0,17
0,5,4,4,Right,0,0.41288280358494084,0.00692938353111122,0.15977917687980692,0.006766060745128102,0.8857142857142858,0.03707957538094726,0.14290939527527938,20,21
0,5,4,4,Right,1,0.4442077872529618,0.009423160359340205,0.17170940913522015,0.006331586359833481,0.9417366946778711,0.032392387462639144,0.11025848030877206,20,21
0,5,4,4,Right,2,0.402063801404177,0.00706852162135266,0.18043943697907233,0.006005313484633279,0.9480689913760779,0.030460817118591606,0.13343819476868107,20,21
0,5,4,4,Right,all,0.41971813074735986,0.004499077381253606,0.17064267433136646,0.004222969392188631,0.9251733239227449,0.02492902410775488,,0,21
1,0,0,0,Noise,0,0.3379438075403414,0.005044799211630269,0.2261457217907371,0.0042733316394085695,0.9009370816599732,0.02673703055398058,0.11170625075819299,46,63
1,0,0,0,Noise,1,0.3784533492717692,0.009246555566402175,0.18119814984703875,0.005944339859271796,0.9138988928904895,0.04465729290542948,0.09499371215749194,46,63
1,0,0,0,Noise,2,0.35121720145701374,0.013918337498648334,0.20970008147276983,0.006498391728374769,0.909866168689698,0.047203509725206615,0.11782170197507182,46,63
1,0,0,0,Noise,all,0.3558714527563748,0.006312324931163624,0.20568131770351525,0.0027459541024859205,0.9082340477467202,0.020753708784380993,,0,63
1,0,0,1,Up,0,0.3408555929384449,0.003936390447821481,0.22640124020341745,0.0040832608149277035,0.9322507420988301,0.03137357725416768,0.1120794084597246,23,23
1,0,0,1,Up,1,0.3754473143766962,0.005278480827978289,0.1782542441974817,0.004363736675166654,0.9256485202776763,0.04727310536675977,0.0933809876135113,23,23
1,0,0,1,Up,2,0.3505284641994783,0.006155764386767506,0.209017086673942,0.004563022777836755,0.9740835464620631,0.01857301852526825,0.1350981522303589,23,23
1,0,0,1,Up,all,0.35561045717153983,0.0027284642252674066,0.20455752369161373,0.0020346393191569383,0.9439942696128566,0.0204215449779487,,0,23
1,0,0,2,Down,0,0.3363312427503492,0.0027766219306372708,0.22319181698587107,0.0030532667567537506,0.9221887550200804,0.04655575323845139,0.12116576957481547,16,16
1,0,0,2,Down,1,0.3707023703543203,0.004463887205611598,0.17865067753337066,0.0030794387442291183,0.938813025210084,0.03151610624807641,0.10976828891747972,16,16
1,0,0,2,Down,2,0.3530622255385656,0.018031691366442705,0.20949863390587317,0.004713593004986981,0.9127450980392157,0.030795343763110456,0.12312907775951493,16,16
1,0,0,2,Down,all,0.353365279547745,0.007348523156242284,0.20378037614170497,0.0019595665045373674,0.92458229275646,0.022680354395953166,,0,16
1,0,0,3,Left,0,0.3383315112998909,0.003926212933428928,0.22852389976666185,0.006410077144742874,0.9078536367692993,0.03106167034604206,0.1083705347121527,18,18
1,0,0,3,Left,1,0.37684995375433616,0.005068393748618699,0.17474599731362775,0.004169910669497405,0.9117647058823528,0.04096559437489012,0.10280840789499229,18,18
1,0,0,3,Left,2,0.3531469158345103,0.010615230358437852,0.2076589073885582,0.005460393266116957,0.9588235294117646,0.03607366700400839,0.10752430983229126,18,18
1,0,0,3,Left,all,0.3561094602962458,0.004224545962702654,0.20364293482294926,0.00266770917640638,0.9261472906878058,0.020942798883827003,,0,18
1,0,0,4,Right,0,0.33734561346206926,0.002886458489962369,0.22690567549050916,0.0025461787645789102,0.9216867469879518,0.03062056965032566,0.12157891221104941,16,16
1,0,0,4,Right,1,0.3788016194827415,0.004737482084138831,0.176942976689488,0.003936487776128584,0.9109768907563025,0.038607287908633235,0.11871123228053054,16,16
1,0,0,4,Right,2,0.3419786403586586,0.009463615105017665,0.20868045239371671,0.0034784794728801444,0.9149509803921568,0.04676857659266435,0.13405959375321272,16,16
1,0,0,4,Right,all,0.3527086244344898,0.003120445318662026,0.20417636819123797,0.0017302724555761863,0.9158715393788037,0.022275395670791412,,0,16
1,0,1,0,Noise,0,0.3414802616988127,0.00653522212963521,0.23372638597005202,0.007364286761938123,0.8950413223140495,0.022009224180947324,0.10992897097975268,35,65
1,0,1,0,Noise,1,0.36880345972090567,0.0072833339643387975,0.18063745289499858,0.008366520521164949,0.8915875613747953,0.042646889478095674,0.10261371164000677,35,65
1,0,1,0,Noise,2,0.3255258169605543,0.014607012757426211,0.20646900066921448,0.008529018534859252,0.8996681749622926,0.03816542326142998,0.14092839941946753,35,65
1,0,1,0,Noise,all,0.34526984612675754,0.005977925502929134,0.20694427984475502,0.004452812507278944,0.8954323528837126,0.02210478426758314,,0,65
1,0,1,1,Up,0,0.34215373324955844,0.004395760093129965,0.23465238490529797,0.004722999784084765,0.9393214441061332,0.022509290715111915,0.1263453716869544,19,19
1,0,1,1,Up,1,0.36818379701478193,0.0032538778183673696,0.18217310479648816,0.0037194659938996834,0.928107502799552,0.03881693784850401,0.09253034655909607,19,19
1,0,1,1,Up,2,0.3173096134258105,0.008619679372358087,0.20196524272128724,0.004174596950701179,0.920330237358101,0.03153695027913483,0.14073113106281943,19,19
1,0,1,1,Up,all,0.342549047896717,0.0041821011517961665,0.20626357747435775,0.002246063203747823,0.9292530614212621,0.020280887704190006,,0,19
1,0,1,2,Down,0,0.33876046800653414,0.0033352190340341153,0.23050628402765394,0.002931251451493443,0.9184428012179209,0.019374153740119988,0.11336018094963213,19,19
1,0,1,2,Down,1,0.36145217623431286,0.0042885165823208955,0.17634918899609134,0.0030193145206525904,0.9316909294512878,0.02466917814002271,0.10630262878465295,19,19
1,0,1,2,Down,2,0.3370505303141266,0.013921168394785268,0.2069882628492763,0.004728879900671679,0.9256965944272446,0.028712789036928598,0.11329281383580884,19,19
1,0,1,2,Down,all,0.3457543915183245,0.003717763159381066,0.20461457862434052,0.00227552461003328,0.9252767750321511,0.014015056287650644,,0,19
1,0,1,3,Left,0,0.3420284534056611,0.004305585348820432,0.23796277607403446,0.00582816596595884,0.91278816876903,0.01816379526851316,0.12085662305947262,19,19
1,0,1,3,Left,1,0.3710324688557138,0.005057917584390382,0.18124872042530982,0.0043491386993778,0.9249720044792833,0.03851293767715337,0.10363772357939162,19,19
1,0,1,3,Left,2,0.33218675809359544,0.010365876891275667,0.20400346062347496,0.00563730435376714,0.9351909184726522,0.03245329181199037,0.12181892396420872,19,19
1,0,1,3,Left,all,0.3484158934516568,0.004590378282831192,0.20773831904093973,0.0024279782030303407,0.9243170305736552,0.015341242137469128,,0,19
1,0,1,4,Right,0,0.3432204162650358,0.003657307836352345,0.23291686178208876,0.0044675187675118615,0.9306220095693781,0.028846110959349715,0.12224795413157509,19,19
1,0,1,4,Right,1,0.37070667556369696,0.005215925366576629,0.18590273669749807,0.0035479540153553913,0.9368421052631579,0.04326271730841088,0.11474872869963455,19,19
1,0,1,4,Right,2,0.3155097756427066,0.01048289058230637,0.20704768173519889,0.00760363996729965,0.9003095975232198,0.031135152721870486,0.16075114663738402,19,19
1,0,1,4,Right,all,0.3431456224904798,0.0034333010243712504,0.20862242673826192,0.002405913892582508,0.9225912374519185,0.02059521307758348,,0,19
1,0,2,0,Noise,0,0.3554795229858185,0.007260307690930676,0.2296958550795441,0.005962762234396933,0.8939894113983183,0.03138380080441632,0.10143647777773777,22,65
1,0,2,0,Noise,1,0.3823651877853302,0.011375249651412681,0.1798534250943196,0.006624343810907951,0.8785391079508726,0.04434666371622336,0.10375546906195243,22,65
1,0,2,0,Noise,2,0.35607169674784583,0.012890371487084563,0.2000199181419752,0.007852700113778565,0.8474208144796379,0.03776561116212732,0.11285797349980907,22,65
1,0,2,0,Noise,all,0.3646388025063315,0.006160019749218796,0.2031897327719463,0.0042350162306092065,0.8733164446096097,0.02437319878784669,,0,65
1,0,2,1,Up,0,0.3554490490098943,0.003814785232968076,0.23059401670287663,0.003830912884469303,0.9495117885210763,0.031721288740518105,0.11668374161218609,17,17
1,0,2,1,Up,1,0.3786783814080596,0.008886762885243331,0.17946244819035706,0.0043427938629655985,0.9172021749876421,0.024668764003023542,0.0823781337916448,17,17
1,0,2,1,Up,2,0.37160858418794396,0.011140326803553913,0.19783372910101818,0.0041361799112125015,0.9372549019607843,0.0475667038066988,0.09904556541258114,17,17
1,0,2,1,Up,all,0.3685786715352992,0.0038394932535684326,0.20263006466475064,0.0025298973630800974,0.9346562884898342,0.024053207284751486,,0,17
1,0,2,2,Down,0,0.3556224375522147,0.0026059483009774056,0.2311727473217329,0.002331714583942153,0.9468623481781376,0.02350852402446869,0.1082161356654864,16,16
1,0,2,2,Down,1,0.3749756801349862,0.0037581077347774343,0.17925908083871916,0.003097350161743892,0.8962710084033614,0.03865298829009789,0.09109401512606456,16,16
1,0,2,2,Down,2,0.3602266519992847,0.008929101185299333,0.19773862006437778,0.00518191544572196,0.8544117647058823,0.023610969762337813,0.10206714314685501,16,16
1,0,2,2,Down,all,0.3636082565621619,0.004326107459323085,0.20272348274160995,0.0018402667319562095,0.8991817070957938,0.020665799285804972,,0,16
1,0,2,3,Left,0,0.3536935001645019,0.004145621679425782,0.23104078386586802,0.003305423309262103,0.9460188933873144,0.026606431700313724,0.11493761911431408,23,24
1,0,2,3,Left,1,0.37885055836569803,0.006836653418961942,0.1838679478711984,0.0022062900731830534,0.945203081232493,0.036660385774213385,0.11026300849931102,23,24
1,0,2,3,Left,2,0.3521691034503349,0.011621641664161256,0.20506647698085814,0.005853675051896745,0.8687908496732026,0.020910814081512935,0.1105366996490977,23,24
1,0,2,3,Left,all,0.3615710539935116,0.004537355166262008,0.20665840290597484,0.002888393460955062,0.9200042747643367,0.021393583218337064,,0,24
1,0,2,4,Right,0,0.34858790666729367,0.004946008728990791,0.2216053885896921,0.007571482172136871,0.9223178137651822,0.03451896824741137,0.1286651704474996,16,16
1,0,2,4,Right,1,0.3839850342483105,0.0067483366283716045,0.18068496141239723,0.0056461895918315155,0.8933823529411765,0.027353984584693597,0.0982475819183632,16,16
1,0,2,4,Right,2,0.36316974536608526,0.01048553312199033,0.19600823991060995,0.004150191759060363,0.8644607843137255,0.02690278967453396,0.10389708757806336,16,16
1,0,2,4,Right,all,0.36524756209389647,0.00401793712480334,0.1994328633042331,0.003809973592132512,0.8933869836733613,0.01613554779588089,,0,16
1,0,3,0,Noise,0,0.3513649996391407,0.0072976962802211495,0.23925328143786098,0.005641553241474078,0.9136295894865194,0.03292591542028373,0.1035107541948691,27,61
1,0,3,0,Noise,1,0.372028591058218,0.009054740274899577,0.18185360822031754,0.008048220649169975,0.8858791247449518,0.04292115191225963,0.08890221364839573,27,61
1,0,3,0,Noise,2,0.327468370873222,0.011018031951849208,0.2100474479799136,0.00635493524935857,0.9195114111218259,0.03840072512409315,0.14370017174578498,27,61
1,0,3,0,Noise,all,0.35028732052352685,0.004689430207442565,0.21038477921269738,0.0033878548099002593,0.9063400417844323,0.023336724412279436,,0,61
1,0,3,1,Up,0,0.3535228314655902,0.0036462266032882165,0.24145407939262128,0.004750222426373326,0.9541519086973632,0.02874515017773359,0.10705750921142612,20,21
1,0,3,1,Up,1,0.3724679725771754,0.0038935750918131836,0.17983640370610857,0.005348008233578036,0.9301042305334151,0.03379791830698414,0.07095105833324503,20,21
1,0,3,1,Up,2,0.3228440596956107,0.006302372311609951,0.20897471673805018,0.0042464822982843774,0.9706816059757235,0.019788153210645067,0.1516252748969809,20,21
1,0,3,1,Up,all,0.34961162124612544,0.0023736327330674692,0.21008839994559333,0.0018462705486099835,0.9516459150688339,0.016977349138048683,,0,21
1,0,3,2,Down,0,0.3498518589233394,0.003967991659842189,0.2377446207552385,0.005018097491762868,0.9552341597796143,0.025205216853752956,0.09827568561656519,18,18
1,0,3,2,Down,1,0.3699308531643445,0.0033250932618790773,0.17935512136915135,0.004652886330827689,0.9303767286599904,0.043583724376557255,0.10332381652613615,18,18
1,0,3,2,Down,2,0.32831985960883003,0.01105216608540278,0.21320426478791468,0.004575370760002158,0.9485838779956427,0.0432082646932296,0.13207365006488622,18,18
1,0,3,2,Down,all,0.34936752389883796,0.002734933152399904,0.21010133563743486,0.0020828271472532927,0.9447315888117492,0.03273039774724501,,0,18
1,0,3,3,Left,0,0.3545830122645241,0.0043016987334021945,0.24385424912877574,0.00276044487293832,0.9458460200086996,0.023532957552087428,0.11067180458799016,19,19
1,0,3,3,Left,1,0.37445955378739687,0.005114780626507827,0.17816783796623858,0.004880795233394754,0.9062570589564038,0.029467309484043913,0.08983048088580906,19,19
1,0,3,3,Left,2,0.3272966563641588,0.005311700209449504,0.21202930363630515,0.00618849848933198,0.9758513931888544,0.016548377249804284,0.16792862821442686,19,19
1,0,3,3,Left,all,0.35211307413869325,0.003393405882135261,0.2113504635771065,0.0027528114958630216,0.9426514907179859,0.016319047141302966,,0,19
1,0,3,4,Right,0,0.35531805665686134,0.0030867575300418657,0.2425752452920571,0.004021696490462678,0.9408438451500654,0.018482602182887106,0.11174658273979471,18,19
1,0,3,4,Right,1,0.3766499460117285,0.005585927442118691,0.18229666542421524,0.00635171008336353,0.9087418116105714,0.02522276799090599,0.10057135508203982,18,19
1,0,3,4,Right,2,0.3215788407094873,0.007683476445977623,0.2095367327949405,0.0036042396875091893,0.9444788441692467,0.03135247609189704,0.15899225442954742,18,19
1,0,3,4,Right,all,0.35118228112602573,0.002473341923758019,0.21146954783707095,0.0029584424376278887,0.9313548336432945,0.011168869214293716,,0,19
1,0,4,0,Noise,0,0.36471131245778976,0.00806907717926677,0.2421983631375267,0.006998336975646488,0.9422735976171903,0.022068894098808866,0.11166372886162373,12,59
1,0,4,0,Noise,1,0.36845983246862335,0.006808835773873369,0.17466331510270056,0.006924984156087441,0.8557592528536839,0.04226568292365824,0.08209454655947766,12,59
1,0,4,0,Noise,2,0.3188233382473014,0.011118353993940455,0.20301104609703313,0.009202746442189949,0.8825523429710868,0.0503651634151121,0.14312408488046652,12,59
1,0,4,0,Noise,all,0.3506648277245715,0.005722247208325049,0.20662424144575345,0.0049770684380891885,0.893528397813987,0.02436460282168288,,0,59
1,0,4,1,Up,0,0.3646995799255848,0.003071301601700323,0.2410308802087621,0.0022927518727388586,0.9597005064963665,0.01017371627051811,0.10760292495954445,19,19
1,0,4,1,Up,1,0.36705439987728594,0.003767959956085413,0.17373110671054115,0.004389153520661738,0.9003222341568206,0.0330283364170275,0.08914766931063767,19,19
1,0,4,1,Up,2,0.32401022205899166,0.009474134550244392,0.2037153017354442,0.005845295015603837,0.9294117647058824,0.04337427457003154,0.14151477160012937,19,19
1,0,4,1,Up,all,0.35192140062062083,0.0037875921721526803,0.20615909621824913,0.0019308993968942473,0.9298115017863565,0.018883196689798078,,0,19
1,0,4,2,Down,0,0.35884529795455977,0.002978831476061868,0.2342474358291211,0.002841454482014267,0.9654261175952433,0.015645657970687607,0.11373932729850722,19,19
1,0,4,2,Down,1,0.36015573027054093,0.004335581496103109,0.1681948621522494,0.004429034192706315,0.8955961331901181,0.0260399700412562,0.11559678746991488,19,19
1,0,4,2,Down,2,0.3265991426500232,0.011993159144749252,0.20496436514651575,0.007833208401509799,0.9234262125902992,0.04385164877086526,0.13283410738850665,19,19
1,0,4,2,Down,all,0.34853339029170793,0.004914479849804768,0.20246888770929541,0.0030589333576829343,0.928149487791887,0.017349057299459073,,0,19
1,0,4,3,Left,0,0.3628707634359883,0.006801632386704179,0.24050030829680688,0.008419283283833952,0.9637984355102784,0.021095075945891505,0.0994087522600688,23,23
1,0,4,3,Left,1,0.36443100806382195,0.005724294345348679,0.17277926324481527,0.004479571572920776,0.904170363797693,0.04777221781060383,0.1084492954194983,23,23
1,0,4,3,Left,2,0.3219347915938632,0.012171520974546053,0.204168283402898,0.011111626601106261,0.9166240409207161,0.04763781357755519,0.1400203478611745,23,23
1,0,4,3,Left,all,0.34974552103122447,0.007068212792630809,0.2058159516481734,0.006960654017355376,0.9281976134095625,0.018702640346808408,,0,23
1,0,4,4,Right,0,0.3644120531949953,0.003433733560657537,0.2429705657835266,0.004523213148704236,0.9478088526756221,0.004490939008424688,0.12474417022596859,19,19
1,0,4,4,Right,1,0.36796975452284525,0.004511738555189167,0.1755575795047796,0.0029461208848593407,0.8829215896885071,0.03537552670210748,0.09982389510933037,19,19
1,0,4,4,Right,2,0.31452446946416673,0.005560600428169894,0.20018153275376918,0.0077494877836188645,0.867079463364293,0.03923517460950885,0.13106237138323956,19,19
1,0,4,4,Right,all,0.3489687590606691,0.0031916368861239874,0.20623655934735846,0.0032424428741760036,0.8992699685761408,0.011439038126843323,,0,19
1,1,0,0,Noise,0,0.34922474301138273,0.006515431489951897,0.2373696921188817,0.007424160618720302,0.9125523012552301,0.035551282617493275,0.10204423410721675,9,40
1,1,0,0,Noise,1,0.36038889608471264,0.00952848666911196,0.16710049830781754,0.007633797556263832,0.8241902834008098,0.04299196012537707,0.08604389221150371,9,40
1,1,0,0,Noise,2,0.3417769303489906,0.01262051650767206,0.19965725073867174,0.007865262107181838,0.8839215686274511,0.048468902559522416,0.09896431288613061,9,40
1,1,0,0,Noise,all,0.350463523148362,0.006786917771298692,0.20137581372179034,0.005248217906835719,0.8735547177611636,0.02410549919443171,,0,40
1,1,0,1,Up,0,0.35089699984175327,0.0033346977321374975,0.24087575733102376,0.0035982113459082504,0.9676894467689446,0.026493904653775196,0.11643145207519723,17,18
1,1,0,1,Up,1,0.3590681625765098,0.006278369006660225,0.17149243835023475,0.003799339122724819,0.9062078272604589,0.025273857200275217,0.07610555118878265,17,18
1,1,0,1,Up,2,0.34164651669259577,0.0109167639521091,0.2014961225747424,0.00654470660983206,0.947276688453159,0.020497563714501354,0.13087081779314977,17,18
1,1,0,1,Up,all,0.3505372263702863,0.005458504869597985,0.20462143941866698,0.0036638163531131536,0.9403913208275207,0.01559668475082505,,0,18
1,1,0,2,Down,0,0.3516711289863321,0.0037892866525450044,0.2396911809248626,0.004456172506575124,0.9581589958158997,0.02339475605764251,0.148390924190109,19,20
1,1,0,2,Down,1,0.36474406684016925,0.006582899309046255,0.17022279430246398,0.006889263892368906,0.879757085020243,0.03614247316077312,0.10763314205561145,19,20
1,1,0,2,Down,2,0.3424031040325477,0.009083956477697021,0.19937628066828927,0.0041719976808579935,0.9149019607843136,0.046052184958505944,0.13080139243914374,19,20
1,1,0,2,Down,all,0.3529394332863497,0.005837182780519091,0.2030967519652053,0.0035825235776805677,0.9176060138734854,0.023166371712580992,,0,20
1,1,0,3,Left,0,0.34975775467575615,0.004582545613966645,0.23882130148882913,0.003964677183045172,0.9399581589958158,0.03437656281929361,0.11042043410059314,19,20
1,1,0,3,Left,1,0.35916058129774264,0.00857606818258769,0.1671915764437145,0.003838914162656705,0.8941295546558704,0.052742511230104386,0.09896522857447114,19,20
1,1,0,3,Left,2,0.34583655110192124,0.0064659173090095765,0.20074527010740675,0.005299331331080328,0.9172549019607843,0.027988255378691273,0.11805280776650325,19,20
1,1,0,3,Left,all,0.35158496235847336,0.0043716657669492795,0.2022527160133168,0.0025922104459641924,0.9171142052041569,0.022749808449940033,,0,20
1,1,0,4,Right,0,0.350015694066056,0.0035514693222001327,0.2360906115740909,0.004849448881766462,0.9363576304778682,0.0356830411686233,0.12101028106708629,19,19
1,1,0,4,Right,1,0.36134358056946103,0.0070412463656837265,0.16564209916647252,0.005007905008789819,0.8840826763264437,0.04866185170198258,0.10814710116503705,19,19
1,1,0,4,Right,2,0.3433336576778281,0.01130887518940548,0.20277992455531538,0.007486401827293296,0.9199174406604747,0.042182254894731194,0.12271723006325007,19,19
1,1,0,4,Right,all,0.35156431077111505,0.004941617391563271,0.2015042117652929,0.004108557373958493,0.9134525824882623,0.015116424306966561,,0,19
1,1,1,0,Noise,0,0.3372401194244354,0.005776657900721105,0.22934532697113177,0.006140444777350992,0.8876491228070176,0.031507647160236116,0.11859856889176724,34,57
1,1,1,0,Noise,1,0.3726762919085909,0.007627613261779892,0.1770500919133061,0.006357065902535547,0.8874449498231174,0.03388589869531862,0.12016320394695544,34,57
1,1,1,0,Noise,2,0.3529111558043356,0.011309317168395958,0.19539512693344735,0.007696513220252601,0.89625042999656,0.04169389570297871,0.09969248245731072,34,57
1,1,1,0,Noise,all,0.35427585571245396,0.005223420818827966,0.20059684860596175,0.003618118281609309,0.8904481675422317,0.021890467265845377,,0,57
1,1,1,1,Up,0,0.337229482756914,0.003619080804693702,0.2298949309204613,0.002313230444049827,0.9263157894736843,0.024306040930826115,0.11535375366583307,19,19
1,1,1,1,Up,1,0.372352350398117,0.005786480413638519,0.17504510729478912,0.005466788096404657,0.9148797920727745,0.03214248577685718,0.09273327908999315,19,19
1,1,1,1,Up,2,0.3447785370289684,0.008321618124886519,0.19989432657235703,0.009809377134872864,0.9632610939112487,0.020594377185992038,0.10878685759665502,19,19
1,1,1,1,Up,all,0.3514534567279998,0.0041472790608923634,0.20161145492920246,0.0047422623714045665,0.9348188918192357,0.013225323669527922,,0,19
1,1,1,2,Down,0,0.3405105958319322,0.0033910666538497975,0.23600757897031688,0.004681964543334744,0.9542222222222221,0.030685416263134355,0.12058881196471315,17,18
1,1,1,2,Down,1,0.37184721429833917,0.004503279039878627,0.17610033649916967,0.004774344235749502,0.9471879286694102,0.048962343760574574,0.12458466479440682,17,18
1,1,1,2,Down,2,0.3607100243655198,0.012988997862107023,0.19508568605404225,0.005268306850673444,0.9387799564270153,0.04439069957562739,0.12000404018773768,17,18
1,1,1,2,Down,all,0.3576892781652637,0.0037019032038911256,0.2023978671745096,0.0021396914721308856,0.9467300357728825,0.031816954811179805,,0,18
1,1,1,3,Left,0,0.33775801359403396,0.0032394720164682497,0.22774332646111276,0.003510147476207751,0.8993333333333333,0.03575735218516764,0.10693587838458751,17,18
1,1,1,3,Left,1,0.37290528502467846,0.005558610961827828,0.17380606315865593,0.003120461435662449,0.9531321444901693,0.034056308390379514,0.13399586865224117,17,18
1,1,1,3,Left,2,0.35395075223228145,0.005220873521019443,0.19591403107762267,0.005399049966246074,0.8910675381263616,0.028709196005527838,0.11468488715636092,17,18
1,1,1,3,Left,all,0.3548713502836647,0.0020547755496595713,0.19915447356579713,0.0023618938857155117,0.9145110053166214,0.018146189733837508,,0,18
1,1,1,4,Right,0,0.3368543974635529,0.004550481374276057,0.2249536467036515,0.0062187210115860125,0.8913684210526316,0.02589768442312042,0.11742735965974534,18,19
1,1,1,4,Right,1,0.3677387675048967,0.005345881599861016,0.17488902090839675,0.00420186778427745,0.903833658219623,0.028911251690084905,0.12184520259661502,18,19
1,1,1,4,Right,2,0.3516316041146541,0.007162352025037048,0.1978086905135199,0.009862675740250041,0.9079463364293086,0.04377364643165357,0.09614293256595927,18,19
1,1,1,4,Right,all,0.3520749230277012,0.0034216496422698394,0.1992171193751894,0.0028028734046068736,0.9010494719005211,0.020804093566670404,,0,19
1,1,2,0,Noise,0,0.3305153435848686,0.007645926163469692,0.24216406298727575,0.006511899371215709,0.9183752417794971,0.025618066227134847,0.12640975290025752,35,66
1,1,2,0,Noise,1,0.34917031328066184,0.009628088756279712,0.17519068711971175,0.007732929394693649,0.8334601242551033,0.0351235974682354,0.10413776116684123,35,66
1,1,2,0,Noise,2,0.3145107612966686,0.012723855228480541,0.199053935680722,0.007848941707140428,0.8770647653000594,0.05389506514094366,0.1125889205343008,35,66
1,1,2,0,Noise,all,0.33139880605406635,0.006821107609917496,0.2054695619292365,0.0048446083347697694,0.87630004377822,0.023200522206439273,,0,66
1,1,2,1,Up,0,0.3329633926685197,0.0031309473209213973,0.24204247730561923,0.002184664297263541,0.944917257683215,0.02542624031028997,0.11654700992893459,18,18
1,1,2,1,Up,1,0.3480429094367442,0.0035713792823122313,0.17338914071320255,0.00372458103428788,0.8758716875871688,0.030646088931869816,0.10026858638409965,18,18
1,1,2,1,Up,2,0.3135870564993421,0.005843627823737415,0.20011883414115583,0.0054357172950742485,0.9387799564270153,0.04031086407271008,0.12210303344831483,18,18
1,1,2,1,Up,all,0.3315311195348687,0.002268743375289275,0.20518348405332587,0.0027894794689748794,0.9198563005657997,0.015671363903101778,,0,18
1,1,2,2,Down,0,0.3283137706420301,0.004480069461983514,0.23834323376044653,0.003439088295383107,0.9391489361702128,0.028297409252835064,0.12619635921013664,19,20
1,1,2,2,Down,1,0.3441279750982672,0.0046637190953988834,0.17124899365956395,0.005174523535102914,0.8564853556485355,0.043335987489293196,0.10139766062312773,19,20
1,1,2,2,Down,2,0.31671813330372545,0.008349373245904184,0.20107344284033313,0.005897437893534674,0.9023529411764706,0.05932227505355551,0.12112886695138714,19,20
1,1,2,2,Down,all,0.32971995968134094,0.005166840573695394,0.2035552234201145,0.002303989048601801,0.899329077665073,0.0312391575215327,,0,20
1,1,2,3,Left,0,0.3285088987092037,0.005986259288067622,0.2379051906389163,0.006073495896116357,0.9432624113475176,0.029797364032318065,0.10987295151728511,21,21
1,1,2,3,Left,1,0.3487672900098537,0.007592737883573147,0.17367760860927517,0.0038490103207980885,0.8912133891213389,0.03678678600892596,0.11858048216421613,21,21
1,1,2,3,Left,2,0.31470679494942366,0.009882625562477633,0.1969302737476142,0.0055082853514621345,0.9111111111111111,0.04049545772836138,0.12403247673397931,21,21
1,1,2,3,Left,all,0.3306609945561603,0.004787389857279273,0.20283769099860188,0.0038936913038300314,0.9151956371933225,0.02382252048288774,,0,21
1,1,2,4,Right,0,0.3309258504325049,0.005502112571239903,0.23979932625392145,0.00546810986163052,0.9349881796690307,0.01821856407979261,0.11545764843360878,18,18
1,1,2,4,Right,1,0.34697735910497185,0.0038348849509075834,0.17607112820067652,0.004361005068972008,0.8761041376104138,0.028886478602995345,0.10942834647404981,18,18
1,1,2,4,Right,2,0.3185204757262834,0.008035222925452582,0.201101040334847,0.006551047793522799,0.9002178649237472,0.040379998891889916,0.11959201823978262,18,18
1,1,2,4,Right,all,0.3321412284212534,0.003603176989653262,0.205657164929815,0.003171679918603316,0.9037700607343973,0.018399951529104782,,0,18
1,1,3,0,Noise,0,0.32946071219740924,0.008279441446303642,0.23604614891064407,0.008029712556355085,0.9088760504201681,0.025041396864274208,0.12101130330266244,22,64
1,1,3,0,Noise,1,0.3590919768330382,0.008003658592425323,0.17704244079919165,0.007068311231401355,0.8260550213675214,0.03863584980167632,0.10381203764797955,22,64
1,1,3,0,Noise,2,0.32087979465769395,0.01356121438397971,0.19574088023571118,0.009693544959136427,0.8534313725490196,0.0468899345143308,0.10992823440534534,22,64
1,1,3,0,Noise,all,0.3364774945627138,0.006979644318937374,0.20294315664851562,0.004135127500065144,0.8627874814455697,0.0234717360837828,,0,64
1,1,3,1,Up,0,0.3267746074997464,0.00215205404320764,0.2335548499623244,0.003055592871663009,0.9268022998673153,0.020882714090668757,0.12052303419342185,19,19
1,1,3,1,Up,1,0.3594432842342504,0.004093138877536891,0.18090628912480738,0.002690012163149962,0.8974358974358975,0.023878995176980364,0.08535426338882907,19,19
1,1,3,1,Up,2,0.3178192352182498,0.009054791452862723,0.2003939913400512,0.01181814185712513,0.9523219814241486,0.03732393919574736,0.11074500975071476,19,19
1,1,3,1,Up,all,0.3346790423174156,0.0037487380706889236,0.20495171014239433,0.004442899919627129,0.9255200595757871,0.01769251592004139,,0,19
1,1,3,2,Down,0,0.32591552620482234,0.0039256703208719185,0.23379753937987824,0.003834348488648671,0.9624183006535948,0.02678675755083925,0.11850155157385665,18,18
1,1,3,2,Down,1,0.35714707645863697,0.0030771969923596596,0.17691304440998815,0.0032074387897847176,0.860636277302944,0.04062511058459788,0.07866510490041162,18,18
1,1,3,2,Down,2,0.32068539290500014,0.01171970321407423,0.19842911096231514,0.004783571350685671,0.8849673202614379,0.02881752638568445,0.15052134579230556,18,18
1,1,3,2,Down,all,0.3345826651894865,0.004919435460440195,0.20304656491739384,0.0012873730360439615,0.9026739660726589,0.024732109464497037,,0,18
1,1,3,3,Left,0,0.328644899674417,0.0032500050827919606,0.2315857240299205,0.002243307164006278,0.9157329598506069,0.02035423540798857,0.11255780257969411,18,18
1,1,3,3,Left,1,0.3577685738708771,0.006225282994982165,0.1808199555242637,0.0061576229239754315,0.8872269705603039,0.04353546263141592,0.10576424108008446,18,18
1,1,3,3,Left,2,0.318540863528652,0.008367007597390518,0.19242969737338778,0.0050888301212440815,0.8779956427015251,0.031311615823178686,0.1270705332560279,18,18
1,1,3,3,Left,all,0.33498477902464874,0.002549364346910849,0.20161179230919066,0.002941082587250409,0.8936518577041453,0.02406173141784506,,0,18
1,1,3,4,Right,0,0.32980533605079776,0.005129675318398335,0.2336154608118996,0.003503378765686929,0.9232026143790849,0.007998860131852489,0.11915979883969434,18,18
1,1,3,4,Right,1,0.3638660194143092,0.004078690390685959,0.17841906033603377,0.0036105332970324073,0.8760683760683761,0.029462212818468784,0.11627401823999477,18,18
1,1,3,4,Right,2,0.3299369131641005,0.0051747029762071965,0.1951714149562639,0.010257588031409153,0.8769063180827887,0.03742482679825727,0.1045665177241705,18,18
1,1,3,4,Right,all,0.34120275620973584,0.0027623700749704852,0.2024019787013991,0.003464083133805377,0.8920591028434166,0.016372364662092676,,0,18
1,1,4,0,Noise,0,0.33709419898038395,0.007841752438418293,0.23904934660184565,0.007641903580316556,0.9390377255330783,0.019354758320454798,0.13349109454849956,38,62
1,1,4,0,Noise,1,0.38602436515290917,0.010501211868106458,0.19406704834932026,0.006427957247500817,0.8996334310850439,0.03198591499963523,0.07802352032250195,38,62
1,1,4,0,Noise,2,0.3236785137926685,0.011009383491029786,0.19749560195412086,0.007333075301065817,0.8605945604048071,0.04338305482243434,0.11180881958691473,38,62
1,1,4,0,Noise,all,0.34893235930865385,0.006831532319147775,0.2102039989684289,0.004154144538253423,0.8997552390076431,0.01988571346926934,,0,62
1,1,4,1,Up,0,0.33713267205670006,0.003292628694994221,0.23866520419905304,0.002633184336018898,0.959122632103689,0.016269557132200258,0.11527648542768001,17,17
1,1,4,1,Up,1,0.38335886923919654,0.003726171309307698,0.19159914982120413,0.003090206323366452,0.9505347593582888,0.033203695813175144,0.09696299357871521,17,17
1,1,4,1,Up,2,0.3252778385217788,0.005123516949931945,0.1968663157291702,0.005154211599548676,0.9363321799307959,0.036591865921329944,0.10656118618581953,17,17
1,1,4,1,Up,all,0.34858979327255846,0.002566960689352849,0.20904355658314244,0.0015671309751005456,0.9486631904642578,0.014576133363101228,,0,17
1,1,4,2,Down,0,0.3316922712017478,0.0042455318898576505,0.23439237442511773,0.003686633724002716,0.96045197740113,0.027880621045083882,0.12404010424061569,18,18
1,1,4,2,Down,1,0.37767020040346844,0.005682056161595804,0.18972498500114351,0.004099570265647935,0.9053030303030304,0.026652939669002985,0.08895939117449198,18,18
1,1,4,2,Down,2,0.32545943748454653,0.010314008237422546,0.1981591967460663,0.004950888493957384,0.8877995642701525,0.03387213334517483,0.13189881591375896,18,18
1,1,4,2,Down,all,0.3449406363632543,0.005072535318688753,0.2074255187241092,0.002116594462713596,0.9178515239914375,0.024978326573949734,,0,18
1,1,4,3,Left,0,0.3387955038734223,0.004086952611048235,0.2382262621851554,0.004113234082379592,0.9470338983050848,0.01799197238157323,0.1228309010792014,18,18
1,1,4,3,Left,1,0.3838604368930106,0.006217675203498676,0.19453611270377882,0.004727596638375756,0.9648989898989898,0.01762555181271945,0.11266511483672631,18,18
1,1,4,3,Left,2,0.3242464434188048,0.009474660430064487,0.19284818916189847,0.006527933253236847,0.8775599128540305,0.03565255782155615,0.11644100243514363,18,18
1,1,4,3,Left,all,0.3489674613950792,0.004099321539064405,0.2085368546836109,0.0032657312542814453,0.929830933686035,0.017784674443515884,,0,18
1,1,4,4,Right,0,0.3395218241357641,0.001953733348576579,0.2381534938521676,0.0032536360639070583,0.9454137587238286,0.005581803508613817,0.1332457662145383,17,17
1,1,4,4,Right,1,0.3901160778879387,0.005142086322025532,0.19474484086548446,0.00500910423095094,0.9339572192513369,0.027794146584238493,0.11343876245544345,17,17
1,1,4,4,Right,2,0.3260865819821149,0.006146186230220442,0.19960664376629436,0.006774156409093166,0.8913494809688581,0.03798977750262394,0.10922007580055,17,17
1,1,4,4,Right,all,0.3519081613352726,0.0028557601343408667,0.21083499282798213,0.003085315143375756,0.9235734863146745,0.01883565160506634,,0,17
1,2,0,0,Noise,0,0.33427866454864247,0.005834537376519564,0.22814588594474564,0.0076101724839635464,0.9270040015489868,0.055312619720933195,0.14055318050097998,59,61
1,2,0,0,Noise,1,0.3647988896934947,0.0079826817665865,0.18684962105753974,0.008123563553418887,0.8930556532751706,0.037898843327447466,0.12257765519993416,59,61
1,2,0,0,Noise,2,0.2912895090873323,0.01158705999654332,0.19056241605789187,0.006904179111564473,0.8502089360334297,0.05739806468978366,0.14156799314001495,59,61
1,2,0,0,Noise,all,0.33012235444315646,0.004510143423520713,0.20185264102005906,0.004506218127804129,0.8900895302858624,0.027871071364244944,,0,61
1,2,0,1,Up,0,0.33173889632924847,0.004620239590116438,0.2264441221742237,0.005062102702714227,0.938238188976378,0.03819016016781464,0.1099650650859273,16,16
1,2,0,1,Up,1,0.36716137097476814,0.004715300092785841,0.18402836609829185,0.0039807941267456315,0.9015557939914163,0.030927851799337488,0.10200439704373705,16,16
1,2,0,1,Up,2,0.2912368701605708,0.010562149773261597,0.1902601239907601,0.005653889604087174,0.899264705882353,0.05007171583738578,0.14353887723657366,16,16
1,2,0,1,Up,all,0.3300457124881958,0.0035397643764874453,0.20024420408775853,0.0034707798361041657,0.913019562950049,0.018494472999907238,,0,16
1,2,0,2,Down,0,0.335594182786984,0.003669726910961923,0.23436261222395977,0.0037784599691540193,0.9721948818897638,0.010802884648924435,0.1409621829877782,16,16
1,2,0,2,Down,1,0.3568259788784842,0.0034855597296370878,0.18630861492390388,0.0023190782671133167,0.9291845493562232,0.026317098226190352,0.12733898340959413,16,16
1,2,0,2,Down,2,0.2971785685665358,0.010935345328790511,0.1942918015079747,0.004360260785939758,0.8637254901960785,0.03254350689595024,0.11610416409971905,16,16
1,2,0,2,Down,all,0.329866243410668,0.003709575398256837,0.2049876762186128,0.0020826056512961897,0.9217016404806885,0.014566367703519486,,0,16
1,2,0,3,Left,0,0.33812115384742847,0.0029202625542483107,0.23344569732523746,0.0032734360284886635,0.9817913385826772,0.0073126675673254714,0.12427604664140271,16,16
1,2,0,3,Left,1,0.36295242629248553,0.005211052790520295,0.19153172197817767,0.004289126767131803,0.9055793991416309,0.021430596064176216,0.13865868547729845,16,16
1,2,0,3,Left,2,0.292919881532977,0.004907992873891687,0.18900334240741082,0.005260197214153223,0.8534313725490196,0.025449943078853912,0.12463771410024382,16,16
1,2,0,3,Left,all,0.3313311538909637,0.0023265703926641777,0.20466025390360865,0.003272494467485303,0.9136007034244426,0.00970198467820865,,0,16
1,2,0,4,Right,0,0.33242220275478707,0.004718381213466929,0.2261081512748047,0.006452876453193478,0.9761318897637795,0.01821087806611275,0.14847357862559896,16,16
1,2,0,4,Right,1,0.36172497777079216,0.005495736372981334,0.1854445893431193,0.004748892374810275,0.9090665236051502,0.027063310485064898,0.12700113474028132,16,16
1,2,0,4,Right,2,0.28872571995534324,0.007542796028687967,0.1921955670453904,0.004682874439197794,0.8938725490196079,0.05815689800306563,0.16557329953386912,16,16
1,2,0,4,Right,all,0.32762430016030747,0.0026692919636761305,0.20124943588777147,0.003093656330492893,0.9263569874628459,0.023794010973858772,,0,16
1,2,1,0,Noise,0,0.33450645189642236,0.007113659651039084,0.23216680036568252,0.005690961216319294,0.9322043969102792,0.05499137365351322,0.12104701308225174,53,66
1,2,1,0,Noise,1,0.37008054783019545,0.008172383578987039,0.19452742681813529,0.00763007893315081,0.9044339498884953,0.02646130348521833,0.13951574501605923,53,66
1,2,1,0,Noise,2,0.3052586178514954,0.007579721573094227,0.2069963860035415,0.006351591313937234,0.9274582560296846,0.02982059969611769,0.17513046944914346,53,66
1,2,1,0,Noise,all,0.33661520585937105,0.004469620443228085,0.21123020439578644,0.003236790293596319,0.9213655342761531,0.02051407041572244,,0,66
1,2,1,1,Up,0,0.3344709885672712,0.00326534256448872,0.23034832640907887,0.00408547632172897,0.9737024221453288,0.019936688810129517,0.11449738614869573,17,17
1,2,1,1,Up,1,0.3715938035970931,0.0038851864127840085,0.19566863860285963,0.0025631251938792563,0.9475426534250062,0.03546358132895683,0.11597682046467128,17,17
1,2,1,1,Up,2,0.30251189170035786,0.0040615231651241835,0.2069103663994957,0.0035872393165735737,0.9644657863145257,0.024775741597041417,0.1674355473622097,17,17
1,2,1,1,Up,all,0.3361922279549074,0.00300329868240224,0.21097577713714474,0.0019779355824889287,0.9619036206282869,0.02130560263119693,,0,17
1,2,1,2,Down,0,0.3350007088959997,0.002162703141679855,0.23284654532318402,0.002199798087649695,0.9651960784313726,0.017354141238368325,0.119480408340094,16,16
1,2,1,2,Down,1,0.36796199823472103,0.0044834610867479216,0.1960109083785026,0.003594478785382395,0.9304653679653679,0.03362417855996093,0.12476914044414053,16,16
1,2,1,2,Down,2,0.3035934533607743,0.0039928640059315006,0.20159035063586944,0.0030281582615013227,0.9548469387755102,0.015013067564472148,0.16029054545999405,16,16
1,2,1,2,Down,all,0.33551872016383166,0.002030690110153806,0.2101492681125187,0.001584403094796221,0.9501694617240836,0.015131524864232897,,0,16
1,2,1,3,Left,0,0.336136195713526,0.0024453229200859035,0.2325548789043996,0.002327549991567476,0.9904411764705883,0.01032286679561052,0.12244807496072313,16,16
1,2,1,3,Left,1,0.37146166345190845,0.004787975059931024,0.1963333614849398,0.0039637108042823695,0.9218073593073594,0.030670570507073208,0.1449708044628671,16,16
1,2,1,3,Left,2,0.3050764076680058,0.005763207648308076,0.20762984825374117,0.006561481023126002,0.9183673469387755,0.028899957654099112,0.16393530002570703,16,16
1,2,1,3,Left,all,0.3375580889444801,0.0027329094265565366,0.2121726962143602,0.0023452345354835814,0.943538627572241,0.01028513828315915,,0,16
1,2,1,4,Right,0,0.3361136196483511,0.0032043475798742916,0.23301122482076286,0.002867248477927039,0.972549019607843,0.02120912514978819,0.13376669070132657,17,17
1,2,1,4,Right,1,0.3690929154767525,0.0036177810579040054,0.19455955848791873,0.00394351250504895,0.8950853068500128,0.0265771169113193,0.10780305116873358,17,17
1,2,1,4,Right,2,0.3081397481606123,0.005279563956851096,0.20837743306787943,0.0036001262398124953,0.9236494597839136,0.013519134008684068,0.17676564574673123,17,17
1,2,1,4,Right,all,0.337782094428572,0.0025626372165425343,0.21198273879218701,0.0016913555389317773,0.9304279287472564,0.01529852671667099,,0,17
1,2,2,0,Noise,0,0.3373146686527635,0.005853728162525163,0.22565516247988834,0.006532488519959336,0.8770647653000594,0.0686700748452119,0.11797357182160613,51,66
1,2,2,0,Noise,1,0.3521820004716726,0.0070563515217456395,0.18442282678044952,0.006430285200071753,0.8704608064112196,0.03833781991955429,0.13701833084547999,51,66
1,2,2,0,Noise,2,0.3130145138909143,0.011290579831104729,0.20963064722564925,0.008191492783127384,0.8905723905723906,0.0511806157790893,0.15331469838416703,51,66
1,2,2,0,Noise,all,0.3341703943384501,0.004402203580981395,0.20656954549532902,0.0033789259067362716,0.87936598742789,0.0258999777442618,,0,66
1,2,2,1,Up,0,0.3372467788154708,0.002995418066842562,0.22794274172116802,0.0035199656328455693,0.9446366782006921,0.04375410900550686,0.11637410123354022,17,17
1,2,2,1,Up,1,0.3539529581960901,0.006635313681051443,0.1857087190622548,0.003827318630449827,0.917841516771998,0.027753800576600634,0.12236976445396885,17,17
1,2,2,1,Up,2,0.3125672584693037,0.005160192026857422,0.20815605228627132,0.002317026219685128,0.9169692568385379,0.047886173399888037,0.1485259639886551,17,17
1,2,2,1,Up,all,0.33458899849362156,0.002344728192408646,0.2072691710232314,0.0017390071315610191,0.9264824839370761,0.025589987333390546,,0,17
1,2,2,2,Down,0,0.3372240874721052,0.002714916886254396,0.22957738243207937,0.005815397863426008,0.9384803921568627,0.04855399786528172,0.11188466090065073,16,16
1,2,2,2,Down,1,0.3521164218358568,0.005267183578744824,0.18559526990443564,0.004867911182780857,0.9209710743801653,0.04679649443349636,0.12233210641221642,16,16
1,2,2,2,Down,2,0.3173658854799445,0.011340500825165372,0.21113199408508887,0.006885379108546537,0.9282407407407407,0.02902012756932789,0.14338846263203475,16,16
1,2,2,2,Down,all,0.33556879826263547,0.0039062234080209863,0.20876821547386795,0.0022313504785036607,0.9292307357592563,0.02466646025823033,,0,16
1,2,2,3,Left,0,0.33898432004284595,0.003212344537662574,0.22932199937021097,0.004077071208878684,0.982107843137255,0.013657628691647727,0.12711668787234118,16,16
1,2,2,3,Left,1,0.35268789274571866,0.004093691443016546,0.1860572313847985,0.004487578613452802,0.8871384297520661,0.025415462733629858,0.13160911993353752,16,16
1,2,2,3,Left,2,0.3160224334428172,0.004759446855884074,0.2118126994307687,0.005792975243664391,0.941358024691358,0.05134421748206559,0.16121399084238075,16,16
1,2,2,3,Left,all,0.3358982154104606,0.0023827147499458504,0.2090639767285927,0.002578968654573604,0.9368680991935596,0.022406388929014254,,0,16
1,2,2,4,Right,0,0.3406045650142411,0.004575466624581585,0.23304311301191238,0.004855749165980001,0.9510835913312693,0.03818623568681706,0.14488328451147373,19,19
1,2,2,4,Right,1,0.35106701196653084,0.006207722400877588,0.18383315541482287,0.0034647418358704383,0.8634188777729448,0.03408843757105301,0.1231900443749518,19,19
1,2,2,4,Right,2,0.30785389535107455,0.005386322400521626,0.20430463604709584,0.004203313834705923,0.864630712583929,0.026417870500657747,0.16832079569075212,19,19
1,2,2,4,Right,all,0.33317515744394877,0.002811571897293094,0.20706030149127702,0.0027049204314908005,0.8930443938960477,0.02335870693559482,,0,19
1,2,3,0,Noise,0,0.3224871708131419,0.005411839522053047,0.22747766405831002,0.005659508782573471,0.943107088989442,0.04880897430951015,0.13273974521281295,61,65
1,2,3,0,Noise,1,0.35059267959390855,0.009332908195206506,0.19826274256810902,0.00702824752579826,0.8901098901098901,0.051952449524798786,0.11963614443895834,61,65
1,2,3,0,Noise,2,0.304052040728418,0.01296249371605538,0.2152824501883417,0.009381328577050345,0.9214402618657938,0.03708234236013837,0.15292313984024014,61,65
1,2,3,0,Noise,all,0.3257106303784895,0.006035789116640949,0.21367428560492024,0.004877237474294701,0.9182190803217086,0.02433024398841312,,0,65
1,2,3,1,Up,0,0.3201225974156298,0.0022202205461386787,0.22548250027537517,0.0046108861241619965,0.9310265282583622,0.06337094165855862,0.11593570855002064,17,17
1,2,3,1,Up,1,0.3536785378653405,0.006636761553570892,0.20265341631838577,0.006054474107352964,0.9372373949579832,0.03248019397764317,0.12060391679631109,17,17
1,2,3,1,Up,2,0.2987100225783742,0.018176808913388673,0.21549220045421738,0.008328729144770931,0.9449311639549436,0.02848484814146959,0.15382968647655226,17,17
1,2,3,1,Up,all,0.3241703859531148,0.006094099487193391,0.21454270568265943,0.002840265263401445,0.937731695723763,0.023505846391384134,,0,17
1,2,3,2,Down,0,0.32323777854727126,0.004207226878753457,0.2302668716564231,0.0019349616705858109,0.9690888119953865,0.01890313807970093,0.12112712721233157,16,17
1,2,3,2,Down,1,0.3480270941466556,0.006114308028018114,0.1969133825180735,0.0051301889399824885,0.922531512605042,0.04438938018354423,0.10182164002314346,16,17
1,2,3,2,Down,2,0.304897818994405,0.010082596685774648,0.21378350673181867,0.00945508781879215,0.9404255319148936,0.056352862289995836,0.14009499050711696,16,17
1,2,3,2,Down,all,0.3253875638961107,0.002075837659451562,0.21365458696877176,0.0032289914286642916,0.9440152855051073,0.030605605437052024,,0,17
1,2,3,3,Left,0,0.3262782773982927,0.0021448177670655853,0.22610679558360808,0.0028702529705932284,0.9798692810457516,0.013163080653776865,0.11686466607196344,15,15
1,2,3,3,Left,1,0.35213012687066164,0.0073785724432541226,0.19966245786830553,0.007264470397620812,0.9300595238095238,0.049184385756408336,0.11321835455766442,15,15
1,2,3,3,Left,2,0.30656264023517604,0.009627985225831687,0.21298410520153813,0.005939635989697728,0.9282269503546099,0.032917058405230105,0.14638647011498837,15,15
1,2,3,3,Left,all,0.32832368150137675,0.00273270683793981,0.21291778621781723,0.0031973963896010558,0.9460519184032952,0.020890086268208846,,0,15
1,2,3,4,Right,0,0.32541172674520297,0.002815086982057807,0.23298323180952818,0.005022014729092311,0.9688725490196078,0.014635999534660188,0.138245244344982,16,16
1,2,3,4,Right,1,0.3457929378809454,0.008175990893844772,0.19350155893782844,0.005464920935042994,0.892578125,0.022673927978881302,0.12146030795918222,16,16
1,2,3,4,Right,2,0.30322414376214124,0.016133903781124646,0.21831565545787696,0.005819978874815032,0.9444148936170212,0.017474031693129513,0.16004345866086064,16,16
1,2,3,4,Right,all,0.32480960279609655,0.005780035825551033,0.21493348206841117,0.0030562150093017475,0.9352885225455431,0.013445689683487992,,0,16
1,2,4,0,Noise,0,0.33417251811266907,0.006760464494315823,0.23098829730221015,0.005144144551440046,0.9275414781297134,0.043839579529546244,0.14492120131071345,54,65
1,2,4,0,Noise,1,0.37062546590479006,0.008605876382233731,0.1927075504489327,0.0076566949829409816,0.8758974358974358,0.047792683025827495,0.1022379067648021,54,65
1,2,4,0,Noise,2,0.33154867499195184,0.011624510467512134,0.21850388058656076,0.009129892313424509,0.9255128205128205,0.03853820150743088,0.1515357268892189,54,65
1,2,4,0,Noise,all,0.3454488863364703,0.00422770860450488,0.21406657611256785,0.004346999915309031,0.90965057817999,0.028297885126673784,,0,65
1,2,4,1,Up,0,0.3298863090503025,0.006067475694877947,0.2301932854556874,0.00366121370176378,0.9244671781756181,0.04740244997403708,0.1371050698955181,20,23
1,2,4,1,Up,1,0.3732555485512456,0.005986742328052575,0.19423097904385217,0.005439303799955641,0.9118840579710145,0.0527178658167687,0.1032087813490801,20,23
1,2,4,1,Up,2,0.33407268355057956,0.010872454790387074,0.21802469049780143,0.007873684107144991,0.9559782608695653,0.02844968553321731,0.15358774372648873,20,23
1,2,4,1,Up,all,0.3457381803840425,0.0035378528727774464,0.21414965166578034,0.004136399825756062,0.9307764990053993,0.021390826888687584,,0,23
1,2,4,2,Down,0,0.32895386224644996,0.004503428161514191,0.22783635281504544,0.0034193895793161845,0.9511312217194571,0.025141679003349862,0.13110208243401938,13,13
1,2,4,2,Down,1,0.35778455945876064,0.0054884499690972715,0.1920628095986661,0.0031059231079404127,0.9070085470085469,0.03054843221811047,0.10245067908418538,13,13
1,2,4,2,Down,2,0.3315083519130399,0.009116621721925695,0.21964054742185038,0.004655298274459385,0.925,0.028917587241190312,0.1416605730266549,13,13
1,2,4,2,Down,all,0.3394155912060835,0.001267710700227679,0.21317990327852065,0.0013862494566552165,0.927713256242668,0.01814328646296311,,0,13
1,2,4,3,Left,0,0.3380191721337304,0.004053751770801831,0.22885018153460873,0.0024122817632162576,0.9583333333333334,0.01833097394905133,0.15998000773897736,16,16
1,2,4,3,Left,1,0.3714525353913931,0.006259801220292396,0.1936149344396427,0.004075001378715867,0.9141666666666667,0.02454357005970647,0.0891723844077126,16,16
1,2,4,3,Left,2,0.3217204588576618,0.0058485676583111355,0.2102012153343941,0.007468558565015639,0.9661458333333334,0.024761594740122732,0.16825968891497511,16,16
1,2,4,3,Left,all,0.3437307221275951,0.003093641048278772,0.21088877710288184,0.0031128370757984368,0.9462152777777777,0.016099541613893445,,0,16
1,2,4,4,Right,0,0.332875138908671,0.00512829789583569,0.22411831680013444,0.005323886412465118,0.9274509803921569,0.027544192817915644,0.1339540525392917,16,16
1,2,4,4,Right,1,0.3716213996178791,0.0047447826055719445,0.19340482358288322,0.003986684183674662,0.9083333333333333,0.01870718706103688,0.11136599393209895,16,16
1,2,4,4,Right,2,0.3324047960150798,0.009904690788571988,0.22222533534218242,0.006300471676808805,0.9463541666666667,0.026521959804129337,0.15323164724728744,16,16
1,2,4,4,Right,all,0.3456337781805433,0.003831724064153578,0.2132494919084,0.0022405754107759366,0.9273794934640524,0.016324620805004905,,0,16
1,3,0,0,Noise,0,0.33750654983025263,0.00828233670664391,0.22504703309986712,0.006077250768763251,0.8996539792387542,0.04085671122096109,0.15119058663441715,54,68
1,3,0,0,Noise,1,0.3699394233142665,0.009677701629579179,0.19041965629851573,0.008456186292727177,0.8925388337153043,0.04468853798291814,0.10457333142994088,54,68
1,3,0,0,Noise,2,0.34056675534103825,0.014779700610268882,0.21736288091494496,0.011970593194974623,0.9165471066475371,0.046526360927634645,0.13959622582293404,54,68
1,3,0,0,Noise,all,0.34933757616185246,0.005800079704374532,0.2109431901044426,0.005067097804174194,0.9029133065338653,0.02280323935323721,,0,68
1,3,0,1,Up,0,0.3351721327136145,0.0063165191545624545,0.2232892838879346,0.004536251242179353,0.9087719298245613,0.04227383286637853,0.13477374468246828,18,19
1,3,0,1,Up,1,0.37175644781542316,0.00878659204951444,0.19066151487408947,0.007196653997344819,0.9286853497379814,0.038917415079849554,0.09619070213534131,18,19
1,3,0,1,Up,2,0.3435579393801026,0.011785531670282762,0.2159116614414378,0.012272996488817236,0.9550706033376123,0.023133604869812252,0.12178618328795775,18,19
1,3,0,1,Up,all,0.3501621733030468,0.003074463474980905,0.20995415340115398,0.003731576828609479,0.9308426276333851,0.014171659974442068,,0,19
1,3,0,2,Down,0,0.3349786322950098,0.005193433614154601,0.22396559208269431,0.004041959287014178,0.9301470588235294,0.03490618319175016,0.1350723227129679,16,16
1,3,0,2,Down,1,0.3624242501236243,0.004468580861073323,0.19392607800608033,0.005061722402812028,0.9188311688311688,0.03966023248124634,0.09934957480484007,16,16
1,3,0,2,Down,2,0.34231819577902634,0.014123853716020445,0.21952371705611906,0.011311524294710187,0.9451219512195121,0.031904742878615576,0.14346963544804187,16,16
1,3,0,2,Down,all,0.34657369273255345,0.004161811753624089,0.21247179571496455,0.0034609984323629318,0.9313667262914035,0.019356978190441732,,0,16
1,3,0,3,Left,0,0.3392720406164501,0.006441344105530724,0.2234306045106642,0.00370489839792943,0.9368191721132898,0.021347885365593892,0.1310591505622177,17,18
1,3,0,3,Left,1,0.3666345806562047,0.006426741613911984,0.19399991905941952,0.00455036248971027,0.9124579124579125,0.029041952708185527,0.10638323222269688,17,18
1,3,0,3,Left,2,0.3394814780419743,0.011046736654231533,0.217069819285127,0.011695631839568734,0.9523486901535682,0.02430263060266907,0.14514991763378884,17,18
1,3,0,3,Left,all,0.34846269977154304,0.00360690108985982,0.21150011428507023,0.003933583683700818,0.9338752582415901,0.013733515455168118,,0,18
1,3,0,4,Right,0,0.3375959733479869,0.005617232814288762,0.22370939331788975,0.0028357722343663027,0.9181084198385236,0.020512575869986307,0.13223740393270667,17,17
1,3,0,4,Right,1,0.3678594629185554,0.007782472118183632,0.1894239384039032,0.007483678170065553,0.8887191240132416,0.033243424096963334,0.1183455455546763,17,17
1,3,0,4,Right,2,0.3441458820903484,0.01487165713231682,0.21797607459860818,0.01260865644628856,0.923481587757054,0.03159360780306533,0.15199817197827759,17,17
1,3,0,4,Right,all,0.34986710611896354,0.00446906703848969,0.21036980210680037,0.0032863196754535588,0.9101030438696065,0.0188910412243026,,0,17
1,3,1,0,Noise,0,0.3342508577243478,0.005601862084277056,0.22893581648613276,0.004073087656939424,0.8792279411764706,0.04111301670466558,0.1301747235439406,48,64
1,3,1,0,Noise,1,0.3671591400517975,0.008535206362158647,0.18646112173150134,0.007354205161230585,0.9435835040983607,0.03592025779989566,0.12127343378776112,48,64
1,3,1,0,Noise,2,0.3507794643993011,0.011585017414448088,0.20626141732762715,0.007343335742321997,0.889139979338843,0.037256013733809636,0.1303340510621191,48,64
1,3,1,0,Noise,all,0.3507298207251488,0.004522218452342359,0.20721945184842042,0.0028876087894365936,0.903983808204558,0.026545511285092777,,0,64
1,3,1,1,Up,0,0.33449294940211366,0.002851760426471281,0.2312789254962222,0.002861885017343036,0.9181084198385236,0.039845008084386936,0.1307072264465782,17,17
1,3,1,1,Up,1,0.3624206172868642,0.007110886726569878,0.1802644063893091,0.004885847878929277,0.9363548698167792,0.0294867595977255,0.1105788828547082,17,17
1,3,1,1,Up,2,0.3491621639801466,0.012166698802912207,0.20326267077862756,0.005930256992496897,0.916626154594069,0.0329036724260384,0.1313540235304369,17,17
1,3,1,1,Up,all,0.34869191022304147,0.004155833987747459,0.2049353342213863,0.002227329215026478,0.9236964814164573,0.022978484930670378,,0,17
1,3,1,2,Down,0,0.33397751838487527,0.0024251219915291796,0.2270525828622353,0.0017303718073115074,0.9017301038062284,0.023751832250304885,0.11334822409314542,17,17
1,3,1,2,Down,1,0.3671316691993462,0.00345748658849291,0.18389676868371171,0.004876577275632046,0.9537126325940212,0.029722465525621616,0.12996059421383427,17,17
1,3,1,2,Down,2,0.3537673091275658,0.005464805232569894,0.2061876928208988,0.005745551413837073,0.9093339815264949,0.023893383673566165,0.12353443972522653,17,17
1,3,1,2,Down,all,0.3516254989039291,0.0024722923698344396,0.20571234812228195,0.002725378491299739,0.9215922393089149,0.017277778900899828,,0,17
1,3,1,3,Left,0,0.3339222511758495,0.002704958088283976,0.22805854876104886,0.0030372628948908778,0.9080882352941176,0.01607165487677048,0.11378976687836685,16,16
1,3,1,3,Left,1,0.3698841083360549,0.007355761543984849,0.18724526201214145,0.0022428921618412438,0.9626024590163934,0.00944995825438319,0.12474364019390946,16,16
1,3,1,3,Left,2,0.3497263654422831,0.007298442106514353,0.20719251400253297,0.0030975274519597093,0.8990185950413223,0.026263519236457766,0.11948162331152576,16,16
1,3,1,3,Left,all,0.3511775749847291,0.0036453123071055497,0.2074987749252411,0.0016509132108270346,0.9232364297839445,0.010282196634478259,,0,16
1,3,1,4,Right,0,0.333814089299319,0.0037693766012183412,0.22763983097374724,0.0020593185002065425,0.9071078431372549,0.035387494487680235,0.11317623745428794,16,16
1,3,1,4,Right,1,0.36555625910358097,0.0065459203695646066,0.1894446553820899,0.0032809058785699327,0.9628586065573771,0.023778439880933974,0.1270223444604704,16,16
1,3,1,4,Right,2,0.3466309298440855,0.00732923546661499,0.20440550434794538,0.007276669249809707,0.9103822314049587,0.030355029890093036,0.1395980787110694,16,16
1,3,1,4,Right,all,0.34866709274899516,0.0034372409167354972,0.20716333023459416,0.00230659859558663,0.9267828936998636,0.02308033007949732,,0,16
1,3,2,0,Noise,0,0.37323718103454995,0.005825511562278345,0.23215281175384725,0.005850748245802279,0.9293799212598425,0.027553474893476124,0.13730589162959073,52,64
1,3,2,0,Noise,1,0.3750408597434809,0.008185304362393253,0.17475384585246415,0.007105173594011657,0.8846200980392157,0.06034874890567445,0.13266332960372476,52,64
1,3,2,0,Noise,2,0.34712913507851956,0.011033276390154192,0.19103223900179556,0.006456771455106194,0.8464566929133859,0.046878139368744784,0.12949842245704396,52,64
1,3,2,0,Noise,all,0.3651357252855168,0.004928925884006652,0.19931296553603567,0.003102871391370387,0.8868189040708147,0.021021085436743022,,0,64
1,3,2,1,Up,0,0.37134327395901706,0.004051484940914178,0.2338755892414194,0.002570453989489524,0.962714219546086,0.01998383696600708,0.12761314148273883,17,17
1,3,2,1,Up,1,0.37154627216730196,0.007575896648473302,0.17257340639082158,0.005953485743164954,0.8784313725490196,0.04716083714041452,0.10490634581314678,17,17
1,3,2,1,Up,2,0.34737553278587524,0.007057941971142918,0.19009176387733193,0.0036015744846666885,0.887447892542844,0.048078644882113955,0.12715491940588178,17,17
1,3,2,1,Up,all,0.3634216929707314,0.004217837163631052,0.1988469198365243,0.0020916494327132664,0.9095311615459832,0.02282581033839677,,0,17
1,3,2,2,Down,0,0.3723850027989023,0.002172482780619735,0.23759094490508106,0.002252108949468127,0.9697342519685039,0.018783488910181473,0.13138885869202196,16,16
1,3,2,2,Down,1,0.3752356209072272,0.0050255268482459915,0.17803169968881907,0.003965594074276262,0.9357843137254902,0.0420388986428392,0.12912922297758087,16,16
1,3,2,2,Down,2,0.35053486235511205,0.00590378764407495,0.1914847849004289,0.005407399618682071,0.858513779527559,0.028516142381829177,0.12162499400587971,16,16
1,3,2,2,Down,all,0.3660518286870805,0.0029356801066336108,0.20236914316477633,0.002399189718590864,0.921344115073851,0.016022077588784205,,0,16
1,3,2,3,Left,0,0.37543075076224713,0.002287740263915939,0.2316180851974456,0.0019796890114561973,0.9542322834645669,0.018290498510192058,0.13270163559398407,16,16
1,3,2,3,Left,1,0.37312936675957786,0.004232922445261449,0.17748229048060635,0.0027134998064553997,0.9026960784313726,0.014263498590062224,0.11804451153203445,16,16
1,3,2,3,Left,2,0.3491937049862443,0.008269892299107448,0.19025782869878238,0.0036378207084014616,0.8730314960629921,0.027333157413716162,0.1251740663381147,16,16
1,3,2,3,Left,all,0.3659179408360231,0.0029819168517666245,0.19978606812561145,0.001634336398501092,0.9099866193196439,0.01609302539021841,,0,16
1,3,2,4,Right,0,0.3739800591222053,0.0027800364774174927,0.23265065912086447,0.0032562239166764643,0.9333169291338582,0.027595354796424464,0.13015270578134783,16,16
1,3,2,4,Right,1,0.37492821388766023,0.006969501715371844,0.1788115581287778,0.007539428095235348,0.9340686274509804,0.05279269907853173,0.1332346326626207,16,16
1,3,2,4,Right,2,0.34332396351221445,0.007645184702015781,0.19142534407255016,0.0049910996269128365,0.8486712598425197,0.04421544971325424,0.1481773366920442,16,16
1,3,2,4,Right,all,0.36407741217402667,0.004061677096617425,0.20096252044073082,0.0028986688754804864,0.9053522721424527,0.014143925402727527,,0,16
1,3,3,0,Noise,0,0.3636899822671685,0.007183304391649407,0.23467629832209413,0.006365773053416535,0.9098039215686274,0.03525778812878734,0.13384381028095993,44,61
1,3,3,0,Noise,1,0.3953486796374015,0.01181067809891909,0.18571870864361698,0.008514799218434888,0.9030525720746184,0.04274001199009066,0.08733879204892202,44,61
1,3,3,0,Noise,2,0.35560190946712394,0.008547732441604379,0.20410462794057682,0.007598939832481705,0.9358574030705179,0.0489517024578975,0.150310667897928,44,61
1,3,3,0,Noise,all,0.37154685712389796,0.0055769968799271276,0.20816654496876263,0.004507362567841698,0.9162379655712546,0.020727581455426615,,0,61
1,3,3,1,Up,0,0.3603730455667094,0.005033349475617259,0.23727513490009877,0.003967823661235957,0.9354094579008074,0.025229345820687397,0.11370227175290062,17,17
1,3,3,1,Up,1,0.39012500812849543,0.009700984549844882,0.18357554598429865,0.004453336591685168,0.9345841784989858,0.03667706119448357,0.08390709153161127,17,17
1,3,3,1,Up,2,0.36068664729818134,0.0077632799542608705,0.20535493793738113,0.004979477604929295,0.9166666666666667,0.02982796900470817,0.13955299546335556,17,17
1,3,3,1,Up,all,0.3703949003311287,0.004237638069024385,0.20873520627392617,0.002868041055518389,0.92888676768882,0.021794041600867137,,0,17
1,3,3,2,Down,0,0.3613325600548002,0.005585260597000902,0.23493599973768017,0.0026382623003145854,0.9355392156862745,0.02895837914439913,0.1393601811863459,16,16
1,3,3,2,Down,1,0.38936147305940366,0.0034503219304238015,0.1839523499116713,0.0047030674090652045,0.9431573275862069,0.04308099271389213,0.09741227729130443,16,16
1,3,3,2,Down,2,0.3527437833904348,0.005624211792308018,0.2018020034123223,0.006468309569248149,0.9620535714285714,0.04708627779830662,0.16129085206888982,16,16
1,3,3,2,Down,all,0.3678126055015462,0.002362887051778011,0.20689678435389125,0.002787809770411246,0.946916704900351,0.021353732213745855,,0,16
1,3,3,3,Left,0,0.36925481617823885,0.004592492917991297,0.23194770822441801,0.004769686783602752,0.9279411764705883,0.038844649962461245,0.13069929165448016,16,16
1,3,3,3,Left,1,0.3967643419828225,0.007008264772932294,0.1851626616404859,0.002843072093385513,0.9404633620689655,0.03125000000000003,0.10199699861784638,16,16
1,3,3,3,Left,2,0.3524850274184072,0.00622018724637407,0.19840496640765848,0.006117990661580262,0.9449404761904762,0.028129854918170303,0.14316585363580925,16,16
1,3,3,3,Left,all,0.3728347285264895,0.003918949885438341,0.2051717787575208,0.0027741095366892628,0.9377816715766767,0.015610159085536571,,0,16
1,3,3,4,Right,0,0.36342583669674816,0.005852025486722001,0.23290309363899123,0.003298956690875085,0.9031141868512111,0.0364401281686867,0.12488315284854956,17,17
1,3,3,4,Right,1,0.3961743877515146,0.006597798044254374,0.18687213385382356,0.0036873232416436653,0.9188640973630832,0.029362406781694654,0.10624420446037897,17,17
1,3,3,4,Right,2,0.35604378313001095,0.004912547467823098,0.20499380045813634,0.005783830218436991,0.9591503267973858,0.035762883213585034,0.1672532567419191,17,17
1,3,3,4,Right,all,0.37188133585942457,0.003338144424976062,0.20825634265031703,0.0026582025678664003,0.9270428703372267,0.012872755490247962,,0,17
1,3,4,0,Noise,0,0.359763228035984,0.010004813062609159,0.23714820932148697,0.005496673859964667,0.9093879976232917,0.03064100941389824,0.13407330503522236,36,66
1,3,4,0,Noise,1,0.39251330722665306,0.015587546863288077,0.18446198136557593,0.008682171619170453,0.8920372556736194,0.04548468808773898,0.10176416479444887,36,66
1,3,4,0,Noise,2,0.3443794007413999,0.010658456310319558,0.20499494882622907,0.00998371758327469,0.9133503711816965,0.058368853148721714,0.14770752783383456,36,66
1,3,4,0,Noise,all,0.36555197866801226,0.007336253356523818,0.208868379837764,0.005295723463287459,0.9049252081595358,0.02791081043518223,,0,66
1,3,4,1,Up,0,0.35027190958118454,0.005811296892832155,0.23575989266671477,0.002832601302215886,0.9185697808535178,0.04090784017123618,0.12285530636137487,17,17
1,3,4,1,Up,1,0.38357198995654485,0.013915551656240565,0.18368647087548268,0.008216585876064436,0.9195314489432136,0.05297635792149074,0.09585701726127532,17,17
1,3,4,1,Up,2,0.35487428347837435,0.0069151076401312035,0.20913876731897368,0.003200701117770543,0.9437751004016064,0.03583648252525049,0.1357107323093098,17,17
1,3,4,1,Up,all,0.362906061005368,0.005192660795677052,0.20952837695372373,0.0034716477724048393,0.9272921100661127,0.03680322027248391,,0,17
1,3,4,2,Down,0,0.3612280732416727,0.0048790913363124435,0.238805005822388,0.0025784719318199933,0.9559400230680507,0.016200481987213928,0.12508641880471275,17,17
1,3,4,2,Down,1,0.39111586619926997,0.006096079254546298,0.18452851107456508,0.006597189500932533,0.9223325693913929,0.028199674996978084,0.11207206754306562,17,17
1,3,4,2,Down,2,0.34114145160490533,0.010847231088211302,0.2009867867249314,0.007476556885974461,0.9307819513347507,0.04729607150572156,0.14527124139353245,17,17
1,3,4,2,Down,all,0.36449513034861597,0.004261160342911616,0.20810676787396148,0.0037191388467312414,0.9363515145980648,0.02062754037326167,,0,17
1,3,4,3,Left,0,0.36459955765720636,0.0054771471107907645,0.23905538908533008,0.0020785117433459715,0.9360294117647059,0.033817134945423086,0.12860237479034825,16,16
1,3,4,3,Left,1,0.3976392096218672,0.006550666532210384,0.18507386112074614,0.005144991836789344,0.9228896103896104,0.02280958091057224,0.11859004368487878,16,16
1,3,4,3,Left,2,0.3421622113968634,0.009697870444238477,0.19665332908920524,0.006709060434466688,0.9076305220883534,0.05551279785545842,0.13278563003545232,16,16
1,3,4,3,Left,all,0.3681336595586457,0.002553447962846766,0.2069275264317605,0.003124916555217081,0.9221831814142232,0.017411646943900058,,0,16
1,3,4,4,Right,0,0.35970894637782774,0.007507958900088571,0.23694726573386704,0.004442094938417074,0.929847494553377,0.030757785464725122,0.12875058708214102,18,18
1,3,4,4,Right,1,0.389995092650732,0.008591220653533113,0.18441610753691243,0.006556196579609323,0.916065416065416,0.04045024459900596,0.10823097524397128,18,18
1,3,4,4,Right,2,0.34520670928800806,0.009433320909443642,0.20838296848440976,0.006691359394458761,0.9607318161535028,0.027327142014464657,0.16370137240520538,18,18
1,3,4,4,Right,all,0.3649702494388559,0.00368781231683104,0.20991544725172975,0.00336248357108695,0.935548242257432,0.018436480713685727,,0,18
1,4,0,0,Noise,0,0.361710539109765,0.004911384626139205,0.2481685402269088,0.004550806319210102,0.9237879767291532,0.04176577400992701,0.1372135903360336,51,65
1,4,0,0,Noise,1,0.38245001553935737,0.007526670866908385,0.17680426242411293,0.0064123647689853,0.891063829787234,0.04175989268894839,0.12893754034169685,51,65
1,4,0,0,Noise,2,0.31453813196350316,0.013547268021545001,0.189092796989231,0.00689829614569251,0.9179487179487179,0.04707571026829405,0.1510001090463342,51,65
1,4,0,0,Noise,all,0.35289956220420854,0.004591260238127245,0.20468853321341757,0.003527257893796764,0.910933508155035,0.026725226276595616,,0,65
1,4,0,1,Up,0,0.3616880565817069,0.0037092746375353546,0.25056556105578537,0.0019026575423635751,0.9782501235788433,0.013139517245190378,0.12657996678204872,17,17
1,4,0,1,Up,1,0.3805122180237865,0.005051813165143109,0.17730097526986524,0.0033943719769514496,0.9239048811013767,0.039372694064454185,0.11536994965213089,17,17
1,4,0,1,Up,2,0.3166366225508316,0.01243298875924853,0.1857780320846558,0.00497449725693392,0.9515570934256055,0.024877291179650523,0.14979547147072775,17,17
1,4,0,1,Up,all,0.35294563238544163,0.0057074464459033305,0.20454818947010214,0.0023376923153305665,0.9512373660352751,0.017439022255535647,,0,17
1,4,0,2,Down,0,0.36218912504987527,0.002361718165363555,0.25053275006772097,0.002358449169145649,0.9771533613445378,0.005734178178132898,0.14688128755667976,16,16
1,4,0,2,Down,1,0.37865233925237984,0.003572952787049769,0.17443197082951248,0.0061935832110917395,0.925531914893617,0.02744598382399508,0.10112379596513893,16,16
1,4,0,2,Down,2,0.3094533462708317,0.005340566099022893,0.18882677793350772,0.005652794689857122,0.9379901960784314,0.026797784151348644,0.14349378799965284,16,16
1,4,0,2,Down,all,0.3500982701910289,0.002514775335810747,0.2045971662769137,0.0029419103302045844,0.9468918241055287,0.014386392918651451,,0,16
1,4,0,3,Left,0,0.3602739623004342,0.002614630363605232,0.24404496622167826,0.003504666167051225,0.9086134453781513,0.025923609302912834,0.13417037008797533,16,16
1,4,0,3,Left,1,0.3846603632315776,0.004826012285339802,0.17157080317493884,0.006198297180217161,0.9247340425531915,0.047250492311625265,0.1164788345722218,16,16
1,4,0,3,Left,2,0.3128864334211508,0.00831907782753508,0.1908500909168475,0.004395035846865876,0.9406862745098039,0.021805003029558574,0.1470240929931706,16,16
1,4,0,3,Left,all,0.3526069196510542,0.004226397861721271,0.20215528677115485,0.0024089504079301237,0.9246779208137156,0.01853619081138123,,0,16
1,4,0,4,Right,0,0.3588373903969675,0.0031964548151621045,0.25036548044560175,0.003048128501758431,0.9424894957983193,0.0334983586535756,0.14457588210809558,16,16
1,4,0,4,Right,1,0.3864798277185091,0.008145344863845466,0.17745463378616597,0.0074843474971231,0.8901595744680851,0.03369391511085065,0.12985166289210937,16,16
1,4,0,4,Right,2,0.31010453587263975,0.006900972465480577,0.18744769480104043,0.006210391122150198,0.9090686274509804,0.03481795721773606,0.14968625764312082,16,16
1,4,0,4,Right,all,0.35180725132937213,0.004631375727230673,0.20508926967760271,0.003152348729590293,0.9139058992391282,0.017555327988834624,,0,16
1,4,1,0,Noise,0,0.38243385494536075,0.006253056836180106,0.2437454145761424,0.006473973994798188,0.9151892367660003,0.042857443762880046,0.15483318759819084,36,66
1,4,1,0,Noise,1,0.3938317840139798,0.007187876087255183,0.16903673884693038,0.00642210053525623,0.8614175225053886,0.03800585841959314,0.10872683157746421,36,66
1,4,1,0,Noise,2,0.3295559768402377,0.014004778713687445,0.1902170720088918,0.007801067960478657,0.9114676173499703,0.06740628006387459,0.14767350349206174,36,66
1,4,1,0,Noise,all,0.3686072052665261,0.006082041943453845,0.20099974181065486,0.004019331910199829,0.8960247922071197,0.031836560035085684,,0,66
1,4,1,1,Up,0,0.38004137497254453,0.004490919632740136,0.2442572853402357,0.0023598009778152806,0.9787649499633879,0.015447890434495425,0.1365023329495072,17,17
1,4,1,1,Up,1,0.394442216361218,0.004313915221829158,0.16987237971477848,0.0032362162098420145,0.9237016982525228,0.022017743230728474,0.10856156711669594,17,17
1,4,1,1,Up,2,0.33106071548662974,0.008567939706193016,0.18913010113319967,0.004120836981851623,0.9755478662053058,0.017945698121131986,0.15293007461062652,17,17
1,4,1,1,Up,all,0.3685147689401308,0.0022397246788674534,0.20108658872940463,0.001745712068275628,0.9593381714737388,0.0067357595971340185,,0,17
1,4,1,2,Down,0,0.38096713581732544,0.0030884049806309405,0.24720313419086964,0.003341513055904944,0.9731510861606054,0.015533701357574337,0.14548188891889224,17,17
1,4,1,2,Down,1,0.39006652776896505,0.0037607377844561685,0.16967314345971246,0.003552198444934464,0.8663549101649027,0.03663987459751642,0.11183094498451976,17,17
1,4,1,2,Down,2,0.33251604861673656,0.006765786431944449,0.19108485231798442,0.003313790942104302,0.9614763552479815,0.014290559693134364,0.16230643453800025,17,17
1,4,1,2,Down,all,0.3678499040676757,0.002413051160001215,0.20265370998952217,0.0014397051538835985,0.9336607838578299,0.016337262627881,,0,17
1,4,1,3,Left,0,0.38049369371891234,0.004190958197705643,0.2435936082047787,0.004836089788570719,0.9183955739972336,0.01603892863651129,0.13324648064301955,18,18
1,4,1,3,Left,1,0.3959048963611716,0.0038252387587252522,0.16891517366845044,0.003820102251148148,0.9565318456531846,0.02486301382280515,0.10818201093936447,18,18
1,4,1,3,Left,2,0.3356470894488504,0.010643660158295211,0.1931183210625394,0.004278180399358188,0.9531590413943355,0.018318495175125613,0.1490600929936493,18,18
1,4,1,3,Left,all,0.37068189317631145,0.004979860295539221,0.2018757009785895,0.0024244007365915423,0.942695487014918,0.0077869685738968545,,0,18
1,4,1,4,Right,0,0.3781601216315485,0.002805737656216338,0.23988863424251577,0.004649291863256648,0.9150597998535513,0.031089806850218095,0.1485727808102356,17,17
1,4,1,4,Right,1,0.3974246220469747,0.006150478387746558,0.1741251887059237,0.005923349231242674,0.9081959143490033,0.02904375260961578,0.14125101641639382,17,17
1,4,1,4,Right,2,0.31958370292104654,0.005719181293144811,0.18367227101533004,0.0054717262172684,0.8572087658592848,0.050641004996179635,0.16015090361277112,17,17
1,4,1,4,Right,all,0.3650561488665232,0.0022272080643977545,0.19922869798792317,0.0023802183820296027,0.8934881600206132,0.016393865313197094,,0,17
1,4,2,0,Noise,0,0.37606553772813495,0.006905488766669526,0.2371950674529255,0.00687248547979895,0.8899961962723469,0.039478249270824155,0.141571046536997,27,55
1,4,2,0,Noise,1,0.39569451619303475,0.007931658979160306,0.1682080547208914,0.006210418102702653,0.9227272727272727,0.04826475939674712,0.11877563128101143,27,55
1,4,2,0,Noise,2,0.3304958991797985,0.012698525062749568,0.19154600744671255,0.007436659816083178,0.926488413547237,0.06291379908873565,0.15370358504092133,27,55
1,4,2,0,Noise,all,0.36741865103365606,0.005698375762137785,0.19898304320684315,0.004448449733331923,0.9130706275156188,0.02819140128575467,,0,55
1,4,2,1,Up,0,0.3821711123064073,0.0029149346040289975,0.2463354156640781,0.00467409070090368,0.9638198375584544,0.021485120188246467,0.11221001391935786,17,17
1,4,2,1,Up,1,0.39213262215152445,0.004396375807014855,0.172144110273728,0.003586750851391162,0.9514705882352942,0.026143184480304667,0.1108074591217554,17,17
1,4,2,1,Up,2,0.32525866280639426,0.0066198399554305235,0.19067895424388215,0.004053726537197902,0.9637831603229526,0.022293066169553982,0.15755138133951022,17,17
1,4,2,1,Up,all,0.36652079908810864,0.0032496226438773583,0.2030528267272294,0.003520754493878101,0.9596911953722338,0.011798906259423122,,0,17
1,4,2,2,Down,0,0.38217281546799886,0.0017892191035428294,0.2474218798248766,0.0028774549838353927,0.9639121338912134,0.030398384611140913,0.15559520939981555,16,16
1,4,2,2,Down,1,0.3911419451796117,0.003001414986079693,0.16828181057267197,0.0049377676234616434,0.92109375,0.027405931282195917,0.1093879339511353,16,16
1,4,2,2,Down,2,0.3325303085272274,0.007343705826605307,0.1900749726042297,0.006054559211257767,0.9674019607843137,0.01458336766074936,0.16594127101432166,16,16
1,4,2,2,Down,all,0.3686150230582793,0.003002579085326026,0.20192622100059276,0.002094255206235862,0.9508026148918424,0.0096981235131194,,0,16
1,4,2,3,Left,0,0.37752605569082154,0.004289060503000848,0.2372505588092886,0.003660912216069562,0.8929362539995077,0.020923578410292302,0.11630873299232775,17,17
1,4,2,3,Left,1,0.3903000616732636,0.005256810774067583,0.16973997559313284,0.002912208559841423,0.963970588235294,0.018746595551492586,0.09269063092354245,17,17
1,4,2,3,Left,2,0.338924504998239,0.013515096975523411,0.19370915353100973,0.0051250386428927045,0.9637831603229526,0.020913831184251143,0.15529972607458142,17,17
1,4,2,3,Left,all,0.36891687412077473,0.005192288340309173,0.2002332293111437,0.001982856732681934,0.9402300008525849,0.009158359797777954,,0,17
1,4,2,4,Right,0,0.3760843082398505,0.0016726728506294445,0.24055015226291404,0.0029542187358632508,0.9030273197144967,0.018312030739026368,0.12449495942777546,17,17
1,4,2,4,Right,1,0.39682561869947075,0.002248646921431496,0.17210808935712874,0.0021785866132690893,0.95,0.03186887195995493,0.14017605151108717,17,17
1,4,2,4,Right,2,0.32298443396284604,0.005467517785083953,0.18896018289283392,0.008399343313559586,0.8726643598615917,0.07881179367150677,0.16645744858406508,17,17
1,4,2,4,Right,all,0.3652981203007224,0.002183260684821116,0.20053947483762555,0.0037564158201218254,0.9085638931920295,0.024629644334129435,,0,17
1,4,3,0,Noise,0,0.3747846515269908,0.005236323295044617,0.2299864380078096,0.005462380369547135,0.8735567269076305,0.04168701467250816,0.14826812774434875,44,64
1,4,3,0,Noise,1,0.39820639750132253,0.007534247213615223,0.16479879259881802,0.004984447538633059,0.9185222672064777,0.05364993846880419,0.13400084656005606,44,64
1,4,3,0,Noise,2,0.3462761736486222,0.011429399593088892,0.1925529128891795,0.006046089168976642,0.9506127450980392,0.03897666811070773,0.149612025356592,44,64
1,4,3,0,Noise,all,0.3730890742256452,0.005164226316289852,0.19577938116526905,0.0033588117313948325,0.9142305797373825,0.027656591042206153,,0,64
1,4,3,1,Up,0,0.37506288280432803,0.003977119471444588,0.2350322783558469,0.004052313200538858,0.9421214268840066,0.019574905662131985,0.12802878189152334,17,17
1,4,3,1,Up,1,0.3948607364213521,0.0055877911732110435,0.16389375930404343,0.0037144911951547737,0.9299833293641343,0.04450598802750347,0.10173812017077574,17,17
1,4,3,1,Up,2,0.3428921820983442,0.005784620605995831,0.194972293196633,0.0043626809235718985,0.9810841983852365,0.024262885418643666,0.1724316757132142,17,17
1,4,3,1,Up,all,0.3709386004413414,0.003237679908942034,0.19796611028550776,0.0030217101714738086,0.9510629848777924,0.019272613997011648,,0,17
1,4,3,2,Down,0,0.37997016930521793,0.001493818017237715,0.23784974021230926,0.00207258217032406,0.9688755020080322,0.022264117537333164,0.15065992542194115,16,16
1,4,3,2,Down,1,0.3985813853763209,0.0032335705412251583,0.166077175215813,0.002406175648068054,0.9519230769230769,0.027731069619479774,0.12250535400206608,16,16
1,4,3,2,Down,2,0.3559953456445673,0.00816630410012496,0.1948925382453558,0.0038484659163502957,0.9732843137254902,0.015700565385621267,0.1441953023387787,16,16
1,4,3,2,Down,all,0.378182300108702,0.002690003192194658,0.199606484557826,0.0016737077976089578,0.9646942975521998,0.012536441462413324,,0,16
1,4,3,3,Left,0,0.3734352450763957,0.004005125834110776,0.2300906242668547,0.003192491110023487,0.8871274571972098,0.019806012914277662,0.1293495662724789,18,19
1,4,3,3,Left,1,0.3964890399436125,0.004879988612259465,0.16235671636151008,0.003779406365312047,0.9414020882164927,0.04266233317739168,0.1141612512104147,18,19
1,4,3,3,Left,2,0.3449387654936126,0.00890245692613728,0.19039982427802482,0.005485600370057729,0.9547987616099071,0.03944093092750124,0.14868366209569958,18,19
1,4,3,3,Left,all,0.3716210168378736,0.004182432999164214,0.19428238830212988,0.002577822748149011,0.9277761023412032,0.012964471238041437,,0,19
1,4,3,4,Right,0,0.37420152181537947,0.0028047641514141334,0.23295174150316436,0.004453577947959935,0.873375856366643,0.01632059826565171,0.126456871427874,16,17
1,4,3,4,Right,1,0.4000098355363263,0.003837282225037649,0.16515997415074357,0.0029697630668282307,0.9221243153131699,0.03218335140258051,0.1356121094904743,16,17
1,4,3,4,Right,2,0.33879789178786535,0.008995948234614219,0.19054611757621548,0.005319484386368718,0.9372549019607843,0.028380617306137487,0.178763507385455,16,17
1,4,3,4,Right,all,0.37100308304652374,0.0035487391241447353,0.19621927774337447,0.0025935837097225477,0.9109183578801991,0.01191282139370148,,0,17
1,4,4,0,Noise,0,0.36539226607582703,0.006240526719851441,0.2294630602021429,0.006792452590614703,0.8595483870967742,0.040138153804061764,0.13589110209611704,41,62
1,4,4,0,Noise,1,0.3876737739644347,0.007192887772913267,0.16444189616586677,0.0063122157659969026,0.9112903225806451,0.06156228009943893,0.13254650418400232,41,62
1,4,4,0,Noise,2,0.33500339898479287,0.013511893975328015,0.18995443693370484,0.006266846886998153,0.9027197975964579,0.06915155963643352,0.13996627989326677,41,62
1,4,4,0,Noise,all,0.36268981300835157,0.006164575713977627,0.19461979776723817,0.004249813140075642,0.8911861690912923,0.0397930140854452,,0,62
1,4,4,1,Up,0,0.3656664909991086,0.0029328175172431193,0.23161450943264036,0.0026501702001672676,0.9221999999999999,0.027175065970965275,0.1288225302284686,19,20
1,4,4,1,Up,1,0.3862657790701827,0.002878462095286116,0.1627074567415415,0.003982247704744159,0.9183999999999999,0.041006289633099983,0.10351945078028267,19,20
1,4,4,1,Up,2,0.32967716243688777,0.008121507569596276,0.18863301756508108,0.0036429332308617066,0.9443137254901961,0.05299045980369489,0.16381326482099146,19,20
1,4,4,1,Up,all,0.3605364775020597,0.0033924684122019918,0.19431832791308765,0.0017707932334575837,0.9283045751633987,0.024544855788991602,,0,20
1,4,4,2,Down,0,0.37118117966172137,0.0029147023738197208,0.2361265963925139,0.0021018954125478625,0.9733333333333333,0.015244046456927153,0.15796435627621194,15,15
1,4,4,2,Down,1,0.38224162843580206,0.005337971636463329,0.1627695999026673,0.0054601023360801885,0.9352,0.031863996700261646,0.12529507576947993,15,15
1,4,4,2,Down,2,0.34346554225321213,0.010671031754648914,0.19136368153916325,0.004760135808241051,0.963921568627451,0.01933706590635598,0.1510283663545814,15,15
1,4,4,2,Down,all,0.3656294501169119,0.0036234948596579517,0.19675329261144814,0.002672598518055964,0.9574849673202614,0.012400483360538265,,0,15
1,4,4,3,Left,0,0.3685907019512303,0.004752705114482768,0.2303377823313212,0.0040274888491249935,0.8734736842105263,0.021258641173918097,0.1376536725742864,18,19
1,4,4,3,Left,1,0.38507041275279835,0.003063948839381784,0.1641264055150734,0.0039887865053423325,0.9530526315789474,0.022855764369460057,0.12395351045903441,18,19
1,4,4,3,Left,2,0.33923412295766875,0.007720766521484472,0.1921126191395391,0.003962019924709596,0.9223942208462333,0.047178115817651745,0.1528676989301752,18,19
1,4,4,3,Left,all,0.3642984125538991,0.003734145117088055,0.19552560232864458,0.00172912610508721,0.9163068455452358,0.016970029855283425,,0,19
1,4,4,4,Right,0,0.3651916927694151,0.004831929164800536,0.2300270054533669,0.0038192855900533703,0.8653333333333334,0.028811762303941498,0.15501412174507925,18,18
1,4,4,4,Right,1,0.3849960594493964,0.004086931621379915,0.1594832872800619,0.006678264254400141,0.8911111111111111,0.050289618726273806,0.12851032668535634,18,18
1,4,4,4,Right,2,0.3271212218114569,0.007365445440312663,0.18538058895667106,0.006793966464171055,0.8483660130718954,0.04688549394035802,0.15859182928560153,18,18
1,4,4,4,Right,all,0.3591029913434228,0.003153314993114977,0.19163029389669994,0.002374605791507901,0.8682701525054466,0.024127375563089592,,0,18
1,5,0,0,Noise,0,0.35733689490324066,0.004979993785945603,0.25095640268319463,0.0039831683897437785,0.8990538294335763,0.02677104996043488,0.13308168655503014,38,66
1,5,0,0,Noise,1,0.3854077268902984,0.008133276494380186,0.1741626827619283,0.0070280671691134375,0.9091559370529327,0.0447454217902253,0.09817691885430332,38,66
1,5,0,0,Noise,2,0.3159809603708723,0.010275550897153667,0.19750985623347986,0.006039030600533839,0.9566250742721332,0.03977804202415356,0.16082901335546096,38,66
1,5,0,0,Noise,all,0.3529085273881371,0.005032887465465541,0.20754298055953427,0.002708514016359464,0.921611613586214,0.02176863700412743,,0,66
1,5,0,1,Up,0,0.3577006178348771,0.0020349159681112556,0.249675876798683,0.0021425745671090454,0.9467885607126113,0.019956191692934392,0.14795184487651805,18,18
1,5,0,1,Up,1,0.38311418215708143,0.005013806482370804,0.1783989870195274,0.004617903299367232,0.9470672389127325,0.029661808922442894,0.10005617584622911,18,18
1,5,0,1,Up,2,0.3139325077992729,0.008193733297169615,0.1951206251865039,0.0033129541434156716,0.978649237472767,0.018841889461148783,0.15009839899696992,18,18
1,5,0,1,Up,all,0.35158243593041044,0.0035381195856085137,0.20773182966823808,0.002079929313389183,0.9575016790327037,0.011668564874547488,,0,18
1,5,0,2,Down,0,0.3581884673404886,0.003501044572566198,0.2531920602940033,0.003252270808398464,0.9349714569372053,0.013595636613302726,0.149297582178969,17,17
1,5,0,2,Down,1,0.3829491407289552,0.0027151861258650715,0.17299886042796414,0.004366969616431738,0.9598586215602121,0.03064769785893308,0.11409362096259203,17,17
1,5,0,2,Down,2,0.31800761290949264,0.010653050983946514,0.19963683799446622,0.004739500129468247,0.9716262975778546,0.018783116941935265,0.16649730320057207,17,17
1,5,0,2,Down,all,0.3530484069929788,0.004415221784309122,0.20860925290547788,0.00184683426162753,0.9554854586917574,0.012233476833160895,,0,17
1,5,0,3,Left,0,0.35857500049408364,0.0027886170603956674,0.2523840251790303,0.002510028822044052,0.9473814842392654,0.016485262782855368,0.1706034485259027,17,17
1,5,0,3,Left,1,0.3843894100626308,0.0047063505291747385,0.17015876981996042,0.008871878447252938,0.9315829336026257,0.0401886870931414,0.09323262677573432,17,17
1,5,0,3,Left,2,0.31344290532982005,0.007702755284838415,0.1977562516233453,0.0033633295894856343,0.9637831603229526,0.025847027726616373,0.15735151364697483,17,17
1,5,0,3,Left,all,0.35213577196217816,0.003799324310858806,0.20676634887411202,0.0023684988813295798,0.947582526054948,0.010559627884863029,,0,17
1,5,0,4,Right,0,0.3566218224870368,0.0035854379962350783,0.2497014396988779,0.001491216321555975,0.9113924050632912,0.03623536716733688,0.16244975598593858,17,17
1,5,0,4,Right,1,0.3852291994850337,0.0037259417062807457,0.17646938960492514,0.0034864568341252023,0.950770007573845,0.018714959217400396,0.12195922242006055,17,17
1,5,0,4,Right,2,0.3138931968193684,0.008120553147255688,0.19702010538859624,0.006055105236286307,0.9573241061130334,0.04173022494838648,0.16747767632198235,17,17
1,5,0,4,Right,all,0.3519147395971463,0.0026838942594090897,0.2077303115641331,0.0022437271449192004,0.9398288395833899,0.007949435259510342,,0,17
1,5,1,0,Noise,0,0.35773282651205446,0.0064260866139754244,0.2509096905719528,0.0038439045848436904,0.9103846153846153,0.0336582719922499,0.12983316346503912,47,65
1,5,1,0,Noise,1,0.37700051660337386,0.008722347419484001,0.17266728403415624,0.008379837873675165,0.9137585991244528,0.031228240389246868,0.07740112658185594,47,65
1,5,1,0,Noise,2,0.3226675430417321,0.012559908439367272,0.19975541375370964,0.006131702529533144,0.9718853695324283,0.020919019070827317,0.16551000845316866,47,65
1,5,1,0,Noise,all,0.35246696205238687,0.006123715229780303,0.20777746278660622,0.0036352528085953433,0.9320095280138322,0.015197845944674597,,0,65
1,5,1,1,Up,0,0.3554989740306221,0.0037108615239719264,0.25119963342911344,0.002072098077124389,0.9655701754385966,0.030201295644549535,0.14959783355002595,18,19
1,5,1,1,Up,1,0.37218530381500675,0.005805320321390858,0.17631132334434557,0.004685171152862685,0.9358151476251605,0.028538365852430508,0.07034574217868919,18,19
1,5,1,1,Up,2,0.31941474123233715,0.007561394368165258,0.1953534209267421,0.002610260751259174,0.9808049535603716,0.010611186039104539,0.15365926619810402,18,19
1,5,1,1,Up,all,0.349033006359322,0.003953254523141502,0.20762145923340036,0.001723156222474129,0.9607300922080428,0.017089752107694055,,0,19
1,5,1,2,Down,0,0.3454819845106089,0.00317112065754482,0.24502020440463107,0.0031405428472661085,0.9075000000000001,0.01810737375013239,0.133524359721458,15,15
1,5,1,2,Down,1,0.3752646335359706,0.0038613837264742782,0.1728569287065365,0.003665290756986033,0.9330623306233062,0.011380731070258913,0.10181370246727178,15,15
1,5,1,2,Down,2,0.3329113815332981,0.00982098249806884,0.202823962500002,0.0047146805697010465,0.9840522875816994,0.016930141303413873,0.14961418573026822,15,15
1,5,1,2,Down,all,0.35121933319329257,0.00332630005958746,0.20690036520372318,0.002391978264405435,0.9415382060683352,0.0051872481020961946,,0,15
1,5,1,3,Left,0,0.3566698960326102,0.0034854753180083536,0.2495426101573726,0.0020585972826640394,0.9117647058823529,0.016551378217992373,0.1519814793977545,17,17
1,5,1,3,Left,1,0.3793062509729264,0.007124872154009086,0.17185149492952276,0.004320480149630141,0.9397417503586801,0.02427289240386988,0.09977330721136723,17,17
1,5,1,3,Left,2,0.32443337709639314,0.008269908150453078,0.199886974437462,0.0052959214570462015,0.9743944636678201,0.01352213835883624,0.17758467202875677,17,17
1,5,1,3,Left,all,0.3534698413673099,0.00510406545891679,0.2070936931747858,0.002075048036584247,0.941966973302951,0.009075982956875565,,0,17
1,5,1,4,Right,0,0.3489670252288578,0.0039393961374480395,0.24608595613558037,0.0027092222463063684,0.9074074074074073,0.028243642481016802,0.13665869218514684,18,18
1,5,1,4,Right,1,0.3677126120257686,0.006503189373243776,0.1679663318596275,0.004296016321253917,0.9177958446251129,0.015435543696741121,0.09241858086935265,18,18
1,5,1,4,Right,2,0.3168072252829075,0.0067074874619231116,0.19747359538504292,0.0033165253347734467,0.9647058823529411,0.02394859214439782,0.1769991646102812,18,18
1,5,1,4,Right,all,0.3444956208458446,0.002793465535201368,0.20384196112675024,0.002340184509147545,0.9299697114618204,0.011080790818745202,,0,18
1,5,2,0,Noise,0,0.34931016687549427,0.00580969724760808,0.24623219716685874,0.005084525972348163,0.8736401673640167,0.02355531481890028,0.1293472053112748,34,65
1,5,2,0,Noise,1,0.3741066359554249,0.009322100856463653,0.16882225872029533,0.006620274700275813,0.9088461538461539,0.036230745697,0.07811653656872798,34,65
1,5,2,0,Noise,2,0.31226549912952556,0.012896354854329575,0.19794273184198835,0.00618691946190523,0.9784012066365008,0.012803844190287286,0.16978186541599158,34,65
1,5,2,0,Noise,all,0.34522743398681494,0.006068724397812384,0.20433239590971414,0.0029663537822362317,0.9202958426155571,0.015786998962855167,,0,65
1,5,2,1,Up,0,0.3528894633318926,0.004067955898548418,0.25021523358897285,0.0016798740669395035,0.9321245932124592,0.033211990161176305,0.13070964633967197,18,18
1,5,2,1,Up,1,0.37275193425192515,0.006282000412991001,0.173300134377131,0.004365307538625523,0.9446759259259259,0.03214186650500506,0.08009198040852185,18,18
1,5,2,1,Up,2,0.3153125062724583,0.009205332994123044,0.19563608005377106,0.004546888882910786,0.987363834422658,0.008877120916362554,0.15468765981697505,18,18
1,5,2,1,Up,all,0.34698463461875867,0.004279326883114776,0.20638381600662498,0.002446739061406009,0.9547214511870143,0.01216679806531813,,0,18
1,5,2,2,Down,0,0.34994646400511753,0.0024686201987458387,0.2500644952759236,0.002188352240334029,0.9032734432685208,0.025186510077215913,0.12832104073625739,17,17
1,5,2,2,Down,1,0.37557629469603215,0.0034511754527247274,0.16997223802495684,0.002481264435228929,0.9262254901960785,0.02173889732398457,0.07963592749198421,17,17
1,5,2,2,Down,2,0.3148612553095852,0.007413588512872666,0.20025795922072231,0.003347054399343148,0.98800461361015,0.007526780105262056,0.1532240013822133,17,17
1,5,2,2,Down,all,0.34679467133691166,0.0026873514492964765,0.20676489750720092,0.0013502887027159569,0.9391678490249165,0.009043186598938581,,0,17
1,5,2,3,Left,0,0.34727969977247974,0.0035296067325152488,0.24543739998961128,0.0025752422069936815,0.924193945360571,0.03366453823748163,0.14013441593887088,17,17
1,5,2,3,Left,1,0.36912816756196026,0.005189454376755169,0.1719096299259244,0.00394824777560799,0.9634803921568628,0.0161729887072702,0.09473547430313482,17,17
1,5,2,3,Left,2,0.3117520607239309,0.009422841705042944,0.20167391816092256,0.005841953719968046,0.9829296424452134,0.008312104039831911,0.1694453929268656,17,17
1,5,2,3,Left,all,0.342719976019457,0.003343283553960591,0.20634031602548605,0.002175817059837346,0.9568679933208825,0.012166577145305528,,0,17
1,5,2,4,Right,0,0.34744532803964967,0.005883111576859771,0.24806232337035752,0.006688561748936582,0.9209943391582575,0.04378042707278317,0.15905480940171957,17,17
1,5,2,4,Right,1,0.37361651393347206,0.005307511914864735,0.16496560311800595,0.0033616185960889102,0.9289215686274509,0.030882231364528796,0.05919798496487192,17,17
1,5,2,4,Right,2,0.3053730043362247,0.006388667236652794,0.19601466018283176,0.0031851278436897655,0.9787773933102654,0.009711211007977776,0.18384224531295495,17,17
1,5,2,4,Right,all,0.34214494876978213,0.0028391318457513543,0.20301419555706507,0.0016540150316132322,0.9428977670319912,0.009830744316156565,,0,17
1,5,3,0,Noise,0,0.36853284948858445,0.005865991927910694,0.25540659440915825,0.004061527462229432,0.9347404172731684,0.037367072857097804,0.1350198612563848,18,54
1,5,3,0,Noise,1,0.38025954436651477,0.007571736052677847,0.17546748230196824,0.006499409236872541,0.9499457616612429,0.021565228657667242,0.09069394423194686,18,54
1,5,3,0,Noise,2,0.3220324540796875,0.013762411650751984,0.197819332227912,0.008383062411195423,0.9594771241830066,0.023603287650612637,0.15653273575285062,18,54
1,5,3,0,Noise,all,0.35694161597826224,0.005906190977045568,0.20956446964634615,0.003991118864815497,0.9480544343724725,0.017051220333260987,,0,54
1,5,3,1,Up,0,0.3688646447277788,0.003310493694981427,0.2561762716142099,0.0045888014840476535,0.9466789243851987,0.0389922330268345,0.1307586645255072,19,19
1,5,3,1,Up,1,0.378339370774207,0.0043687644939145774,0.1765796038977757,0.0037477914664049263,0.9751156133010351,0.019449626474622225,0.06922545023192746,19,19
1,5,3,1,Up,2,0.32281406638844584,0.0071306455413733824,0.19952913107294218,0.004914697652486653,0.9863777089783282,0.0110431153641463,0.14699730196536823,19,19
1,5,3,1,Up,all,0.3566726939634772,0.0034548118262172694,0.2107616688616426,0.0023342840490059484,0.9693907488881873,0.019687863025745277,,0,19
1,5,3,2,Down,0,0.36445375288306076,0.002612889745644496,0.25711294716443545,0.0023913576116694813,0.9344978165938864,0.021979139549550938,0.15193486192055736,16,16
1,5,3,2,Down,1,0.37981138736182074,0.00402399040641073,0.1763303344271379,0.0022948213640613248,0.9654811715481172,0.014930458790597106,0.124441224469748,16,16
1,5,3,2,Down,2,0.3274319623742323,0.011638095716520507,0.19657787866585805,0.004932054000129418,0.9514705882352941,0.01998974490382521,0.13709237817393974,16,16
1,5,3,2,Down,all,0.3572323675397046,0.004842396592006638,0.2100070534191438,0.0019380906396195348,0.9504831921257659,0.007454169258829897,,0,16
1,5,3,3,Left,0,0.36914458867927724,0.004874276908321083,0.25434851221149946,0.003065121019312305,0.9576162342666324,0.022253863042324098,0.14179086506645117,17,17
1,5,3,3,Left,1,0.38086728980922496,0.0035882534941342847,0.17869991686800213,0.004658866877331429,0.9613586020182131,0.011883269830491074,0.09270815543790381,17,17
1,5,3,3,Left,2,0.31472570235372455,0.006677331601431763,0.20216308260170734,0.002532535886952329,0.9847750865051904,0.009391558470967629,0.17094269631151662,17,17
1,5,3,3,Left,all,0.35491252694740894,0.003199674253251403,0.21173717056040298,0.0019919424197421,0.9679166409300121,0.010119791498922654,,0,17
1,5,3,4,Right,0,0.3607014094018945,0.003960957237074657,0.2516131189701586,0.0028190627404808253,0.9211244541484717,0.023995954372146015,0.12663895534770978,16,16
1,5,3,4,Right,1,0.37935960883223097,0.003497722002355528,0.17549782900780075,0.00289006083643156,0.9652196652719666,0.011301590087452778,0.08841607572868594,16,16
1,5,3,4,Right,2,0.3221093623021873,0.010412454355484052,0.19231758573513083,0.00855446072263624,0.9519607843137254,0.023939776634146738,0.16472379555225836,16,16
1,5,3,4,Right,all,0.35405679351210423,0.004186976703009206,0.2064761779043634,0.0036744882525058453,0.9461016345780545,0.013518097884241518,,0,16
1,5,4,0,Noise,0,0.37795222679506846,0.006011464244947289,0.25226192274649306,0.006775077898987663,0.9145862552594671,0.03437120178791126,0.13673524308917287,29,62
1,5,4,0,Noise,1,0.3852618214591324,0.008776808638001763,0.16973589369573258,0.004234393042702682,0.9469474806718209,0.022635557183908205,0.07627069500446886,29,62
1,5,4,0,Noise,2,0.3240700057635458,0.011043373006110715,0.20060456379312436,0.007028047617701259,0.9531309297912713,0.028353865640369284,0.16804918619213072,29,62
1,5,4,0,Noise,all,0.3624280180059156,0.005863628632540503,0.20753412674511665,0.0036562975829563422,0.9382215552408532,0.0203082012126232,,0,62
1,5,4,1,Up,0,0.3786233461453563,0.0023162646058778507,0.2557075842677603,0.0019533087930833754,0.9485507246376811,0.026182688793992166,0.11808044049132634,18,18
1,5,4,1,Up,1,0.3850006389851881,0.0030822083821501816,0.1698695045964701,0.0020008789916330975,0.9618916437098256,0.009353991048233205,0.07500001222991519,18,18
1,5,4,1,Up,2,0.3254980009097088,0.006488997077463564,0.1974538277705384,0.0029908755165574796,0.9908496732026144,0.008400065262299056,0.16077364887981616,18,18
1,5,4,1,Up,all,0.3630406620134177,0.0023334925381886715,0.2076769722115896,0.0013412697785637254,0.9670973471833738,0.008144973141007464,,0,18
1,5,4,2,Down,0,0.37213707606768887,0.002768034882529067,0.25220803084831356,0.0018867429917318421,0.9222506393861893,0.009335476288645476,0.13478736834963423,17,17
1,5,4,2,Down,1,0.38296946729651926,0.0038198350943202124,0.16926020504312594,0.0021797388411340123,0.960136120563928,0.008879632696941104,0.105047083472951,17,17
1,5,4,2,Down,2,0.3298014339790393,0.005648763490812537,0.2030050768207863,0.005259932494681301,0.9577854671280276,0.02447171203760249,0.14970062203186335,17,17
1,5,4,2,Down,all,0.36163599244774913,0.0028667330323412453,0.20815777090407528,0.0019036226779998503,0.946724075692715,0.0060543809272121185,,0,17
1,5,4,3,Left,0,0.3756655069573283,0.0035470492835816365,0.2525790308899447,0.0022993611081908007,0.954219948849105,0.022282218822613827,0.1448624094021812,17,17
1,5,4,3,Left,1,0.3834671469504825,0.0031360198195119985,0.17217405789375584,0.0026215416485811417,0.9710743801652894,0.012652323051565982,0.06458064029911954,17,17
1,5,4,3,Left,2,0.32126565719965516,0.003951838050297592,0.20054136479035778,0.0018910642486499774,0.9776239907727797,0.008406793389338673,0.16596675198725358,17,17
1,5,4,3,Left,all,0.36013277036915536,0.0021232922104387885,0.2084314845246861,0.0013707979568473381,0.967639439929058,0.010791844522098823,,0,17
1,5,4,4,Right,0,0.3710019754615499,0.004478545334037552,0.2481752447749192,0.004444608829710114,0.9056265984654732,0.026879479047442364,0.1444019511562325,17,17
1,5,4,4,Right,1,0.3833848141397405,0.006150506150937263,0.1668978979864187,0.0045246283491998125,0.9438502673796793,0.021524266616157684,0.08493719638621183,17,17
1,5,4,4,Right,2,0.3158299725847775,0.004704991501193325,0.1948569549456402,0.0036736032896085877,0.9450980392156862,0.030217715700828356,0.17124613388965734,17,17
1,5,4,4,Right,all,0.3567389207286893,0.003288430467456543,0.2033100325689927,0.0028667512565161823,0.9315249683536129,0.019910524653634888,,0,17
2,0,0,0,Noise,0,0.3803358961601983,0.007463319283608437,0.18696948162006835,0.0055173751540611195,0.8788589588377723,0.04803316530134399,0.08882764611374581,54,56
2,0,0,0,Noise,1,0.43807417842308477,0.010273108906576352,0.1657495160838344,0.012468386347923598,0.8957983193277311,0.034890599948393095,0.018340355568789837,54,56
2,0,0,0,Noise,2,0.3791913800379951,0.009260919753567392,0.204180660298301,0.005644149557908407,0.9287874423963134,0.04054394359562172,0.09135162607603249,54,56
2,0,0,0,Noise,all,0.3992004848737594,0.006039748670835781,0.18563321933406793,0.005359836973078847,0.9011482401872722,0.02504674307011483,,0,56
2,0,0,1,Up,0,0.37727059622534337,0.005371689871021771,0.18474112004467536,0.00529282228114366,0.8957627118644068,0.022410178757758557,0.06400149941773699,15,15
2,0,0,1,Up,1,0.4374432888564654,0.0074342020544342444,0.15975166446309824,0.0038095759359304425,0.9547712418300655,0.024573772732172296,0.03542894589243168,15,15
2,0,0,1,Up,2,0.37585181529130207,0.008721324084612443,0.2047943394766711,0.004347683550866343,0.9282258064516129,0.035520508944427806,0.09616460646128051,15,15
2,0,0,1,Up,all,0.3968552334577036,0.005279938606282862,0.18309570799481492,0.0018447783644218773,0.9262532533820285,0.012389283049910141,,0,15
2,0,0,2,Down,0,0.37802751969613296,0.005709426873336659,0.18791158206496703,0.0037202384310930986,0.8983050847457628,0.05011068309026994,0.07245066161418269,15,15
2,0,0,2,Down,1,0.43929967663589,0.007188825717212952,0.16950017306513543,0.010877153981068803,0.9181699346405228,0.03581522142187944,0.041280040437483304,15,15
2,0,0,2,Down,2,0.37194133118235556,0.007193684190845813,0.20130672781043574,0.004279235860041317,0.9561827956989248,0.03508185901108089,0.08958375378422215,15,15
2,0,0,2,Down,all,0.3964228425047928,0.004775001381256658,0.18623949431351275,0.004451893655085537,0.9242192716950701,0.02629759124977053,,0,15
2,0,0,3,Left,0,0.37364066373529403,0.005991372900432601,0.18492507237587816,0.004716974388376805,0.83545197740113,0.026090055153520003,0.07874671732781499,18,18
2,0,0,3,Left,1,0.43907260866136866,0.008936887558339403,0.16717659362120985,0.0119520852939405,0.8915032679738562,0.03231009710763183,0.038173482801288114,18,18
2,0,0,3,Left,2,0.37598480333091516,0.007592472415942072,0.20645198105840065,0.004952046797164226,0.9285394265232976,0.047080833263798104,0.10635123987682578,18,18
2,0,0,3,Left,all,0.3962326919091926,0.00604268657818519,0.18618454901849624,0.004889795815524125,0.8851648906327613,0.019587831088624254,,0,18
2,0,0,4,Right,0,0.3789606878808876,0.0050619697462088295,0.1854976291169519,0.004603864345997095,0.9192266949152542,0.047499697605593326,0.07667642048569447,15,16
2,0,0,4,Right,1,0.4429237874362405,0.00819184175974539,0.15948947066856076,0.00822419208994379,0.9242647058823529,0.02819600570863386,0.03823319262219482,15,16
2,0,0,4,Right,2,0.37533285383777654,0.00832422647501569,0.2034071252501427,0.004908802767590252,0.9198588709677419,0.03211915656617362,0.09038311593094314,15,16
2,0,0,4,Right,all,0.39907244305163486,0.005620286752121678,0.18279807501188514,0.0041634942978963085,0.9211167572551164,0.029618952373180928,,0,16
2,0,1,0,Noise,0,0.35048904939670344,0.008871729809724926,0.2000381784377226,0.007822786308846023,0.8811112723052372,0.04586623736611806,0.09378890361079818,61,61
2,0,1,0,Noise,1,0.3868553894099607,0.011824240950986827,0.1570459127531622,0.0074105930814533354,0.8690453230472517,0.04491453823062045,0.03916198825615015,61,61
2,0,1,0,Noise,2,0.3165339915674308,0.01288505879331791,0.20235774916574992,0.006766905150613705,0.8754498200719713,0.04587095804479917,0.09649007298742744,61,61
2,0,1,0,Noise,all,0.3512928101246983,0.0080809209593264,0.1864806134522116,0.0033975190414813963,0.87520213847482,0.03149844394662586,,0,61
2,0,1,1,Up,0,0.34773573596326746,0.005891254864906404,0.19823779476653794,0.006744489029056466,0.9148880791254554,0.04125763383955663,0.07635344200323478,17,17
2,0,1,1,Up,1,0.3886544748955123,0.012624688558062269,0.15581420722365125,0.005028778386221693,0.93840830449827,0.030652418392847363,0.022945613911797617,17,17
2,0,1,1,Up,2,0.31442888311353717,0.01300542715452747,0.20200370620019711,0.008135756346613685,0.9026781444285031,0.06240649341117661,0.10241137312664697,17,17
2,0,1,1,Up,all,0.35027303132410564,0.007534260008668884,0.18535190273012878,0.003992372133889664,0.9186581760174095,0.017210170255249888,,0,17
2,0,1,2,Down,0,0.34613657389931646,0.006016254323234119,0.20057265786981196,0.005781368410112096,0.887905604719764,0.03369811108789342,0.07640562532003882,18,18
2,0,1,2,Down,1,0.38412391342820906,0.008652953128818768,0.15793521082370657,0.007391692940919396,0.884313725490196,0.05063765546490733,0.04746694329424313,18,18
2,0,1,2,Down,2,0.3106795401154022,0.011314451682386843,0.19998119208834916,0.0042470063233582865,0.8897922312556459,0.0695597775522762,0.09330509603331417,18,18
2,0,1,2,Down,all,0.3469800091476426,0.005631109731986197,0.18616302026062256,0.003436162357931864,0.8873371871552019,0.022136458535275953,,0,18
2,0,1,3,Left,0,0.34605219486762645,0.008603703544942647,0.2014048938246503,0.009160341686121268,0.8649278062412669,0.026192648087891165,0.062148748712552986,19,19
2,0,1,3,Left,1,0.38238940265056787,0.005478039915009175,0.1533467276366727,0.007233644521667021,0.8743034055727555,0.032350595655665934,0.05516309753077372,19,19
2,0,1,3,Left,2,0.30764198370782375,0.007225464557961308,0.202433596126366,0.004573157610327219,0.852160890029953,0.021131718754636212,0.10137596742683891,19,19
2,0,1,3,Left,all,0.345361193742006,0.004748849846088765,0.185728405862563,0.004753081631809642,0.8637973672813251,0.01820287148025834,,0,19
2,0,1,4,Right,0,0.3561204369282557,0.0039804458567407625,0.20230391121266608,0.003793886781448107,0.9217367256637168,0.04511593040995838,0.08149386299093858,16,16
2,0,1,4,Right,1,0.39547495029093555,0.01038225616861037,0.15266417963195797,0.00427655530473283,0.8946078431372549,0.021039255279583145,0.03562714130025443,16,16
2,0,1,4,Right,2,0.3160082895000429,0.013557650631460154,0.20228121203803,0.0076545427111225335,0.9037093495934959,0.06652637015709217,0.11212775634626442,16,16
2,0,1,4,Right,all,0.3558678922397447,0.008108969406003853,0.18574976762755135,0.0030002595530040765,0.9066846394648226,0.022497613111585733,,0,16
2,0,2,0,Noise,0,0.33371035498043844,0.009757461421405503,0.1940625427867354,0.008617095131244519,0.8401509951956074,0.04959293570486166,0.0967554900303174,62,62
2,0,2,0,Noise,1,0.37891422806753844,0.008065111535713366,0.1565266016099062,0.006659621310918697,0.8915876027830487,0.04454949482835585,0.03745016652410281,62,62
2,0,2,0,Noise,2,0.3016463925677902,0.0058052564989230695,0.20681827657366816,0.006726287793602866,0.8971443680592279,0.05992035566438586,0.1042896832737742,62,62
2,0,2,0,Noise,all,0.3380903252052557,0.004715190105914114,0.1858024736567699,0.0042467421877897555,0.876294322012628,0.03372159970897167,,0,62
2,0,2,1,Up,0,0.3291542810067982,0.00523180577206982,0.19290538909615182,0.0069134196187992224,0.846558197747184,0.03729389075358426,0.07233947545099609,17,17
2,0,2,1,Up,1,0.37701943064290466,0.00675153644854608,0.15697840286516723,0.005504964102521648,0.9487889273356401,0.028565289354931772,0.03755235372171629,17,17
2,0,2,1,Up,2,0.30006057753963516,0.006215793571155158,0.2082206460999161,0.00733204310675187,0.9363548698167792,0.04728941812734266,0.10337376353518374,17,17
2,0,2,1,Up,all,0.33541142972977933,0.0042062639412072805,0.1860348126870784,0.003598613219239607,0.9105673316332011,0.01729218160221242,,0,17
2,0,2,2,Down,0,0.3342188250540858,0.008834253297513984,0.19681540948304893,0.007940855398156284,0.8668085106382979,0.05430371334869859,0.0679085241137615,20,20
2,0,2,2,Down,1,0.3748179367847621,0.0036660727666041645,0.15743372351835358,0.006903758322081197,0.9274509803921569,0.036289149975677615,0.05027680580703171,20,20
2,0,2,2,Down,2,0.2952176440599164,0.00610898520029394,0.2051703337452226,0.006636802563606975,0.9172131147540984,0.049567072968833246,0.10641989197191375,20,20
2,0,2,2,Down,all,0.3347514686329215,0.002939035493140038,0.1864731555822084,0.0035662426885484577,0.9038242019281844,0.027347407329012165,,0,20
2,0,2,3,Left,0,0.33217089206583955,0.009229739804279389,0.1905734644106716,0.004876890539060561,0.8440425531914894,0.03226829346061037,0.0858817408587663,20,20
2,0,2,3,Left,1,0.3805310817099049,0.004446771423484781,0.1579870833898424,0.005252096038148675,0.903921568627451,0.03586286386999239,0.05329455077463274,20,20
2,0,2,3,Left,2,0.3049261944188945,0.004398387082081204,0.2133517128227679,0.004809751111947738,0.9276639344262294,0.055629033660387114,0.11580237766992689,20,20
2,0,2,3,Left,all,0.339209389398213,0.004084515005273236,0.1873040868744273,0.0032771204738244663,0.89187601874839,0.023110443535989466,,0,20
2,0,2,4,Right,0,0.33416337395717494,0.004930057388877088,0.19534798657658325,0.005081768457116542,0.8382978723404255,0.03502569709181775,0.06916645220974084,17,17
2,0,2,4,Right,1,0.38133490609486403,0.00752761345493926,0.155222429251079,0.004349135117833371,0.9091118800461361,0.022834311773109597,0.03772976563825498,17,17
2,0,2,4,Right,2,0.2983885496589809,0.007489296781533225,0.2034699772800856,0.009212673360063399,0.8883799421407907,0.07792989157171593,0.09266623571089422,17,17
2,0,2,4,Right,all,0.3379622765703399,0.004426331840719648,0.18468013103591593,0.0037991197792787788,0.8785965648424509,0.020637209015704837,,0,17
2,0,3,0,Noise,0,0.3389130312291154,0.00833929807021763,0.20859053987816792,0.01088718312730235,0.8772421524663677,0.04617220167680012,0.10511441303402745,59,64
2,0,3,0,Noise,1,0.3738431635680911,0.011945550174966377,0.16053512001448247,0.008031205079870457,0.8857230392156863,0.03923352963184038,0.04086889207751045,59,64
2,0,3,0,Noise,2,0.2860466573506712,0.009036651236761615,0.21180936587550908,0.007384377679623059,0.9200596473029046,0.04769130176347966,0.11088468747595244,59,64
2,0,3,0,Noise,all,0.3329342840492926,0.005819262775262774,0.1936450085893865,0.004336179609788454,0.8943416129949862,0.026938048896617293,,0,64
2,0,3,1,Up,0,0.3322537202416257,0.0029413542678944555,0.20393421144475485,0.00704470009297501,0.905829596412556,0.031581734281002694,0.07743731377975994,16,16
2,0,3,1,Up,1,0.37334827743466475,0.01096610798643366,0.1614025970035746,0.004919856813354679,0.9370098039215686,0.023549827744047687,0.039662475427111904,16,16
2,0,3,1,Up,2,0.28543246517533083,0.006741825388004567,0.2115520575989546,0.0049345608292918255,0.9372406639004149,0.03962239193722373,0.12148854554011715,16,16
2,0,3,1,Up,all,0.3303448209505404,0.005294142081406888,0.192296288682428,0.0021581777737242395,0.9266933547448465,0.017353461903331643,,0,16
2,0,3,2,Down,0,0.3412645240362944,0.006679684323588874,0.2133321138718918,0.005759865683685779,0.9177877428998504,0.049363311514963086,0.08381333092721642,18,18
2,0,3,2,Down,1,0.3668092175338002,0.008352929171015907,0.16342484609954092,0.009685420467860192,0.8941176470588235,0.031915713226433974,0.05611665643465453,18,18
2,0,3,2,Down,2,0.28254771579209037,0.005525623304583834,0.21088032277452787,0.004501975544508528,0.9651913324112493,0.017086931545053346,0.10953944336706628,18,18
2,0,3,2,Down,all,0.3302071524540617,0.0027876184246857535,0.19587909424865352,0.0030317486214763594,0.9256989074566412,0.025602959348063614,,0,18
2,0,3,3,Left,0,0.3314988922442991,0.010082155481504143,0.20334998165248197,0.006430820503563934,0.8781763826606875,0.04257659415919804,0.07316678349168863,18,18
2,0,3,3,Left,1,0.3713163628643418,0.007856876887401389,0.16105562779077998,0.004353412281179142,0.934640522875817,0.03715460304212709,0.06923535954296266,18,18
2,0,3,3,Left,2,0.2833221799341628,0.0035732218097048033,0.21443394125650744,0.004807294105037301,0.9137851544490547,0.04259118865623132,0.11586009465790191,18,18
2,0,3,3,Left,all,0.3287124783476012,0.0037463092044468195,0.19294651689992312,0.0026458989651529322,0.9088673533285198,0.021182326815661137,,0,18
2,0,3,4,Right,0,0.3346560064851031,0.007251169570208268,0.20473522675203984,0.009098748851753755,0.8758408071748879,0.034258005947009555,0.08281438201836587,16,16
2,0,3,4,Right,1,0.37879011970672943,0.010414908351804171,0.15905319171276813,0.00374685342726384,0.9120098039215686,0.022182297853808982,0.049902844290662315,16,16
2,0,3,4,Right,2,0.2864284123185299,0.005695291428624458,0.21250181254458567,0.004558926696033004,0.9515041493775933,0.02059244033124618,0.1125623431996002,16,16
2,0,3,4,Right,all,0.3332915128367875,0.0035651375700411782,0.1920967436697979,0.002141506804842316,0.9131182534913499,0.01940095577948879,,0,16
2,0,4,0,Noise,0,0.3538094446386419,0.00856352348152518,0.2090497062655203,0.00901897448046612,0.8933662280701754,0.03647758129834759,0.0977188086557671,58,64
2,0,4,0,Noise,1,0.3816562929176762,0.013496262238485523,0.15417913074558207,0.005679469052136441,0.8938112745098039,0.04209361819126614,0.05033366541056333,58,64
2,0,4,0,Noise,2,0.2921056846090601,0.009690421927962175,0.21135791164041612,0.007212296892841011,0.9234759221311475,0.04390483330049415,0.10699055584520331,58,64
2,0,4,0,Noise,all,0.3425238073884594,0.0068965838720137455,0.19152891621717283,0.0029429560631001714,0.9035511415703756,0.02366309336826246,,0,64
2,0,4,1,Up,0,0.351378569285315,0.008142188699366854,0.20511400198908233,0.008888429305428672,0.9111265004616804,0.030310868163146435,0.07199686732095018,19,19
2,0,4,1,Up,1,0.38481791335714965,0.011201747443132673,0.15603763128470094,0.005458720690277364,0.9473684210526315,0.033103547060890845,0.039556720756155156,19,19
2,0,4,1,Up,2,0.2940390934100272,0.009703685559324951,0.21165475742158504,0.005140226012456951,0.9452113891285592,0.04908936879834145,0.11269770967347051,19,19
2,0,4,1,Up,all,0.34341185868416396,0.0057496263408872705,0.19093546356512278,0.001774593043824216,0.9345687702142903,0.027221876869778918,,0,19
2,0,4,2,Down,0,0.35494844313071566,0.00639422736165096,0.21231771032251717,0.005488060638420921,0.9277469990766389,0.024304579237860998,0.06815986468161589,19,19
2,0,4,2,Down,1,0.37176848153893244,0.00569301424296547,0.15518709551335222,0.002985580342272514,0.9131062951496387,0.03464084740000254,0.06126811590979577,19,19
2,0,4,2,Down,2,0.28846017885858577,0.004662815391922589,0.2104846362158326,0.0036398599164656174,0.9503882657463331,0.02992691239968405,0.11183923482111306,19,19
2,0,4,2,Down,all,0.3383923678427446,0.0031642301232634815,0.19266314735056733,0.00229663910542492,0.9304138533242036,0.017554107930109877,,0,19
2,0,4,3,Left,0,0.349108006834692,0.007805171143138858,0.2097055989417133,0.009035955477902412,0.8947368421052632,0.025810790117534017,0.06894592570230611,20,20
2,0,4,3,Left,1,0.37782622417691186,0.006446112474837978,0.15325991562895872,0.0050446681787370985,0.9298039215686276,0.03453840638494203,0.06165683651330352,20,20
2,0,4,3,Left,2,0.28639067450811,0.006492771217105503,0.21282711633371004,0.007680585166224598,0.9336065573770492,0.043446285680813164,0.10570281689532593,20,20
2,0,4,3,Left,all,0.3377749685065713,0.0032700576531772842,0.19193087696812733,0.0034069257695198817,0.9193824403503132,0.02202737364966425,,0,20
2,0,4,4,Right,0,0.3503799270938736,0.005955058612924722,0.20865321512153065,0.006434050349469652,0.8964424951267057,0.03079886194035325,0.08148885546965584,18,18
2,0,4,4,Right,1,0.3863724588498505,0.01084284186456619,0.15525523590825008,0.004595691381736302,0.9163398692810456,0.03102459871456411,0.04585255669854704,18,18
2,0,4,4,Right,2,0.2944952151443072,0.007582946949721533,0.2104331461166583,0.006234210375615019,0.9405737704918032,0.03868301817539381,0.10471257550761087,18,18
2,0,4,4,Right,all,0.34374920036267714,0.0049486648881460855,0.191447199048813,0.002143296469309272,0.9177853782998516,0.02224383988199421,,0,18
2,1,0,0,Noise,0,0.38335265715556754,0.010753915116363089,0.20742800250620957,0.0072442657270333655,0.9180966289400024,0.04807357718018578,0.12121608042225546,52,66
2,1,0,0,Noise,1,0.40756031359399797,0.010515389860898864,0.14545424119042397,0.007629655235326258,0.8297088532382649,0.039396629954203365,0.05883508921709283,52,66
2,1,0,0,Noise,2,0.32722626714239406,0.006571597454872731,0.20851455497284654,0.005644251260675585,0.9466060606060606,0.035043655757609045,0.10187897960378572,52,66
2,1,0,0,Noise,all,0.3727130792973199,0.004074235298946279,0.18713226622316004,0.004056426392034073,0.8981371809281093,0.017022742340362898,,0,66
2,1,0,1,Up,0,0.38247035836862425,0.009607518195948376,0.2076475949171575,0.004768577070934705,0.9477911646586347,0.028255516625442328,0.10644111828727058,17,17
2,1,0,1,Up,1,0.4096188413769648,0.00943470208669389,0.14559518984537012,0.006480588174765389,0.879354094579008,0.05810888458600043,0.07434886584829314,17,17
2,1,0,1,Up,2,0.3270343981785769,0.004460325131400316,0.20751456234538573,0.005015761192254796,0.936235294117647,0.020950923045789327,0.09465480444993768,17,17
2,1,0,1,Up,all,0.3730411993080553,0.0032791264181439963,0.1869191157026378,0.0022232751511076588,0.9211268511184298,0.019674400327934185,,0,17
2,1,0,2,Down,0,0.3835362987906893,0.005078213787307061,0.2070965734736696,0.0037927026205195205,0.9357429718875503,0.01865588177012574,0.1169874267261013,20,20
2,1,0,2,Down,1,0.40246102692036523,0.009731221039724765,0.1464156196062106,0.004781201191564953,0.8268627450980393,0.02714781733990876,0.08760240696756767,20,20
2,1,0,2,Down,2,0.327065179922833,0.00485241032282118,0.20797508563685002,0.00419964745912531,0.9587999999999999,0.03376949729220767,0.11360319168022559,20,20
2,1,0,2,Down,all,0.37102083521129586,0.0028540497599513874,0.18716242623891005,0.0026240465538023513,0.9071352389951965,0.015820867436366095,,0,20
2,1,0,3,Left,0,0.3816580657865064,0.006980499750613608,0.20385436506686375,0.005691585657281362,0.9051762605979474,0.048801939587232154,0.11326029848805394,18,18
2,1,0,3,Left,1,0.4073211866737085,0.006561265660089136,0.146986765643183,0.005568796378842584,0.8357298474945534,0.020746146274185823,0.06922938120482608,18,18
2,1,0,3,Left,2,0.323603892544079,0.004519710976686798,0.20844415890730195,0.004693444475518333,0.953111111111111,0.028575779313934586,0.10874383705795175,18,18
2,1,0,3,Left,all,0.37086104833476463,0.0027709808096327195,0.18642842987244956,0.0022666348039318066,0.8980057397345372,0.01789079015585689,,0,18
2,1,0,4,Right,0,0.38704238815714237,0.006903469962152386,0.21061847167311668,0.002368267041227848,0.9543436905516804,0.02523029403175075,0.11047326699323197,19,19
2,1,0,4,Right,1,0.41217155438837966,0.009402427828899088,0.1437687013291115,0.005435922118391622,0.8231166150670794,0.01947206745964985,0.0789787500446678,19,19
2,1,0,4,Right,2,0.32710576971281397,0.0029259954617859895,0.2064639456111937,0.0040078876598802675,0.955578947368421,0.03191362612057334,0.07996912862083154,19,19
2,1,0,4,Right,all,0.375439904086112,0.0024506734899075355,0.18695037287114064,0.002314608234906383,0.9110130843290604,0.015895932043777608,,0,19
2,1,1,0,Noise,0,0.37705225035284373,0.005560851376696764,0.20732924589258642,0.006733167082943878,0.9139043522267206,0.04099824932762067,0.10431029907954412,36,64
2,1,1,0,Noise,1,0.4133163731003682,0.01003530419721267,0.15274264171174887,0.007787166123347451,0.8655612244897959,0.041915078305548366,0.060914973186241395,36,64
2,1,1,0,Noise,2,0.3095036740100705,0.008667034528363149,0.20265504127496636,0.008076007987390197,0.8910539215686274,0.04660256433744318,0.09097109119463381,36,64
2,1,1,0,Noise,all,0.36662409915442745,0.004830896002412331,0.18757564295976722,0.0044141800354140824,0.890173166095048,0.030810402362536737,,0,64
2,1,1,1,Up,0,0.3748691146779759,0.005158353337515222,0.20580615387575962,0.0024229925570689198,0.9331983805668016,0.03989837925403838,0.09602335577050726,21,22
2,1,1,1,Up,1,0.40634995810559893,0.006065682601243666,0.15771671606348184,0.004128644020746371,0.9024118738404453,0.03912753288933374,0.058582974153431874,21,22
2,1,1,1,Up,2,0.3085634028644892,0.00571672331090806,0.206228124200665,0.004160486349740985,0.9579322638146167,0.02613020613020583,0.09968565284525942,21,22
2,1,1,1,Up,all,0.3632608252160213,0.002509955336690611,0.18991699804663548,0.001808592135736204,0.9311808394072879,0.028075571703664322,,0,22
2,1,1,2,Down,0,0.37830483625041594,0.003509792028173476,0.20482741057424714,0.005835426486642752,0.9075218410398466,0.025543644823732854,0.10934898757053327,19,19
2,1,1,2,Down,1,0.4105571253307403,0.0069987698158074756,0.15010608323876445,0.006552811619364799,0.8663802363050482,0.04516191437890192,0.058130963043385615,19,19
2,1,1,2,Down,2,0.3092355762050735,0.004869770336755441,0.2019757445027214,0.0031177274993177614,0.901547987616099,0.047093210690397576,0.09783615529451432,19,19
2,1,1,2,Down,all,0.3660325125954099,0.0038117404066730603,0.185636412771911,0.003978998005909131,0.8918166883203313,0.031424995406252806,,0,19
2,1,1,3,Left,0,0.3819288211233356,0.005533398997911183,0.20861551819035123,0.0028141520812788043,0.910391363022942,0.026718310826644377,0.09809831026605761,15,15
2,1,1,3,Left,1,0.41682187928050757,0.005988837751001697,0.15244949231272611,0.005695595049652534,0.8734693877551021,0.03180382540710123,0.06334004444000581,15,15
2,1,1,3,Left,2,0.31013148140823765,0.001801810711695389,0.21139173470679953,0.0030088994078757117,0.9461437908496731,0.013782727129497888,0.11390350251714551,15,15
2,1,1,3,Left,all,0.36962739393736027,0.00345270216129273,0.19081891506995896,0.0018615085683642563,0.9100015138759058,0.015796458642041745,,0,15
2,1,1,4,Right,0,0.3780533096493555,0.004796045032770717,0.20417441867659075,0.00636075824195731,0.9348178137651821,0.029776973397819824,0.0802208036237139,19,20
2,1,1,4,Right,1,0.4138246766398767,0.007338649392835071,0.153353981216764,0.005469489343939526,0.8902040816326531,0.028119800205444516,0.06838768604490617,19,20
2,1,1,4,Right,2,0.30679004025127465,0.0038670464112498353,0.20112615610596674,0.00450866890694002,0.9127450980392157,0.03265874798871836,0.09259767542360844,19,20
2,1,1,4,Right,all,0.3662226755135023,0.0024661860485837377,0.18621818533310716,0.003456166949872114,0.9125889978123503,0.01845599537206775,,0,20
2,1,2,0,Noise,0,0.3860995560492685,0.010184570493358679,0.22160560568069487,0.007428240003392849,0.9222420457924473,0.0344098362402602,0.11431170586203379,21,57
2,1,2,0,Noise,1,0.4190549783588005,0.011289247960555904,0.16235991272440267,0.006736087781254536,0.8714471768942006,0.036869536593654786,0.05011492830536843,21,57
2,1,2,0,Noise,2,0.28715481422383915,0.006433429334161933,0.20526122486792966,0.004739096520070245,0.8890264877880977,0.046707164784473176,0.09574980114985528,21,57
2,1,2,0,Noise,all,0.364103116210636,0.004909755920866737,0.1964089144243424,0.003384862004472445,0.8942385701582485,0.020290807097982536,,0,57
2,1,2,1,Up,0,0.38429067459422755,0.010319259914591018,0.22058361584275846,0.006612101074565908,0.9491525423728815,0.037262446209810535,0.1065326743615204,19,19
2,1,2,1,Up,1,0.4161322489487096,0.008405700580036382,0.16808518741733253,0.005543816253289804,0.938175132153528,0.04158707354781302,0.04557016609790011,19,19
2,1,2,1,Up,2,0.2881224607768441,0.004344125846226281,0.20709547182027502,0.003971746645079571,0.9341589267285862,0.03654474965867035,0.11475066317954148,19,19
2,1,2,1,Up,all,0.3628484614399271,0.003960289467757597,0.19858809169345532,0.00326346665657641,0.9404955337516652,0.014605465991160485,,0,19
2,1,2,2,Down,0,0.3874248889723201,0.006887476491235804,0.2197240658502033,0.0034525522262566152,0.923964218455744,0.02812472846290943,0.12817451114947437,17,18
2,1,2,2,Down,1,0.4113224064212657,0.0074193608315124,0.16473179189218176,0.00484832373992152,0.9148471615720525,0.043648852671096694,0.05068328618415833,17,18
2,1,2,2,Down,2,0.2875475638485148,0.00482456069249187,0.2035879438827044,0.00377321546197196,0.9115468409586056,0.03926691514844076,0.10970786155744056,17,18
2,1,2,2,Down,all,0.3620982864140336,0.0025789516486597985,0.19601460054169648,0.0026136126636939283,0.9167860736621338,0.02079419393882781,,0,18
2,1,2,3,Left,0,0.3933710960801269,0.004182748554471402,0.2227029406978667,0.004458027211942378,0.9462533452274755,0.022951548521805545,0.13951898219116285,18,19
2,1,2,3,Left,1,0.4184043569234117,0.005163784941403413,0.16729856097679416,0.004506966632281545,0.9230062054700069,0.03022650541618044,0.04561922938329054,18,19
2,1,2,3,Left,2,0.2885832125227928,0.004311132354043158,0.20921568773379223,0.0030612732040340125,0.9087719298245613,0.016160696356703717,0.11758052946554802,18,19
2,1,2,3,Left,all,0.36678622184211046,0.0033035901414778324,0.19973906313615103,0.002621956078206381,0.926010493507348,0.014877334916824527,,0,19
2,1,2,4,Right,0,0.39031234538531157,0.007588131105230205,0.2242443600982508,0.004686999646747815,0.9471454058876004,0.02427441503147213,0.12255481594190858,19,19
2,1,2,4,Right,1,0.42307842822384667,0.008251997166740277,0.16391226799480807,0.004297988495709593,0.8809469087566076,0.030248633168350567,0.0682902616791398,19,19
2,1,2,4,Right,2,0.2861619404443847,0.004293374122299029,0.20455393719738557,0.003326119956408261,0.9034055727554179,0.01844992930013436,0.10608087533275382,19,19
2,1,2,4,Right,all,0.36651757135118096,0.00365971837798455,0.19757018843014815,0.002899529958236207,0.9104992957998753,0.012678975640036482,,0,19
2,1,3,0,Noise,0,0.33542600009104595,0.010824068628299367,0.2078859247490531,0.009065190436199633,0.8480635551142006,0.03891052149187862,0.1182445797864098,31,53
2,1,3,0,Noise,1,0.33932874692880693,0.01332674293874455,0.14613901910197133,0.0070029971994732924,0.7982241953385127,0.06350671827952249,0.03904062002135134,31,53
2,1,3,0,Noise,2,0.26666409561181814,0.010434735971443622,0.2145324241897414,0.006035143718637657,0.8810772723714084,0.04660467222624136,0.09923748699892124,31,53
2,1,3,0,Noise,all,0.3138062808772237,0.007294257865385564,0.18951912268025528,0.003104044013484098,0.8424550076080406,0.027480589634925216,,0,53
2,1,3,1,Up,0,0.33162750669108626,0.009784504761994306,0.20642411694577517,0.00506599958166443,0.9160359091709206,0.049392371516714634,0.0977111128070479,21,23
2,1,3,1,Up,1,0.3347041797934968,0.00834073515456061,0.15031783746750063,0.00561333215328181,0.8566069906223359,0.049587809739668524,0.043699780022769474,21,23
2,1,3,1,Up,2,0.2717091092030163,0.009854004733576305,0.2187758896580805,0.00479529661501388,0.9276565036983583,0.051958818957609135,0.10935024746292545,21,23
2,1,3,1,Up,all,0.3126802652291998,0.006026026882525357,0.19183928135711878,0.002237801018761039,0.9000998011638717,0.04045490995979113,,0,23
2,1,3,2,Down,0,0.3426832368901601,0.007818194939282123,0.20759845273954358,0.005381078430629303,0.8697705802968961,0.02802361322808554,0.11538432546488846,18,18
2,1,3,2,Down,1,0.3348053044684734,0.005836769858291395,0.14456718825466677,0.0062867888592247415,0.8309368191721133,0.04304044686967776,0.05516655730668435,18,18
2,1,3,2,Down,2,0.26715240588923744,0.005238305707894964,0.21568977496573277,0.003736682262090154,0.9246196403872753,0.03443056946239446,0.12250203525923961,18,18
2,1,3,2,Down,all,0.3148803157492903,0.0043799438393301625,0.1892851386533144,0.002051259325631461,0.8751090132854282,0.01434186812299219,,0,18
2,1,3,3,Left,0,0.34304643676680735,0.008007727164482243,0.20960012913592782,0.004419744625385685,0.8685897435897436,0.014124914524843582,0.12968770356209877,23,24
2,1,3,3,Left,1,0.33955782281531827,0.009416749023334631,0.14653031534182137,0.003920108783205926,0.8325163398692811,0.04243368210298472,0.03769396357493475,23,24
2,1,3,3,Left,2,0.27101827036601966,0.004866769638892317,0.21915185952890306,0.0051275093389472675,0.8976486860304288,0.022350664968675722,0.12096465463567982,23,24
2,1,3,3,Left,all,0.3178741766493818,0.006534400739713328,0.19176076800221742,0.0027973828750029297,0.8662515898298179,0.01643239160873168,,0,24
2,1,3,4,Right,0,0.3384445669132713,0.005861376833271601,0.21038255946967382,0.005267227463345007,0.8768378435968464,0.023386803960688474,0.11328192902221097,18,19
2,1,3,4,Right,1,0.34601018299645164,0.008643746818697302,0.14784908348838152,0.003630116771705837,0.8414860681114551,0.03896029670712659,0.040139510355473244,18,19
2,1,3,4,Right,2,0.2664757567365927,0.003990859063237255,0.21610478537657146,0.00323110708572213,0.9150469534832932,0.022059379887497635,0.10982245449872738,18,19
2,1,3,4,Right,all,0.3169768355487719,0.00393298238537868,0.19144547611154225,0.0019503014427864945,0.8777902883971982,0.010769016426907651,,0,19
2,1,4,0,Noise,0,0.36886154753041456,0.009019906873564689,0.20226130428203007,0.006557853009908152,0.8684491978609626,0.05129353562698481,0.11147217331313476,41,66
2,1,4,0,Noise,1,0.3949507744862082,0.009257137619025467,0.14512659253121468,0.0067796461136417395,0.8317227392030542,0.04197505813174044,0.06117360445655197,41,66
2,1,4,0,Noise,2,0.30371031316301184,0.008131251799379046,0.21265974161003764,0.005390450150829956,0.8973333333333334,0.03930055131080639,0.09482441944645302,41,66
2,1,4,0,Noise,all,0.35584087839321155,0.005844025098946508,0.18668254614109414,0.0035015796159190674,0.8658350901324501,0.02695355071819707,,0,66
2,1,4,1,Up,0,0.3677696108930599,0.005325676021675189,0.20367141494125215,0.006108794773596238,0.9244206773618537,0.04123967969904763,0.09379787178118072,22,22
2,1,4,1,Up,1,0.39343424059676035,0.007221078656765528,0.15012000514550544,0.0065435158844649715,0.9148174659985684,0.03969765213092081,0.0425914011676639,22,22
2,1,4,1,Up,2,0.3095737303982895,0.005980926654534028,0.21438215608043218,0.0034335890173227105,0.9256363636363637,0.03404555135549381,0.09123720092172244,22,22
2,1,4,1,Up,all,0.35692586062936993,0.0040658037382387754,0.1893911920557299,0.0033237913955696504,0.9216248356655953,0.02574779983271365,,0,22
2,1,4,2,Down,0,0.3684466603489489,0.007432667167872121,0.19869920025028082,0.003656738671204635,0.868720821661998,0.035416325409719986,0.12214011954432943,21,21
2,1,4,2,Down,1,0.386674116056643,0.0057259971700669475,0.14529909897049403,0.005044960731403769,0.8520809898762655,0.04320983046095659,0.056479057336130456,21,21
2,1,4,2,Down,2,0.30504013246738737,0.004525199806771317,0.2128373912270786,0.00422728638811524,0.9499047619047619,0.0283300278183851,0.11141661968846132,21,21
2,1,4,2,Down,all,0.3533869696243264,0.003366516398718108,0.18561189681595114,0.0025697494746734877,0.8902355244810084,0.01588425775198415,,0,21
2,1,4,3,Left,0,0.3717548781058223,0.004948628417882242,0.20130110609852456,0.0035685182388949,0.8600170502983803,0.02947550508766448,0.13057629400290505,22,23
2,1,4,3,Left,1,0.39535139084283594,0.007321921499143783,0.1462163387285929,0.006066648748719657,0.8305374871619309,0.029160888737145174,0.06435657460376706,22,23
2,1,4,3,Left,2,0.31523733583635655,0.005467070281509831,0.21591459734262436,0.0032447664033224055,0.9605217391304347,0.028007904022740313,0.10245899763209926,22,23
2,1,4,3,Left,all,0.36078120159500493,0.0031259075163551434,0.18781068072324728,0.002588041465074287,0.8836920921969152,0.013525670971654228,,0,23
2,1,4,4,Right,0,0.36986090355557555,0.00464834961673445,0.20671572625848428,0.004659716614330596,0.9453431372549019,0.03049319069841051,0.11773767668576121,16,16
2,1,4,4,Right,1,0.3921256260893916,0.005008062200987267,0.1443326755019097,0.005443901142820645,0.8681102362204725,0.035301593340881704,0.04898562692459782,16,16
2,1,4,4,Right,2,0.2990274148504135,0.006035226701939135,0.21063918866775752,0.0022715699682253378,0.9207500000000001,0.01796106901050157,0.09344926636153805,16,16
2,1,4,4,Right,all,0.3536713148317936,0.003885445122159779,0.18722919680938382,0.0020338526218879856,0.9114011244917916,0.01923284052086426,,0,16
2,2,0,0,Noise,0,0.3902351851580598,0.008946915373861277,0.21361176730347128,0.0068999092403923355,0.8969768509410453,0.03658913609583284,0.09151827563428787,38,69
2,2,0,0,Noise,1,0.36487253670543024,0.007805560365686369,0.1945085398132563,0.006891170629148087,0.9655015629440182,0.029779171643517597,0.11713317163405974,38,69
2,2,0,0,Noise,2,0.36042901994624277,0.009709744849117985,0.20525005832866053,0.007039441194730758,0.8661023470565603,0.042234604106160846,0.07022216548216886,38,69
2,2,0,0,Noise,all,0.3718455806032443,0.005623371565879059,0.20445678848179602,0.004527331411924509,0.9095269203138746,0.021563104523651292,,0,69
2,2,0,1,Up,0,0.39434705923625774,0.006520983718810809,0.21378976426206395,0.006661241450101952,0.933710407239819,0.03443783293929877,0.08274464225691153,20,20
2,2,0,1,Up,1,0.36529762411372335,0.0036562732461080075,0.1909051610689563,0.0051295535720060625,0.9709803921568627,0.025490989905873625,0.12101370985619604,20,20
2,2,0,1,Up,2,0.3683510956350728,0.010133444482235143,0.209419504641992,0.005673004267716932,0.9548672566371682,0.03003090463630203,0.09707653390081744,20,20
2,2,0,1,Up,all,0.375998592995018,0.004498274851553541,0.2047048099910041,0.0032754852731626287,0.95318601867795,0.021659495730361533,,0,20
2,2,0,2,Down,0,0.3899220628495801,0.0048165597549515,0.21536591678655756,0.0058001162797985326,0.9269553975436329,0.026122580471119736,0.09012665120230008,21,21
2,2,0,2,Down,1,0.36150669476329633,0.005804903040450128,0.19440694492035085,0.004942709008760276,0.981139122315593,0.02285366407682429,0.12241005704024585,21,21
2,2,0,2,Down,2,0.3577001429304513,0.006213687083013382,0.2037645723133619,0.00500509258053165,0.8982300884955753,0.01819009273548181,0.07697319435437791,21,21
2,2,0,2,Down,all,0.3697096335144426,0.00344087789844754,0.20451247800675676,0.0023524642051185995,0.935441536118267,0.012880480649177966,,0,21
2,2,0,3,Left,0,0.3872314533381444,0.004776885697638345,0.2133133662473759,0.005384129789822919,0.9152179090259585,0.01971441656136048,0.06722988141820029,18,19
2,2,0,3,Left,1,0.36858668491038155,0.004009231705387114,0.19291923589492013,0.00783124766494703,0.9750257997936017,0.03539589600742648,0.10032185295909699,18,19
2,2,0,3,Left,2,0.36008489419139594,0.005453977834363177,0.20878041207430853,0.0033544820800209996,0.9350256171401956,0.018246967845727453,0.09240885182225704,18,19
2,2,0,3,Left,all,0.37196767747997395,0.0033296796363682544,0.2050043380722015,0.004684314343913507,0.9417564419865854,0.015981316412857362,,0,19
2,2,0,4,Right,0,0.39328368887253584,0.00647884594974409,0.2163284829153226,0.004098094884965557,0.9113122171945701,0.02716519342340572,0.08332620062385097,18,20
2,2,0,4,Right,1,0.362907508078151,0.0055513046472895275,0.19721312817493072,0.004729368222814682,0.9809803921568628,0.030990318588439744,0.11952751790958437,18,20
2,2,0,4,Right,2,0.36559875309157,0.006442353009304563,0.20642262560833385,0.006154660221518058,0.8814159292035398,0.03758938001340665,0.08019632170187492,18,20
2,2,0,4,Right,all,0.3739299833474189,0.0036000718321997447,0.20665474556619573,0.003005831744930563,0.9245695128516577,0.016181284983196882,,0,20
2,2,1,0,Noise,0,0.37342147480779053,0.007998082636003446,0.21076531879649849,0.00961451524277129,0.911350703803534,0.03646048099436949,0.08442167954232217,58,63
2,2,1,0,Noise,1,0.358192486476963,0.008057796533694407,0.17740457361703582,0.005743668687529013,0.9244319950202303,0.050722875851690434,0.08791303332322352,58,63
2,2,1,0,Noise,2,0.34410924931081877,0.011284245413180991,0.20290939414822254,0.00619128322103687,0.8790200138026225,0.0415236643080393,0.07434551746066033,58,63
2,2,1,0,Noise,all,0.35857440353185743,0.004538299384393462,0.19702642885391894,0.003395737187593353,0.904934237542129,0.02949222550574599,,0,63
2,2,1,1,Up,0,0.3715922863165653,0.006887030189389793,0.2061787419641687,0.008211425511098614,0.9320199778024417,0.030113908340686574,0.07375814172724642,17,17
2,2,1,1,Up,1,0.3620461250603259,0.006836561254871483,0.17829330866568016,0.004064314857919203,0.9455594002306805,0.021158414276514433,0.1110449976963268,17,17
2,2,1,1,Up,2,0.3529678315256507,0.009013169087646308,0.20732140353476128,0.0033849363152113586,0.8966751918158568,0.01782936156062557,0.0965245150101959,17,17
2,2,1,1,Up,all,0.36220208096751394,0.004373382788782208,0.1972644847215367,0.0019801461410680586,0.924751523282993,0.014430860044923036,,0,17
2,2,1,2,Down,0,0.3761418941899455,0.005682691067068194,0.2147570845486092,0.008726238713153586,0.9481132075471698,0.03508791447236067,0.05123555270367325,16,16
2,2,1,2,Down,1,0.35626403999427075,0.004966596447158253,0.18281527725006677,0.004935284997511794,0.9264705882352942,0.040716383850721294,0.11075784957787468,16,16
2,2,1,2,Down,2,0.34442128912498315,0.006404362636307352,0.2051734681262018,0.00205762363155054,0.9391304347826087,0.0399116857462226,0.07313811030190313,16,16
2,2,1,2,Down,all,0.35894240776973313,0.0044092808684472705,0.20091527664162595,0.0037917406502582206,0.9379047435216908,0.020602834082790143,,0,16
2,2,1,3,Left,0,0.3714543752165028,0.005524981236581425,0.2081329975358965,0.005634860380295306,0.9150943396226415,0.03645629370110549,0.058146941784440895,16,16
2,2,1,3,Left,1,0.3602021250725077,0.007458630410014237,0.176824114261445,0.005107190162677544,0.9730392156862745,0.023654352380016785,0.06429741765812017,16,16
2,2,1,3,Left,2,0.33867574954501245,0.004314191479476476,0.20856821608811915,0.003644483195474262,0.9269021739130434,0.031561693818586006,0.11170393464015387,16,16
2,2,1,3,Left,all,0.356777416611341,0.0024618035325063596,0.1978417759618202,0.0026028059555376682,0.9383452430739865,0.018309721815786426,,0,16
2,2,1,4,Right,0,0.37455319145340166,0.005601666229596055,0.21071492835451186,0.004208018496955977,0.9596108490566038,0.025719084595842087,0.09217816903351042,16,16
2,2,1,4,Right,1,0.3585493081520526,0.005627886552838064,0.17277010417102845,0.003563887314986962,0.9151960784313725,0.0604968958482934,0.08487693627754579,16,16
2,2,1,4,Right,2,0.3486882331429758,0.007853901183333116,0.202747571532989,0.0035574251819395952,0.8785326086956522,0.015833789334461,0.08088008106779303,16,16
2,2,1,4,Right,all,0.3605969109161434,0.003107534901028042,0.19541086801950977,0.0023697850129431723,0.9177798453945428,0.020196692394498904,,0,16
2,2,2,0,Noise,0,0.3676637666571453,0.010464811964451749,0.20283123215205578,0.007735616257393292,0.8804253472222222,0.039521625060166876,0.10067863539712932,49,64
2,2,2,0,Noise,1,0.35077614430594767,0.010019294655415503,0.17677857864414664,0.006150600463385536,0.9204656862745098,0.043604233270573944,0.08693583189075832,49,64
2,2,2,0,Noise,2,0.3360772004845778,0.00802176858048637,0.19759184836570284,0.006889064991437074,0.8522970085470085,0.059087380075579406,0.07624371022866078,49,64
2,2,2,0,Noise,all,0.35150570381589025,0.005935554860264069,0.19240055305396842,0.003963267929010847,0.8843960140145802,0.02557196985416444,,0,64
2,2,2,1,Up,0,0.3641196518489008,0.008373602217583168,0.20085455190984328,0.003774110421791627,0.9133597883597885,0.0283181565328322,0.0819004113610327,21,21
2,2,2,1,Up,1,0.36076928917593165,0.009941821856223821,0.1794778179805468,0.004077183014545645,0.9641456582633052,0.021949777153466382,0.10582940632185969,21,21
2,2,2,1,Up,2,0.3410217626448896,0.005843695469621548,0.20275021811403007,0.005399404151682303,0.8801383801383802,0.04633306826802309,0.09039495060640987,21,21
2,2,2,1,Up,all,0.35530356788990736,0.005824287097913708,0.19436086266814004,0.0026944783009002116,0.9192146089204913,0.020697700450942002,,0,21
2,2,2,2,Down,0,0.3695933059385943,0.005652828742987401,0.20112898942721333,0.006596529229404703,0.8779956427015251,0.04428323556824276,0.0956470228471793,17,17
2,2,2,2,Down,1,0.3452558000840693,0.004419311216636047,0.17597139972135914,0.004277199350266429,0.9241061130334486,0.032896245515162126,0.0938500925768174,17,17
2,2,2,2,Down,2,0.33798874119505967,0.004177348305527933,0.20103294744429898,0.0021118548821719998,0.9374057315233786,0.036976962662558656,0.07771498967273949,17,17
2,2,2,2,Down,all,0.3509459490725744,0.003467597464499049,0.19271111219762382,0.0022387038441966226,0.9131691624194508,0.02352065906852669,,0,17
2,2,2,3,Left,0,0.3666983431331995,0.0060954715736464896,0.20532299774546287,0.004159709192369845,0.8867102396514162,0.023327869860418942,0.08163091787724891,17,17
2,2,2,3,Left,1,0.35090072368079506,0.00633645473587544,0.1740929156200195,0.005041490586212155,0.9236447520184544,0.038898660889918564,0.07049820206158774,17,17
2,2,2,3,Left,2,0.33611280817152206,0.00425798458761017,0.2073129040204015,0.003234043876957941,0.92885872297637,0.02793925682762876,0.11635389766530124,17,17
2,2,2,3,Left,all,0.35123729166183887,0.0021085577654366794,0.1955762724619613,0.0027220209496502125,0.9130712382154135,0.023338067459578914,,0,17
2,2,2,4,Right,0,0.3717702386015029,0.00748186814200611,0.2060917322162715,0.0035858998915262717,0.9242919389978214,0.04774754261940823,0.09431149074826672,17,17
2,2,2,4,Right,1,0.35326078913850456,0.006709896642315131,0.17627080128217992,0.0054746361433264945,0.9321799307958478,0.03884047723474896,0.07515985055957292,17,17
2,2,2,4,Right,2,0.34041731512870155,0.005577386099736391,0.19783386917949086,0.004286697513939251,0.8541980894922071,0.03959864528871256,0.08187628572754932,17,17
2,2,2,4,Right,all,0.35514944762290296,0.004458343317557109,0.19339880089264744,0.0028902029506849094,0.9035566530952921,0.02290528227976913,,0,17
2,2,3,0,Noise,0,0.3598902964585355,0.010833118171101658,0.2030869679402467,0.008964000283639494,0.8909668313338038,0.04468630160723496,0.10500591240665319,58,65
2,2,3,0,Noise,1,0.3530500366825691,0.008938654306827798,0.17692392731093745,0.007520338423290466,0.9243438914027149,0.046087416087558855,0.07316657014523141,58,65
2,2,3,0,Noise,2,0.3387252298569978,0.007387987875963178,0.20356821106532422,0.007205701720656097,0.9009364548494984,0.04121480789358132,0.08360395623027778,58,65
2,2,3,0,Noise,all,0.3505551876660341,0.005663365534766245,0.19452636877216944,0.004181083631388529,0.9054157258620057,0.02322908622458238,,0,65
2,2,3,1,Up,0,0.3572774465861402,0.008684990942488778,0.19934228329663858,0.009384167449742041,0.9136085626911316,0.04733891614805115,0.08195062648916013,18,18
2,2,3,1,Up,1,0.35945210513648346,0.008070900547545053,0.17906188804269957,0.004554062023771231,0.972549019607843,0.018686545006762294,0.11293907721671712,18,18
2,2,3,1,Up,2,0.34364562481147903,0.006838396188132946,0.21206679951302687,0.0033552396298843984,0.9485507246376811,0.03371936299662961,0.09941011167931922,18,18
2,2,3,1,Up,all,0.3534583921780342,0.0043268746056608085,0.19682365695078832,0.003750254321177143,0.9449027689788854,0.023889410494772906,,0,18
2,2,3,2,Down,0,0.36411030020827806,0.007155974956288104,0.20079546520265437,0.007259675970322346,0.9077740222114921,0.03050045716533799,0.08680953669531268,19,19
2,2,3,2,Down,1,0.3464674085735729,0.004766071249743958,0.17793683884141928,0.005426271769404545,0.9337461300309599,0.0377932604327814,0.09375141458001383,19,19
2,2,3,2,Down,2,0.3421060989231729,0.004736882263433968,0.20581852349654184,0.004257650216218181,0.9389016018306635,0.03203107358301205,0.08255863445640454,19,19
2,2,3,2,Down,all,0.35089460256834126,0.003139706849949943,0.19485027584687184,0.0027951873762460844,0.9268072513577051,0.02135668886001271,,0,19
2,2,3,3,Left,0,0.35420432527634776,0.0069484037153409355,0.2014315046733353,0.006890932934244072,0.9099770642201835,0.035487514563929234,0.08077025648031248,16,16
2,2,3,3,Left,1,0.35660757067409127,0.006886225616029732,0.1751525324003129,0.0038587465988290555,0.9475490196078431,0.03820595489065492,0.08842003809253217,16,16
2,2,3,3,Left,2,0.3371664697725915,0.005520622827791833,0.21067670741012515,0.003531290781377171,0.9820652173913044,0.014712108100598774,0.11972421161719259,16,16
2,2,3,3,Left,all,0.3493261219076768,0.003129059647985773,0.1957535814945911,0.001671133289562955,0.946530433739777,0.012640694903218662,,0,16
2,2,3,4,Right,0,0.3629137359853846,0.004923782870743743,0.20355000101642196,0.004941335478037415,0.9294724770642202,0.02822126314728812,0.07678123391665587,16,16
2,2,3,4,Right,1,0.3515231615213793,0.004977572798346536,0.17556230300054515,0.0049922799211281205,0.9365196078431373,0.034729507117380334,0.0761950930678951,16,16
2,2,3,4,Right,2,0.34146375521436567,0.004863140427002524,0.20369925614668058,0.004713860940212421,0.914945652173913,0.020267197494126084,0.07731633479956647,16,16
2,2,3,4,Right,all,0.35196688424037653,0.0033091560632307736,0.19427052005454923,0.003211180035627951,0.9269792456937568,0.013891052196912298,,0,16
2,2,4,0,Noise,0,0.33770252465639927,0.008083966248666799,0.19083873166309268,0.007295780614502434,0.8470073448976402,0.05077988107316296,0.1015257586442592,32,54
2,2,4,0,Noise,1,0.3511791064059938,0.009645386223631675,0.177443145963608,0.007399626595997725,0.9224400871459695,0.05225735962200903,0.08456027079148615,32,54
2,2,4,0,Noise,2,0.3369941297228562,0.006132566783156789,0.2054693221430226,0.006525507773993967,0.90485312899106,0.030488536492886555,0.08937884463971386,32,54
2,2,4,0,Noise,all,0.34195858692841646,0.004811700225465302,0.1912503999232411,0.004010787439902865,0.89143352034489,0.029174902115019226,,0,54
2,2,4,1,Up,0,0.33814970604820044,0.0052251689523069795,0.18958891078777992,0.005951300653048988,0.8939521800281294,0.03823721011371668,0.09704827835636916,15,15
2,2,4,1,Up,1,0.3597461673459531,0.006818573975057894,0.18113317951997696,0.006059215337731178,0.9788235294117646,0.021107887697530834,0.11444504474667938,15,15
2,2,4,1,Up,2,0.3372984987447954,0.004810984740967925,0.21029073336821294,0.003732140217127936,0.9612068965517242,0.020863392051844093,0.10625183856835507,15,15
2,2,4,1,Up,all,0.34506479071298296,0.002700642789668282,0.1936709412253233,0.0017369700657256487,0.9446608686638727,0.01195911461533079,,0,15
2,2,4,2,Down,0,0.33991461978836895,0.006239890104838314,0.19006941172693445,0.008504881251363092,0.8724249193348226,0.05558840361730815,0.08369637917539859,16,17
2,2,4,2,Down,1,0.34765341995618954,0.007000450186233079,0.17237390210136738,0.005977396303886431,0.9411764705882353,0.037970424962817835,0.09704959193698355,16,17
2,2,4,2,Down,2,0.34347002548957223,0.00360083690054782,0.2102101210337959,0.004201365673504052,0.9700811359026368,0.016446563116460207,0.11077602684646318,16,17
2,2,4,2,Down,all,0.3436793550780436,0.004321197067204205,0.19088447828736593,0.003977117817910627,0.9278941752752317,0.02479770475042336,,0,17
2,2,4,3,Left,0,0.33706169410948694,0.005930090552555942,0.19054085717712685,0.006281860300125632,0.8815551537070524,0.032196408365853246,0.07033176542417093,14,14
2,2,4,3,Left,1,0.3479993038038493,0.0032619272117643387,0.16614373950978129,0.007431698738770402,0.9019607843137255,0.05122346045182332,0.0681500083459015,14,14
2,2,4,3,Left,2,0.34317846115298406,0.00595041843176103,0.215806196701865,0.005225043937131576,0.9415024630541872,0.03660238897499199,0.12533026726631571,14,14
2,2,4,3,Left,all,0.3427464863554401,0.0034475106232067787,0.19083026446292436,0.0038136096373468493,0.9083394670249884,0.030186922255592226,,0,14
2,2,4,4,Right,0,0.3425058930436995,0.005792034335230882,0.1927081649346955,0.007182335868912109,0.8751054852320675,0.05115264696146887,0.07970084476471594,15,15
2,2,4,4,Right,1,0.3546644780669608,0.006001922859025417,0.17760962431688865,0.005931463992621426,0.9411764705882353,0.023247612236690703,0.0823320347848495,15,15
2,2,4,4,Right,2,0.33700180322389944,0.006250086153451829,0.20378135150222504,0.0063433020803288845,0.9353448275862069,0.019413648732062132,0.08961288643860706,15,15
2,2,4,4,Right,all,0.3447240581115199,0.002935681661978287,0.19136638025126976,0.0035411129487521588,0.9172089278021699,0.027911796441038222,,0,15
2,3,0,0,Noise,0,0.3613409021664388,0.00953994044419487,0.1884537097071335,0.009011879118180256,0.8574468085106383,0.03890471967497913,0.10020431622103518,34,64
2,3,0,0,Noise,1,0.37469833281054754,0.014629626258752262,0.17913877828957744,0.009501089832699308,0.8763480392156863,0.05285854809938405,0.113720415978146,34,64
2,3,0,0,Noise,2,0.3795863664094416,0.016331384675912212,0.1974231199149529,0.011179432672244284,0.8751953125,0.056992477261925044,0.07163359788951237,34,64
2,3,0,0,Noise,all,0.3718752004621427,0.006395310815287268,0.1883385359705546,0.0046649574671189615,0.8696633867421082,0.02554810185516899,,0,64
2,3,0,1,Up,0,0.3656518186745264,0.007581836112836051,0.1943154338262273,0.007833802450599444,0.9221884498480244,0.03784945177682218,0.08574539825956598,21,21
2,3,0,1,Up,1,0.38107054281776265,0.015984504154704583,0.1753813881079421,0.005360677558152669,0.9342670401493931,0.04594941909109759,0.08668059240391629,21,21
2,3,0,1,Up,2,0.38078887521631966,0.007039908080899616,0.20127916878097962,0.0039162562038511884,0.9559523809523809,0.029947043206724054,0.08778264929108076,21,21
2,3,0,1,Up,all,0.37583707890286955,0.0060713833864415355,0.190325330238383,0.0024052976901880047,0.9374692903165995,0.019768872197436116,,0,21
2,3,0,2,Down,0,0.36106326201241246,0.008549941674558473,0.18656441166987214,0.005766506268457206,0.8785982478097621,0.019332316200026716,0.07400655901331173,17,17
2,3,0,2,Down,1,0.3716333642307896,0.011193664394984726,0.18414122009171183,0.006834347681196813,0.9199538638985005,0.04362599300338455,0.10926757135319433,17,17
2,3,0,2,Down,2,0.380942337098595,0.013992824942201016,0.19951590303742808,0.006071686824863028,0.9122549019607843,0.03347854400204306,0.07729434348391594,17,17
2,3,0,2,Down,all,0.37121298778059897,0.004786112621663541,0.19007384493300403,0.002032932500835197,0.9036023378896824,0.020378882937576025,,0,17
2,3,0,3,Left,0,0.3566109979358287,0.004493955113296226,0.18744878035692375,0.005324352161557484,0.8777777777777778,0.025229985957612177,0.07761832940664243,18,18
2,3,0,3,Left,1,0.3791106811406411,0.008315084516336217,0.17871220689507783,0.004979618966960502,0.9220043572984751,0.027823762737499664,0.1042982931981702,18,18
2,3,0,3,Left,2,0.37969484498368394,0.010877337153989107,0.202357006685811,0.006236969959348253,0.9171296296296296,0.03494536143938518,0.09415358133843371,18,18
2,3,0,3,Left,all,0.37180550802005125,0.004185110660160719,0.18950599797927087,0.002773959439184372,0.9056372549019608,0.012831672191791802,,0,18
2,3,0,4,Right,0,0.36888677534343256,0.015090604525586925,0.19793467077478105,0.010002017884760798,0.9210401891252956,0.044563818890279466,0.08831908542114637,18,18
2,3,0,4,Right,1,0.3688923016148322,0.013340391569030127,0.1759865576490739,0.00815838907244235,0.8762527233115469,0.044676779256564124,0.10210330346076152,18,18
2,3,0,4,Right,2,0.38609878220135996,0.014660234028171966,0.20010374747545787,0.008909255039506098,0.9358796296296296,0.039815210643013924,0.09580369821869836,18,18
2,3,0,4,Right,all,0.3746259530532082,0.005625057590893196,0.1913416586331043,0.003636026459018457,0.9110575140221573,0.02136411120996709,,0,18
2,3,1,0,Noise,0,0.356794542379146,0.010426390893420989,0.18894173089557284,0.007209604955856042,0.8547089947089946,0.035399224004928856,0.08829504681675626,26,42
2,3,1,0,Noise,1,0.37178621302089565,0.008482505135710828,0.17230514748883813,0.007582726484414841,0.9008403361344538,0.06433475128589487,0.09029232422024985,26,42
2,3,1,0,Noise,2,0.37514181986752093,0.0082409856004786,0.2037106425089619,0.006167509629221972,0.8892295115471082,0.05694753297953198,0.0758010521257674,26,42
2,3,1,0,Noise,all,0.3679075250891875,0.005287600646272517,0.18831917363112427,0.005062056677142617,0.8815929474635189,0.021128221818139427,,0,42
2,3,1,1,Up,0,0.3587860157236801,0.007816549027075343,0.1895358889016259,0.0054728964500840435,0.8930555555555556,0.03132415534510751,0.08661631503162963,31,32
2,3,1,1,Up,1,0.37763309494312314,0.0077451745547372575,0.17240083618174787,0.0042990702649292525,0.9098039215686274,0.06387347193056858,0.08792282209113814,31,32
2,3,1,1,Up,2,0.37737794572131994,0.00534809430920912,0.20672399844186992,0.003932970814618128,0.9475590128755365,0.037632923978230946,0.09016059719572761,31,32
2,3,1,1,Up,all,0.3712656854627077,0.003960570206528407,0.18955357450841456,0.0029909654578726295,0.9168061633332398,0.030231646892356422,,0,32
2,3,1,2,Down,0,0.3531471513486954,0.004938366875440226,0.18343193802971766,0.003038762244312882,0.8674074074074074,0.0209251065064082,0.09862226842821935,6,6
2,3,1,2,Down,1,0.3733215234622072,0.007341545619514875,0.17706628817205597,0.0047480508228604605,0.9594771241830066,0.03324478820185479,0.08705418740323545,6,6
2,3,1,2,Down,2,0.3794872631425399,0.0043786328850293306,0.2075797665684713,0.003884724590354696,0.9391988555078683,0.02508680674785437,0.08886179514629304,6,6
2,3,1,2,Down,all,0.3686519793178142,0.004019065024849699,0.18935933092341495,0.0019583592237178552,0.9220277956994275,0.02006267307928509,,0,6
2,3,1,3,Left,0,0.3580788636644333,0.00809599739436023,0.19112329567983855,0.005997564764661148,0.8671345029239766,0.030895007364257744,0.10187796932808796,17,19
2,3,1,3,Left,1,0.37528876308318965,0.006196363258776186,0.17545492972147497,0.003908060489265589,0.9157894736842105,0.04296595858844878,0.07274539981490999,17,19
2,3,1,3,Left,2,0.37966474486711504,0.006130495548535247,0.21122937916028012,0.007049502686087657,0.9451095550033882,0.048251808700187554,0.10196882605937924,17,19
2,3,1,3,Left,all,0.371010790538246,0.004856766335486699,0.19260253485386455,0.003845251482806706,0.9093445105371918,0.024492401689989608,,0,19
2,3,1,4,Right,0,0.358337991471392,0.00717226597958494,0.18569174226718144,0.005161789769378338,0.8851851851851852,0.04576470401547265,0.07767315928026797,18,18
2,3,1,4,Right,1,0.3757997123250012,0.007659050382818839,0.17401273630642491,0.005016891147312883,0.955119825708061,0.029136651718108045,0.08999040681923041,18,18
2,3,1,4,Right,2,0.37984602868239775,0.005395573009642087,0.20424495683293975,0.0043641380673579205,0.8896041964711492,0.03291055117014734,0.0861129210443058,18,18
2,3,1,4,Right,all,0.37132791082626365,0.0028681483170117155,0.18798314513551537,0.0024890613004061183,0.9099697357881317,0.013928325162213968,,0,18
2,3,2,0,Noise,0,0.3572915826146071,0.011138623497176179,0.19789151208882774,0.0098431037833064,0.884547803617571,0.04515232413874647,0.10278578617710982,24,45
2,3,2,0,Noise,1,0.37073679030277684,0.011713471204867681,0.1752197610639903,0.006100658966521444,0.8955119825708061,0.044885615777899006,0.06750276182383899,24,45
2,3,2,0,Noise,2,0.36667924387757195,0.007838258103187641,0.20470018460838146,0.008487454873927224,0.8770048309178744,0.05629799300459049,0.07190932762695687,24,45
2,3,2,0,Noise,all,0.364902538931652,0.006008218433301699,0.19260381925373318,0.004661098978595618,0.8856882057020838,0.02386576995175749,,0,45
2,3,2,1,Up,0,0.35477459385662374,0.0058534721830761196,0.19891801693073044,0.0068610155074133585,0.9151162790697674,0.03170187033571847,0.09213070326494914,24,24
2,3,2,1,Up,1,0.37612945374955115,0.005885390283163157,0.17637841120931244,0.003764932063159916,0.9415032679738561,0.025855902852286214,0.08543681421611883,24,24
2,3,2,1,Up,2,0.3673280453886565,0.008249836243492452,0.20746048701604294,0.004743775892148597,0.9164855072463768,0.035228222252595594,0.09038832008210872,24,24
2,3,2,1,Up,all,0.3660773643316104,0.0030236367483639577,0.19425230505202862,0.0031112886337250657,0.9243683514300001,0.014512907692795481,,0,24
2,3,2,2,Down,0,0.35492429540175796,0.004211293459170271,0.19571809128718337,0.0069988416379208164,0.9180232558139535,0.038946835021290115,0.09697512292297272,16,16
2,3,2,2,Down,1,0.38083066783034747,0.008145681865865293,0.17954115575087515,0.003240032086100412,0.9227941176470589,0.035503193373490956,0.07552961479630921,16,16
2,3,2,2,Down,2,0.37325775916438214,0.00507633805065411,0.2125559004204766,0.005378332574473037,0.9682065217391305,0.03466351895456952,0.11587271268114811,16,16
2,3,2,2,Down,all,0.3696709074654958,0.003152642997627295,0.19593838248617837,0.0024628874279918464,0.9363412984000475,0.01873617240900371,,0,16
2,3,2,3,Left,0,0.35297323932059205,0.005704502159385759,0.19777806705730577,0.008047266658697629,0.9220930232558139,0.03069971433450671,0.08901411780458743,18,20
2,3,2,3,Left,1,0.3735718645330929,0.0077771869388731565,0.17705952775510475,0.005223157426785234,0.9094117647058824,0.039006666906230426,0.06954823079705887,18,20
2,3,2,3,Left,2,0.3709625196381615,0.00647275714532288,0.2127592392277394,0.006120864177673609,0.9504347826086956,0.055183957156496204,0.0862517440693308,18,20
2,3,2,3,Left,all,0.36583587449728217,0.004169093413058267,0.19586561134671665,0.003915966397930293,0.9273131901901307,0.027230171155358685,,0,20
2,3,2,4,Right,0,0.3631202009619282,0.006707732548544258,0.2036200841014054,0.003858239050472232,0.946046511627907,0.025463333726048126,0.1148312695994122,15,15
2,3,2,4,Right,1,0.378008154617822,0.008163913764574643,0.17999116313395247,0.004793500717803093,0.9349019607843138,0.03126030340387105,0.07648556617478411,15,15
2,3,2,4,Right,2,0.3713911358150133,0.0061279832191460226,0.21091631677046832,0.006000163829565226,0.938840579710145,0.052366793231936076,0.108795401576276,15,15
2,3,2,4,Right,all,0.37083983046492114,0.0036222724252486,0.19817585466860874,0.003284433002794257,0.9399296840407885,0.012493599854004514,,0,15
2,3,3,0,Noise,0,0.3791742343448493,0.007681215571472117,0.19744664764870806,0.007738841265373585,0.896636432350718,0.043464593378308346,0.10019702564770908,25,49
2,3,3,0,Noise,1,0.39319619296483116,0.01370218046942289,0.17614383293753486,0.0061892570618559675,0.9143657462985194,0.046389210197467085,0.06929375524859382,25,49
2,3,3,0,Noise,2,0.36391878420630325,0.008070412379194314,0.20113304436822274,0.006649938327928516,0.8834065271678292,0.04433471124895651,0.08105400895464454,25,49
2,3,3,0,Noise,all,0.37876307050532787,0.005992276503239727,0.1915745083181552,0.003994625408923229,0.8981362352723555,0.02748342883336207,,0,49
2,3,3,1,Up,0,0.3787851376287918,0.0057083805788284035,0.1982205112677663,0.004902238575914255,0.9431584362139918,0.02721866295275387,0.08152177381870698,18,18
2,3,3,1,Up,1,0.39678189217426424,0.006786204108863649,0.17700571574368934,0.004689292300644636,0.9718954248366012,0.022677782900945027,0.08925469035366981,18,18
2,3,3,1,Up,2,0.3637474230641579,0.011803143430418392,0.20403407391184789,0.005219328900355733,0.9174871073605251,0.031977975298277596,0.08490575929788677,18,18
2,3,3,1,Up,all,0.3797714842890713,0.0056322399433423745,0.1930867669744345,0.002675444193816312,0.9441803228037061,0.01604877705441899,,0,18
2,3,3,2,Down,0,0.38305702538885855,0.0045243616647691895,0.1925032352067833,0.006416441027887452,0.9071502057613168,0.04453264391564915,0.07812188747629874,18,18
2,3,3,2,Down,1,0.4003161254467189,0.00876995097264595,0.17700045619863491,0.003348188088209487,0.9350762527233116,0.02657090554795292,0.06462754805887067,18,18
2,3,3,2,Down,2,0.3703270771563278,0.008431149998529161,0.20455390893939124,0.0046985863948744875,0.969057665260197,0.02477285161485069,0.10989393500496569,18,18
2,3,3,2,Down,all,0.3845667426639684,0.005842686001465307,0.19135253344826983,0.0018895839799080703,0.9370947079149418,0.015810269320754213,,0,18
2,3,3,3,Left,0,0.37639197908296285,0.005802305676946686,0.19771959751511808,0.0033185852782290693,0.9335511982570806,0.03663486715530888,0.08030252681965191,17,17
2,3,3,3,Left,1,0.3967411757949853,0.008940179866251018,0.17812989042236566,0.00530982092748253,0.956401384083045,0.021917076293582142,0.05984213763303619,17,17
2,3,3,3,Left,2,0.3671947832493672,0.006296211465836164,0.20795272456662456,0.00441398892268157,0.9848597666914868,0.0164136392893818,0.10009710315892933,17,17
2,3,3,3,Left,all,0.38010931270910514,0.005318058690499632,0.19460073750136941,0.0021454549786488093,0.9582707830105375,0.013156219299420931,,0,17
2,3,3,4,Right,0,0.38473481491083006,0.003799518632009952,0.19814993721999158,0.0086192137561869,0.9319172113289761,0.03223186192922332,0.07700691409592149,17,17
2,3,3,4,Right,1,0.3968322296504231,0.005819078812775449,0.17449106998558522,0.0062413316202148865,0.9416378316032296,0.029926295239362837,0.07673792602361929,17,17
2,3,3,4,Right,2,0.3652464491562779,0.006240912991347909,0.19692842643413785,0.003721652373110047,0.9004715810374783,0.034699954268070814,0.07256249853944911,17,17
2,3,3,4,Right,all,0.3822711645725103,0.0032571971899835136,0.1898564778799049,0.004787467722617002,0.9246755413232279,0.024845929922391256,,0,17
2,3,4,0,Noise,0,0.36034118173454116,0.009398279387653181,0.19987664668055916,0.008925707103691555,0.8769914215686274,0.0586567234217628,0.09907206639971769,19,32
2,3,4,0,Noise,1,0.36658155949047316,0.011645058669492312,0.17475465933326204,0.006195377648141154,0.9063725490196078,0.04652607996732758,0.07355878293238573,19,32
2,3,4,0,Noise,2,0.34146716517139747,0.007050526813569227,0.20488991740803106,0.005240654206672347,0.9118830472103004,0.03213543726275713,0.0974533971132377,19,32
2,3,4,0,Noise,all,0.35612996879880393,0.005070816686231106,0.19317374114061742,0.004662772409298967,0.8984156725995119,0.02639478850882245,,0,32
2,3,4,1,Up,0,0.36357826664458404,0.007513686130515052,0.20272846245276782,0.006341338780053964,0.9134803921568627,0.036415611269992806,0.07951428846560178,19,20
2,3,4,1,Up,1,0.3666752496865337,0.01108532153587255,0.17559024798596212,0.004680577731848668,0.9364705882352942,0.050631496450223655,0.07720974486086375,19,20
2,3,4,1,Up,2,0.343920042796064,0.005355931095396717,0.21065593300809274,0.007879989630048236,0.9420600858369099,0.03071310317113417,0.0976656736233698,19,20
2,3,4,1,Up,all,0.3580578530423939,0.0036256656400845116,0.1963248811489409,0.003115562702933994,0.930670355409689,0.021800789667582584,,0,20
2,3,4,2,Down,0,0.36049874084662165,0.007143505021971198,0.19555213699041823,0.005914662688459032,0.8853485838779956,0.04861827896326697,0.06725810796655836,18,18
2,3,4,2,Down,1,0.37772586615959647,0.005363441883178319,0.17272969446591316,0.006657876262777272,0.9006535947712417,0.033438331137784674,0.06261083960126625,18,18
2,3,4,2,Down,2,0.3511221146173009,0.003849196238792819,0.210844342027407,0.0038276612822862248,0.9778254649499285,0.010742229392271265,0.10175007327854883,18,18
2,3,4,2,Down,all,0.3631155738745063,0.002447673035609329,0.1930420578279128,0.0033443348800433342,0.921275881199722,0.022215416457167236,,0,18
2,3,4,3,Left,0,0.36220445490869263,0.007681397592722719,0.1977388530132798,0.005771918445613672,0.9079939668174963,0.0641062607989775,0.09210258789526017,12,13
2,3,4,3,Left,1,0.37548844846538104,0.007465032254540817,0.17342488284064606,0.007170479912756601,0.9013574660633483,0.03582913850597175,0.05744842223976582,12,13
2,3,4,3,Left,2,0.3495682758907141,0.00722081940900475,0.20992587878680682,0.004883703635586441,0.9626939584021129,0.033537992894879964,0.09325963491024741,12,13
2,3,4,3,Left,all,0.36242039308826257,0.004285289507630685,0.19369653821357755,0.0037712279123056015,0.9240151304276526,0.03320653628169941,,0,13
2,3,4,4,Right,0,0.3627603878829472,0.006941258607724013,0.19785334962768975,0.00481746320988289,0.9049019607843137,0.0477757565747237,0.0763791210446239,19,20
2,3,4,4,Right,1,0.3707163960396231,0.010799936631866137,0.17518991734714434,0.005495551730288753,0.918235294117647,0.04816846201106897,0.08211653966351419,19,20
2,3,4,4,Right,2,0.3453618431584772,0.005068867145429308,0.206097595494264,0.005470893678883395,0.9491416309012874,0.01822339397738684,0.08438397079856651,19,20
2,3,4,4,Right,all,0.3596128756936825,0.004228518635037852,0.19304695415636602,0.0017353170945021007,0.9240929619344161,0.02811285070688214,,0,20
2,4,0,0,Noise,0,0.35088459787712123,0.011330643649501681,0.19247928497901426,0.00940329898469869,0.8349593495934959,0.05259880507660004,0.0990308420891953,17,40
2,4,0,0,Noise,1,0.3858348835809439,0.008784066920737575,0.17173427938593488,0.008344341325375846,0.9023529411764706,0.060170926728018666,0.11190911246493898,17,40
2,4,0,0,Noise,2,0.3793619694913116,0.008379174574695038,0.2061338950568401,0.007633575754805152,0.8927215189873416,0.04740020592841269,0.08593432687670871,17,40
2,4,0,0,Noise,all,0.37202715031645894,0.006412299797787021,0.19011581980726308,0.005122804065385043,0.8766779365857694,0.033254946946263665,,0,40
2,4,0,1,Up,0,0.3519158974794303,0.007341382232714729,0.19311534565485503,0.004970389851695266,0.8806620209059234,0.04113553987700438,0.08763730791068101,14,14
2,4,0,1,Up,1,0.3899717837014038,0.005908387885292959,0.17381442886351128,0.0045632630974513705,0.9613445378151261,0.025823652198745547,0.11518011119246747,14,14
2,4,0,1,Up,2,0.3809727719428667,0.0059461968776607825,0.21130476777736282,0.006266160871094489,0.9436407474382158,0.03337201863885788,0.10100604102608315,14,14
2,4,0,1,Up,all,0.3742868177079003,0.004971113453535363,0.1927448474319097,0.003208597425682831,0.9285491020530884,0.025379869182575808,,0,14
2,4,0,2,Down,0,0.3526648768958769,0.006605347639308677,0.19337578108511558,0.004057076037438247,0.8684552845528455,0.03898838108302498,0.10159143611505546,24,25
2,4,0,2,Down,1,0.3901898452586813,0.00732820914868461,0.17162835846546248,0.006584374412369527,0.9189019607843137,0.0508888066228481,0.10162125793620974,24,25
2,4,0,2,Down,2,0.3853668570323061,0.0048342582784819035,0.21321508460640498,0.005000193791924572,0.9660759493670886,0.030462654490635652,0.09913135257766037,24,25
2,4,0,2,Down,all,0.3760738597289548,0.0036195597942638535,0.192739741385661,0.0024502533621301534,0.917811064901416,0.021161702998650955,,0,25
2,4,0,3,Left,0,0.3519232586956201,0.004968408794880921,0.20180036410634844,0.0065719441454900355,0.8658536585365854,0.04107607681873076,0.1184056240470332,18,20
2,4,0,3,Left,1,0.39190972533765167,0.007299848222895132,0.1663724928010773,0.007811358334724278,0.8870588235294118,0.03405935496833703,0.09734238889883945,18,20
2,4,0,3,Left,2,0.38409568927119314,0.005730026720005356,0.21546140760884452,0.010500808241762114,0.9643459915611814,0.042071217932406056,0.09813898565384795,18,20
2,4,0,3,Left,all,0.3759762244348216,0.004056165973941559,0.19454475483875677,0.003594560260197657,0.9057528245423929,0.01193682625403076,,0,20
2,4,0,4,Right,0,0.35591471712528316,0.00579577424085182,0.1953422981081981,0.005167021685451802,0.886720867208672,0.04601292209800252,0.09408877470312557,15,15
2,4,0,4,Right,1,0.38706487471383494,0.006654976935100855,0.17086790500101237,0.004614264924809207,0.9445751633986927,0.025709749004281753,0.12511721392026542,15,15
2,4,0,4,Right,2,0.37954807616606634,0.0051166442600546515,0.20483700288305293,0.005290507904182419,0.9074542897327708,0.02539002103754939,0.08925246362720367,15,15
2,4,0,4,Right,all,0.3741758893350615,0.004715524977800724,0.1903490686640878,0.0032462128434694875,0.9129167734467118,0.0167949785427319,,0,15
2,4,1,0,Noise,0,0.3695859190013751,0.010215045665298985,0.20584182321561434,0.007611854819872047,0.894050343249428,0.050048982828789584,0.12478478608498204,10,38
2,4,1,0,Noise,1,0.3807245888027542,0.011185038981533217,0.17231494112380155,0.0064380648488438375,0.9021671826625387,0.05309265943538797,0.10094424043632018,10,38
2,4,1,0,Noise,2,0.376464668272782,0.007969353630790545,0.2156508339751484,0.009031975134893275,0.9180419268510258,0.027217173771644704,0.08083670166803618,10,38
2,4,1,0,Noise,all,0.37559172535897045,0.006342928187305983,0.19793586610485475,0.004713248587465017,0.9047531509209975,0.028891154104744694,,0,38
2,4,1,1,Up,0,0.3739357876523803,0.0042191864202424075,0.20700104379101236,0.00412104671794015,0.943289224952741,0.04154761441280388,0.1074178642221701,21,23
2,4,1,1,Up,1,0.3834173893961135,0.008263518967266277,0.17394179816441954,0.0038719160997348037,0.9473145780051151,0.04847578681772074,0.1207703897459244,21,23
2,4,1,1,Up,2,0.3760064308285332,0.00506878491961272,0.2146582483128356,0.004573462713584857,0.9427044952100221,0.030738453434581658,0.10816449574368481,21,23
2,4,1,1,Up,all,0.37778653595900896,0.0037247290705443603,0.19853369675608917,0.002772745071760316,0.9444360993892927,0.027985652725225345,,0,23
2,4,1,2,Down,0,0.36749393812047276,0.00589458617016067,0.20892987840409719,0.002572198579897874,0.9301003344481605,0.025504459156524984,0.10263360577873995,13,13
2,4,1,2,Down,1,0.39221666160256663,0.011355529223367114,0.17572736306298387,0.004249767580738674,0.943288084464555,0.023725510971491184,0.10228761406577544,13,13
2,4,1,2,Down,2,0.38120787120637334,0.002613595408056173,0.21409475785105284,0.0026075253012875946,0.982398956975228,0.016396913932997387,0.11268958933641596,13,13
2,4,1,2,Down,all,0.3803061569764709,0.002825064447502107,0.1995839997727113,0.001747679314322416,0.9519291252959813,0.013430036225123803,,0,13
2,4,1,3,Left,0,0.36789408688907105,0.007142756482551187,0.20963265140652448,0.0035999446108268664,0.9281159420289854,0.036297249526119735,0.10512388660313535,15,15
2,4,1,3,Left,1,0.38402599303102064,0.008186267274823737,0.17448707311819203,0.003133393211046768,0.9566013071895425,0.017059413793623655,0.10328129139004166,15,15
2,4,1,3,Left,2,0.37761514157341813,0.0038408466054288735,0.21156171828416187,0.0027271009639172664,0.9189265536723163,0.016243376489848863,0.12042697708819132,15,15
2,4,1,3,Left,all,0.3765117404978366,0.00272254259894007,0.19856048093629278,0.0023658541010029037,0.9345479342969482,0.014577593184374158,,0,15
2,4,1,4,Right,0,0.3735577747438466,0.007025076018996208,0.21081229802858073,0.006114076324272385,0.9295194508009154,0.034221898044260776,0.12414182419810696,19,19
2,4,1,4,Right,1,0.3813095196403483,0.007998577775453663,0.172024406411415,0.005000070251363359,0.9500515995872033,0.028122569258994735,0.12980405649836962,19,19
2,4,1,4,Right,2,0.37842985643615684,0.006791925531226675,0.2185826242571652,0.005231848065245884,0.9295272078501339,0.018373015036532884,0.1152530381029582,19,19
2,4,1,4,Right,all,0.37776571694011735,0.0036071869196034638,0.20047310956572031,0.0034681821813587607,0.9363660860794175,0.014304182645687672,,0,19
2,4,2,0,Noise,0,0.3711774272243464,0.012841455595427686,0.20204696016071685,0.006450356367589039,0.9079569327731093,0.04150349740628726,0.11626681380920578,8,32
2,4,2,0,Noise,1,0.39916237716435155,0.010731294061939739,0.17665939835368571,0.007139119921787284,0.8941176470588236,0.03975592461118118,0.0937727894164706,8,32
2,4,2,0,Noise,2,0.38393789400012873,0.006481859952464657,0.21276844183058274,0.00920786882844131,0.8995072614107884,0.031117822144812016,0.07575815603484347,8,32
2,4,2,0,Noise,all,0.38475923279627555,0.004461353950805486,0.1971582667816618,0.003696297419842432,0.9005272804142403,0.023249282735694158,,0,32
2,4,2,1,Up,0,0.3782327289074445,0.008762089430641846,0.20240213939253607,0.003002474200914092,0.955329500221141,0.023735695650982245,0.10328448712765974,19,19
2,4,2,1,Up,1,0.4021574188923654,0.007285404191878616,0.18055222819179245,0.00606186987928619,0.948813209494324,0.03494070660811271,0.10198181057044624,19,19
2,4,2,1,Up,2,0.38536409090253354,0.0075390844708848916,0.21056861577891875,0.004414624717363166,0.9364490063332606,0.023555922008555646,0.11735091295183867,19,19
2,4,2,1,Up,all,0.3885847462341145,0.004552064288906361,0.19784099445441575,0.0025108455903811275,0.9468639053495752,0.013918546756907919,,0,19
2,4,2,2,Down,0,0.3752327315795276,0.00831360510601768,0.20540732529639846,0.0036558058471041956,0.9377162629757786,0.027998586299488298,0.12704279869495505,16,17
2,4,2,2,Down,1,0.4072262629040898,0.01238752075539273,0.17626175023913093,0.005100423013166011,0.9280276816608997,0.03298378361682076,0.05334799110435429,16,17
2,4,2,2,Down,2,0.38695158601243207,0.00264958415855754,0.20522963469295283,0.003639032918230031,0.9794971930680987,0.02289081294210387,0.11406560846757198,16,17
2,4,2,2,Down,all,0.38980352683201647,0.002892853332989431,0.19563290340949407,0.0017147524043759617,0.9484137125682589,0.01626579510955192,,0,17
2,4,2,3,Left,0,0.37744009067758316,0.007054231564668775,0.2098679704892325,0.0034052584253943664,0.934733893557423,0.018646772000872024,0.14128116128435636,15,15
2,4,2,3,Left,1,0.40844079122297466,0.011109849959754467,0.17334731705959372,0.005139568152975544,0.9315032679738562,0.022569916838113213,0.06833332393913188,15,15
2,4,2,3,Left,2,0.386025254051173,0.0025471412836928654,0.20531265931910142,0.002126033163568012,0.9825726141078838,0.012566127197855477,0.10820245415950362,15,15
2,4,2,3,Left,all,0.39063537865057696,0.0029821691736628348,0.19617598228930921,0.0023288140668151895,0.9496032585463876,0.00613437951160115,,0,15
2,4,2,4,Right,0,0.3786488450410278,0.005376437161830092,0.20449177134588448,0.003318962414203737,0.961922268907563,0.02984746311337157,0.08120894187317569,16,16
2,4,2,4,Right,1,0.39765944015608656,0.0066805002857523495,0.17271769303004253,0.004183408085977857,0.9291666666666667,0.03526414849625193,0.10309233084711986,16,16
2,4,2,4,Right,2,0.38628373889305956,0.005147368451077398,0.21425940675622282,0.00465702660321646,0.9253112033195021,0.02153416371344792,0.1139649732650432,16,16
2,4,2,4,Right,all,0.38753067469672464,0.0027849632717162377,0.19715629037738328,0.002417557510693382,0.9388000462979106,0.020392839563627873,,0,16
2,4,3,0,Noise,0,0.3673026562272022,0.010706990017062101,0.20325034945709045,0.006354606654951367,0.9253112033195021,0.04598139477907079,0.12041847747022821,9,31
2,4,3,0,Noise,1,0.3895191311173739,0.010185779577451913,0.1715592352744407,0.007940524951536717,0.8818469323213156,0.05461870849049038,0.0779547734167348,9,31
2,4,3,0,Noise,2,0.37483503730855766,0.005332094852415552,0.20892556316977282,0.0062621496071891165,0.8852746659468214,0.024199736118834976,0.0860110234271896,9,31
2,4,3,0,Noise,all,0.3772189415510446,0.0036386057145517277,0.19457838263376798,0.0040293916689185735,0.8974776005292131,0.0208009155134956,,0,31
2,4,3,1,Up,0,0.3653300362665875,0.0065826811565772555,0.2057153336287888,0.006188864868466408,0.9303826648224989,0.03225278417400574,0.11868267950586281,18,18
2,4,3,1,Up,1,0.39428754426775314,0.010036746089828723,0.17892414441133608,0.003548639074129369,0.933769063180828,0.04350038806899102,0.10144273274474987,18,18
2,4,3,1,Up,2,0.3766032216131451,0.0038919278192654934,0.20976300034900508,0.004621616490058559,0.9374709437470945,0.03255169455255512,0.11036557973725142,18,18
2,4,3,1,Up,all,0.3787402673824952,0.003457008127505273,0.19813415946304333,0.0033649423605722597,0.9338742239168071,0.023052472570867545,,0,18
2,4,3,2,Down,0,0.36577761400036685,0.006765371732621409,0.20369208100007843,0.00494063713775732,0.9658286551134976,0.032058118266001065,0.13684614038895834,16,17
2,4,3,2,Down,1,0.3978681472062644,0.012369615621467649,0.17249595509811622,0.0040122115323442935,0.9215686274509803,0.02460764783923753,0.05270809093429388,16,17
2,4,3,2,Down,2,0.38000491827965593,0.001964358244097238,0.20649975886590158,0.004813766074244146,0.9707112970711298,0.022677283879371124,0.11233241192162992,16,17
2,4,3,2,Down,all,0.3812168931620957,0.003950180202320664,0.19422926498803209,0.0018538237305024954,0.9527028598785359,0.01744351948630857,,0,17
2,4,3,3,Left,0,0.36205247875966573,0.011743453171097642,0.2035857833187888,0.006009424471470269,0.9485477178423236,0.015189215948317963,0.1421446406969322,14,15
2,4,3,3,Left,1,0.388392376922483,0.009448973032880356,0.17362206072888675,0.004693540524741016,0.912156862745098,0.032399169078428436,0.06111104141031759,14,15
2,4,3,3,Left,2,0.37496316732179774,0.0037703189968888106,0.20616978151577434,0.003656138844883276,0.9550906555090656,0.019463082029554435,0.11169498257490673,14,15
2,4,3,3,Left,all,0.37513600766798216,0.005279324508099367,0.19445920852114995,0.00378837155771588,0.9385984120321624,0.008630242552008475,,0,15
2,4,3,4,Right,0,0.3688772169328252,0.010199550745603957,0.20269572556843035,0.005757265420291613,0.9598165538327145,0.04345420992316952,0.10224446342095159,18,19
2,4,3,4,Right,1,0.3940806229383572,0.010830598605307825,0.1751623209644715,0.004922811490393909,0.9164086687306501,0.039929294414015416,0.08431298885299862,18,19
2,4,3,4,Right,2,0.3783501835523254,0.0036038497566997455,0.21010774947394475,0.007372221134258507,0.910372164721427,0.03205735152781506,0.11671779477361253,18,19
2,4,3,4,Right,all,0.38043600780783593,0.005109900344467098,0.19598859866894885,0.004433309515592766,0.9288657957615972,0.02301360951588292,,0,19
2,4,4,0,Noise,0,0.3732795951506716,0.008542647478219687,0.19782739583420877,0.008353566700968477,0.8872082166199814,0.052406959895145454,0.12026801881034617,5,21
2,4,4,0,Noise,1,0.4013920861052195,0.009097081735937618,0.17577084848636199,0.0069617332533126455,0.8812324929971987,0.045126041726435244,0.0728419290389049,5,21
2,4,4,0,Noise,2,0.3847331437615585,0.0072767891823042954,0.20450382944004097,0.0059056055903813996,0.8741916519694298,0.026175279688360965,0.07185987742097238,5,21
2,4,4,0,Noise,all,0.3864682750058166,0.0033861149904002167,0.19270069125353723,0.004667514655869264,0.8808774538622033,0.023177877899248023,,0,21
2,4,4,1,Up,0,0.3737225013573388,0.006279556230196367,0.19801618391431774,0.0071011855631556015,0.8745098039215686,0.0493340299781259,0.09503687622585426,24,24
2,4,4,1,Up,1,0.3998754485619818,0.004794637065730666,0.17626891712953638,0.004580464621937341,0.9277777777777777,0.045335254646888534,0.09947048235139695,24,24
2,4,4,1,Up,2,0.38545176249329893,0.006223570284582678,0.2040741133541425,0.004720594598514044,0.9358710562414266,0.0353363259380873,0.11113580026523646,24,24
2,4,4,1,Up,all,0.38634990413753983,0.0028484479576077106,0.1927864047993322,0.0030535787223751757,0.9127195459802576,0.029156551532530568,,0,24
2,4,4,2,Down,0,0.3726925271819824,0.0041177200090660405,0.19845578610138317,0.004433622187294688,0.9564270152505446,0.03491760956775157,0.11432328244450361,18,18
2,4,4,2,Down,1,0.4024635793399681,0.007102315197371588,0.1756193647658863,0.004278589996104199,0.9159041394335511,0.027474770453293187,0.04907061339437049,18,18
2,4,4,2,Down,2,0.3890692934250247,0.0029656720124806584,0.20438488911786112,0.003308215851293545,0.9631915866483768,0.026235589699998958,0.10509054963166943,18,18
2,4,4,2,Down,all,0.38807513331565846,0.0027649220298762924,0.19282001332837687,0.0021261849411417007,0.9451742471108242,0.017413558383755873,,0,18
2,4,4,3,Left,0,0.3726101483575858,0.004795370001971348,0.19652483169605856,0.0051318499561709635,0.9698529411764706,0.020538377227180753,0.14016570685514904,16,16
2,4,4,3,Left,1,0.3975564601363013,0.004921487688670624,0.17440135103401364,0.005666681841155548,0.9058823529411765,0.029659090825394564,0.058907273528651855,16,16
2,4,4,3,Left,2,0.3826394574862002,0.0040250219416841145,0.20202773752008368,0.002687101352628571,0.9256687242798354,0.03473955519214753,0.07464919283966855,16,16
2,4,4,3,Left,all,0.3842686886600291,0.0021477330734797546,0.19098464008338528,0.002183217117514716,0.9338013394658274,0.012026058898549779,,0,16
2,4,4,4,Right,0,0.37423434440433556,0.004162430138402453,0.19772921565862675,0.0024218339661311434,0.8908881199538639,0.03762037693462012,0.11537518782619938,17,17
2,4,4,4,Right,1,0.3979648563986182,0.005073204601164186,0.17639708896199408,0.0049625081122025546,0.9520184544405997,0.027434498264947628,0.10178056588054715,17,17
2,4,4,4,Right,2,0.3854889412750479,0.003460284636965731,0.20749620077730202,0.002940707601137354,0.9114015976761075,0.03698320410591397,0.11421005647718557,17,17
2,4,4,4,Right,all,0.3858960473593339,0.00134554234388765,0.1938741684659743,0.0023408076924659837,0.9181027240235238,0.021044757787400396,,0,17
2,5,0,0,Noise,0,0.36943219969259394,0.010631785275781295,0.20109879289323324,0.006549000196764473,0.8529616724738676,0.043048419370840606,0.10375067100317172,7,35
2,5,0,0,Noise,1,0.3906277356566266,0.008386714797357846,0.17744639748321675,0.007201768102882095,0.8994957983193277,0.04428672677126249,0.08861110848425582,7,35
2,5,0,0,Noise,2,0.38224856814632346,0.009095620062577671,0.2012126673777034,0.007149342058063399,0.8977072310405644,0.047271320277090446,0.0889156750215127,7,35
2,5,0,0,Noise,all,0.3807695011651814,0.005480379694601189,0.19325261925138446,0.0042083707715994895,0.8833882339445865,0.025313361620232448,,0,35
2,5,0,1,Up,0,0.37040020668743423,0.005087100152640714,0.1985828128467301,0.006112564690972102,0.9229578010065815,0.04333562491988651,0.09780100988004312,21,21
2,5,0,1,Up,1,0.3952350954954166,0.0071692466388223975,0.17751381416112685,0.0053272696545841654,0.953688141923436,0.028913931796495748,0.11063992610015168,21,21
2,5,0,1,Up,2,0.3837145055257552,0.004628247128530075,0.20355546754000212,0.0027212445422273527,0.932588673329414,0.02501421941384257,0.10464565614834469,21,21
2,5,0,1,Up,all,0.3831166025695354,0.004125178396076429,0.19321736484928637,0.0025033102775700406,0.9364115387531439,0.01971472112158527,,0,21
2,5,0,2,Down,0,0.3672511225645526,0.004744112166586191,0.19628200794533956,0.0044701289472877815,0.9148732663797227,0.036029843721535254,0.08469039734953139,16,17
2,5,0,2,Down,1,0.386771804190293,0.00598790776430409,0.17862357889603353,0.005258977615635535,0.9324106113033449,0.04033999610778347,0.11365449268408212,16,17
2,5,0,2,Down,2,0.38722627379052693,0.0035799368117809156,0.20439158438106278,0.00497782532578804,0.9690147664003872,0.031713875260436,0.11956172623238223,16,17
2,5,0,2,Down,all,0.38041640018179085,0.002388972117980991,0.19309905707414532,0.002926771841882523,0.9387662146944848,0.02712730937432247,,0,17
2,5,0,3,Left,0,0.3663402819152759,0.0074225259392997215,0.19954106377796285,0.005981115227887832,0.8690153568202349,0.025002500159033623,0.0685598130378766,17,18
2,5,0,3,Left,1,0.3936290885972875,0.009651851499334483,0.17883641687752064,0.006403151454136213,0.9422657952069717,0.024575204299457972,0.07752561174147467,17,18
2,5,0,3,Left,2,0.3815923892404121,0.005268268559383575,0.201651865284513,0.0027402576607187365,0.9709647919524463,0.027891979387053033,0.11386874944055318,17,18
2,5,0,3,Left,all,0.3805205865843252,0.005651678134695065,0.19334311531333215,0.0036495775450620825,0.9274153146598842,0.01621131282072652,,0,18
2,5,0,4,Right,0,0.37311740519302394,0.005141220107949892,0.19489282867782287,0.006112671236105363,0.8868962219033956,0.037511848826443865,0.09306391456642438,17,17
2,5,0,4,Right,1,0.38987323700550197,0.006406609563308621,0.1763244092597266,0.0024386131252039076,0.9280276816608996,0.0350191131552403,0.12573800901493595,17,17
2,5,0,4,Right,2,0.3869771033609358,0.004546626563221962,0.20537217115648213,0.003145932606763113,0.9191479060760106,0.035128620828818194,0.12354395304667826,17,17
2,5,0,4,Right,all,0.38332258185315393,0.002958406094609084,0.19219646969801052,0.001706889944805405,0.911357269880102,0.022122120832111004,,0,17
2,5,1,0,Noise,0,0.35499762528898016,0.009605802227405652,0.19474680681016038,0.01004558229026718,0.8496141539619801,0.05224985774784868,0.1394078591499368,3,21
2,5,1,0,Noise,1,0.38899957080739866,0.010259479439157905,0.17562485194294936,0.008605580898699238,0.9019607843137255,0.05284668400917026,0.06377517004303919,3,21
2,5,1,0,Noise,2,0.37863956374771873,0.01026948500471819,0.20639453572592859,0.008852110965853454,0.8850029638411382,0.0414136749079805,0.0779793707410857,3,21
2,5,1,0,Noise,all,0.37421225328136587,0.006311343470485367,0.19225539815967943,0.003475443631337083,0.8788593007056146,0.019761927271770598,,0,21
2,5,1,1,Up,0,0.35410244165517424,0.0059280974464859856,0.1941963760692696,0.007301814954862358,0.9051383399209486,0.051150839517651744,0.10870633016277864,20,20
2,5,1,1,Up,1,0.39513327679466714,0.006672933590669332,0.17581340553753216,0.004230849154056113,0.9464705882352942,0.023469997225062253,0.11256503451509776,20,20
2,5,1,1,Up,2,0.37994893375121874,0.0068186801088104725,0.2113654407542999,0.006224440929830494,0.9477178423236514,0.0323208773253154,0.12262105498165425,20,20
2,5,1,1,Up,all,0.37639488406702004,0.004467928499059114,0.1937917407870339,0.0019738757829129844,0.933108923493298,0.024890444115060438,,0,20
2,5,1,2,Down,0,0.3488410112177781,0.004396507551170769,0.18941097102333676,0.004221680812849965,0.8871321914800175,0.03794132702093461,0.10271894138659225,18,18
2,5,1,2,Down,1,0.3868310131018814,0.005997395633667316,0.17507748743225668,0.006132554726570198,0.9139433551198256,0.040853287037379865,0.10624391936957366,18,18
2,5,1,2,Down,2,0.3825191979382177,0.004322298969272136,0.20696347564849965,0.0029241362107837415,0.9610419548178883,0.025265302029175343,0.11261509502957504,18,18
2,5,1,2,Down,all,0.3727304074192924,0.0031812632591987026,0.1904839780346977,0.002469634639160121,0.9207058338059105,0.021765709833511882,,0,18
2,5,1,3,Left,0,0.3513151978589585,0.0061787773535123495,0.19756180158586154,0.004888743919519956,0.9204545454545454,0.040588478425759085,0.09804208551206559,16,16
2,5,1,3,Left,1,0.39172996965538903,0.007581418691971137,0.1709717840141361,0.005259820564558446,0.921078431372549,0.025770206633178153,0.08591461244954628,16,16
2,5,1,3,Left,2,0.372713927280396,0.0064189546434324195,0.20346871554707513,0.005213806972107259,0.9533195020746887,0.039203750482193524,0.10036750314529418,16,16
2,5,1,3,Left,all,0.3719196982649145,0.002651339297953207,0.19066743371569092,0.0033234892684425505,0.931617492967261,0.024487750311771063,,0,16
2,5,1,4,Right,0,0.3519602763145067,0.006385154197547388,0.18835079791949685,0.009458296163900917,0.8623188405797102,0.04737751789572404,0.10651354177283123,17,18
2,5,1,4,Right,1,0.3881928112515766,0.005860670431946636,0.17890263369593962,0.005555755442692948,0.9431372549019608,0.04172480508669102,0.14117416095946372,17,18
2,5,1,4,Right,2,0.38178025153523776,0.006722515417691943,0.21131758284511315,0.005886787173490921,0.9329183955739973,0.030830149821172194,0.13291279603449752,17,18
2,5,1,4,Right,all,0.3739777797004404,0.002316155900642606,0.19285700482018323,0.002567100089832794,0.912791497018556,0.020369709911761336,,0,18
2,5,2,0,Noise,0,0.3543814615490218,0.011817344190899496,0.1928544618507726,0.008956927565694234,0.8779286073403721,0.06312564865331372,0.10711254689721124,21,39
2,5,2,0,Noise,1,0.4179796150120835,0.011235763660284155,0.18354216190006536,0.0069335367776381576,0.9104631927212572,0.040441034491966316,0.08532067492641855,21,39
2,5,2,0,Noise,2,0.3788959574387427,0.006877300195225534,0.2049548288365812,0.005335401760388328,0.9193989071038251,0.032192813229489796,0.08155057263475539,21,39
2,5,2,0,Noise,all,0.38375234466661606,0.004084287564900172,0.19378381752913973,0.00443312482679904,0.9025969023884849,0.022881303752347624,,0,39
2,5,2,1,Up,0,0.3572278252994818,0.004740361257598922,0.19189003378428468,0.007605866706971943,0.9109477124183006,0.05074348741488783,0.09504366573346672,23,24
2,5,2,1,Up,1,0.41676751981217547,0.00911348268295547,0.18292054315940184,0.005422772324509124,0.9437163978494624,0.030994702469259366,0.11066865279467195,23,24
2,5,2,1,Up,2,0.37821001469818283,0.004537905581613952,0.2044081892719483,0.003858689186320377,0.9496243169398907,0.03851206114539211,0.10669946376831464,23,24
2,5,2,1,Up,all,0.3840684532699467,0.003730738548022268,0.1930729220718783,0.003976511000218415,0.9347628090692179,0.02734293944511664,,0,24
2,5,2,2,Down,0,0.35753087980571124,0.0054380336247417905,0.18894418678010075,0.005796745332904712,0.8985994397759104,0.05609260846346343,0.11655996893910243,13,14
2,5,2,2,Down,1,0.4143325456881052,0.006360273088185133,0.18266570938631116,0.002524918015626948,0.9375,0.03041205254576591,0.07807771240049151,13,14
2,5,2,2,Down,2,0.3816708761963743,0.003943374276221491,0.20260126080660035,0.004546166630657201,0.952576112412178,0.03173413451691134,0.11472886244124689,13,14
2,5,2,2,Down,all,0.38451143389673026,0.0032001313738095546,0.19140371899100408,0.002742639434623656,0.9295585173960293,0.029427149813549578,,0,14
2,5,2,3,Left,0,0.3562437392750967,0.007305374181828187,0.19298217911188142,0.005931205606619522,0.9048128342245989,0.06569279239751054,0.10346535781514085,11,11
2,5,2,3,Left,1,0.4180412704750602,0.010161685964104302,0.18422691043666664,0.007655226082826169,0.9703079178885631,0.01927678543046071,0.08139620669885818,11,11
2,5,2,3,Left,2,0.37915723090073516,0.0034974733341262753,0.20192888410027976,0.0028770858885858908,0.94150521609538,0.05039786973427936,0.10305472435188433,11,11
2,5,2,3,Left,all,0.38448074688363065,0.0023121899603580054,0.19304599121627594,0.0029160620853249733,0.9388753227361807,0.03552591409728387,,0,11
2,5,2,4,Right,0,0.35278854604455906,0.007611881808723507,0.1885704435650993,0.007915574738370252,0.8936274509803921,0.058684832223690565,0.10525631713534005,22,24
2,5,2,4,Right,1,0.41919439991497537,0.007507877798057473,0.18297946783207172,0.0055903415734087185,0.9529569892473119,0.02935929511149181,0.11262182595792666,22,24
2,5,2,4,Right,2,0.3773744706586111,0.004940717985778233,0.20446283335082602,0.0048114136004884815,0.9550887978142076,0.03682538832588715,0.11671564137100345,22,24
2,5,2,4,Right,all,0.38311913887271515,0.0032811510991268195,0.19200424824933235,0.004150532160272113,0.9338910793473039,0.02964594251364858,,0,24
2,5,3,0,Noise,0,0.35147304699370063,0.009485043417220165,0.19556335480374612,0.008630257088652131,0.8573200992555831,0.043594314537397996,0.10572409514479612,5,26
2,5,3,0,Noise,1,0.4049231004444402,0.009853075383579995,0.17876948445841362,0.008720434317323614,0.9007541478129713,0.040675106137643344,0.12374839120052691,5,26
2,5,3,0,Noise,2,0.3758839328671818,0.010543654428573686,0.20730235224983476,0.005820673788063336,0.92546090273363,0.04934487509993509,0.07102053059678441,5,26
2,5,3,0,Noise,all,0.3774266934351076,0.006715736126737789,0.19387839717066482,0.005259308096748137,0.8945117166007281,0.025658051962085943,,0,26
2,5,3,1,Up,0,0.35996237645391693,0.005107446047893684,0.19622260461139834,0.006673489905264665,0.8970713073005093,0.04760358061997248,0.10211443710071333,18,19
2,5,3,1,Up,1,0.4080426207581382,0.006985108566852924,0.17738582489765328,0.004449934889466456,0.918266253869969,0.0237557436128236,0.11799866863770091,18,19
2,5,3,1,Up,2,0.3700122083179864,0.004661749356618514,0.20473028865183765,0.005841886934691074,0.9649847759895608,0.03466503016098329,0.12112579515468139,18,19
2,5,3,1,Up,all,0.37933906851001387,0.0032553119328487773,0.19277957272029642,0.0037511361807590913,0.9267741123866796,0.028343782365620473,,0,19
2,5,3,2,Down,0,0.35362749460490145,0.005322253536997489,0.19063871173757513,0.0059810930015350506,0.8785578747628083,0.044989104017759025,0.09651013905734473,16,17
2,5,3,2,Down,1,0.4060982943190736,0.007673210797493537,0.1776552860629081,0.003868941267727496,0.9559400230680507,0.02040202493911134,0.08723341437175616,16,17
2,5,3,2,Down,2,0.38072974231727774,0.0028884796066408003,0.2061876748598625,0.0029938475959174747,0.9671852211959164,0.015003940202282653,0.11603217463145246,16,17
2,5,3,2,Down,all,0.3801518437470843,0.0025917037579634154,0.1914938908867819,0.002944435493546899,0.9338943730089251,0.016843767038197826,,0,17
2,5,3,3,Left,0,0.3554996153563423,0.0050981314077464986,0.2004717080532645,0.004316228284838537,0.9241431451612904,0.04035532944313676,0.10053366556248959,16,16
2,5,3,3,Left,1,0.40806130764057297,0.00747153997207911,0.18231318560995582,0.00581121930645626,0.9607843137254902,0.024636275010488335,0.10454408730292632,16,16
2,5,3,3,Left,2,0.3798713588858284,0.006251627731300788,0.20997990599523644,0.0028621387900876253,0.9726239669421488,0.01692870527576145,0.12852539680696323,16,16
2,5,3,3,Left,all,0.38114409396091453,0.0043006446401447,0.19758826655281891,0.003330223330466356,0.9525171419429764,0.015483490865001079,,0,16
2,5,3,4,Right,0,0.3586083491707362,0.004021337705694091,0.19287262430094818,0.004944821572534034,0.8866223908918406,0.02882720318886711,0.08765158659738596,17,17
2,5,3,4,Right,1,0.4040773645850795,0.005391520559713774,0.175509665042565,0.005842663428442478,0.9296424452133795,0.03172202979974795,0.12255186163932563,17,17
2,5,3,4,Right,2,0.3781382184754379,0.004444214458168896,0.20649665300808706,0.004286671247142212,0.9628099173553719,0.026700099139091084,0.10112708648704488,17,17
2,5,3,4,Right,all,0.38027464407708456,0.0023856779100354763,0.19162631411720008,0.004018473000698611,0.9263582511535307,0.018922135259911873,,0,17
2,5,4,0,Noise,0,0.35843128211702036,0.00865645315789678,0.20203173449821388,0.010358684278678542,0.893791844187462,0.06261717282365659,0.1103977123015641,14,53
2,5,4,0,Noise,1,0.3891996804232749,0.010392591537417435,0.17847620023312316,0.007773320759031221,0.9024787273399926,0.042841697866961466,0.0789412232181094,14,53
2,5,4,0,Noise,2,0.3759559799122875,0.007098947512704399,0.21316340131146366,0.006611302601048028,0.8979734451432565,0.03824281893332307,0.0761862998522949,14,53
2,5,4,0,Noise,all,0.37452898081752756,0.004994160392310245,0.19789044534760025,0.005824660556375985,0.898081338890237,0.03246697382877357,,0,53
2,5,4,1,Up,0,0.356466872548233,0.006768663775726962,0.19630337739313689,0.007413217144098905,0.8937096774193549,0.06186680640136958,0.08009626201351586,21,25
2,5,4,1,Up,1,0.39032747750764357,0.009191522424445552,0.17751641919099082,0.0050308027957780025,0.9132549019607843,0.03800955652578622,0.10997195208387923,21,25
2,5,4,1,Up,2,0.3761000913911186,0.003913139770131633,0.21542627099286216,0.00504698671548945,0.9390946502057613,0.020678756422059453,0.10301489704452685,21,25
2,5,4,1,Up,all,0.3742981471489984,0.005336408394550361,0.19641535585899664,0.004221225475615618,0.9153530765286335,0.02996036626730567,,0,25
2,5,4,2,Down,0,0.3617657444419446,0.004618224340531014,0.20492209123117966,0.0039605582229214195,0.9583333333333334,0.030809447261078485,0.09098481524592707,15,15
2,5,4,2,Down,1,0.3862782773020474,0.005704865681020704,0.18014179686318507,0.004571263716460248,0.94718954248366,0.028964542603294893,0.09247996366616525,15,15
2,5,4,2,Down,2,0.38061897391817545,0.002453673970427953,0.2102754222645052,0.0042883662614796245,0.9668038408779149,0.022077317676331983,0.12097647376770695,15,15
2,5,4,2,Down,all,0.3762209985540558,0.002421777803268494,0.19844643678628998,0.0033861113288420276,0.9574422388983028,0.022901933930710494,,0,15
2,5,4,3,Left,0,0.35982319658987255,0.006155558300013199,0.2020650712275071,0.005786636682057056,0.9399641577060931,0.028575660786921135,0.09844069271176914,17,18
2,5,4,3,Left,1,0.38422443182218596,0.006735587726426427,0.17793877243382494,0.005739714987097787,0.9455337690631809,0.040928873625756874,0.08629849166610208,17,18
2,5,4,3,Left,2,0.37575706800703235,0.0037375086098864548,0.21262406874567022,0.0058094642533114,0.9666209419295839,0.006134617222221728,0.11280999370608324,17,18
2,5,4,3,Left,all,0.37326823213969695,0.0035702447793293612,0.19754263746900075,0.002982851615330479,0.9507062895662861,0.01684697127905303,,0,18
2,5,4,4,Right,0,0.3613340068019918,0.003497030658473007,0.20415950665724591,0.00529678277431814,0.9309475806451613,0.055695298435115906,0.09456024284761103,16,16
2,5,4,4,Right,1,0.3919063701913881,0.005384138304422301,0.1780413097391737,0.005573834643123493,0.9357843137254902,0.02245362030316486,0.12051361587249979,16,16
2,5,4,4,Right,2,0.3770993733754697,0.005398610533177214,0.20874457207680003,0.006567847466760598,0.9184670781893004,0.021368488599683415,0.1301323115152744,16,16
2,5,4,4,Right,all,0.37677991678961653,0.0031025402889835038,0.1969817961577399,0.004063924957180264,0.928399657519984,0.026261584750974013,,0,16
3,0,0,0,Noise,0,0.3077188169232127,0.017485176741660464,0.20921653625078296,0.008419869747367753,0.8522149600580973,0.044051286130853726,0.1488515707568853,53,54
3,0,0,0,Noise,1,0.3236042905588957,0.01814549889061869,0.2059980243257222,0.005479530725819765,0.8953047535724701,0.03577002268172083,0.1717126572081927,53,54
3,0,0,0,Noise,2,0.3226053949101322,0.014165444802744894,0.2052803647603038,0.011482280778793565,0.9203627495808566,0.0385641416385757,0.11128255486941943,53,54
3,0,0,0,Noise,all,0.3179761674640802,0.011024022598397742,0.20683164177893631,0.0039732778413478,0.889294154403808,0.02018487616419675,,0,54
3,0,0,1,Up,0,0.2926352837084986,0.008332901090713035,0.21599396406925975,0.006402978894617825,0.8561274509803921,0.02244648469415538,0.1579151342220849,16,16
3,0,0,1,Up,1,0.336375426000049,0.021747501191587876,0.2028386640184259,0.002929502127940393,0.9283956692913385,0.046231912046183536,0.1398223032166837,16,16
3,0,0,1,Up,2,0.3374677849170424,0.0071291970451240975,0.20160982495699598,0.005593191909624725,0.9652777777777778,0.016458761863184523,0.0864729407799808,16,16
3,0,0,1,Up,all,0.32215949820853,0.008521482753144976,0.20681415101489387,0.0021903273424274234,0.9166002993498362,0.015313892399990203,,0,16
3,0,0,2,Down,0,0.3071158716087019,0.02003143570034857,0.20996504173581776,0.00829534209530712,0.85119825708061,0.021874613532247726,0.1515757868787306,18,18
3,0,0,2,Down,1,0.32235506915099665,0.010570877834132745,0.20526837736097883,0.006461042227196769,0.8915135608048994,0.03313868028429596,0.11321007838578814,18,18
3,0,0,2,Down,2,0.33358955411673946,0.004920924561619314,0.20804987598198824,0.011408393238660379,0.9124371284865112,0.03474168589185086,0.12245941728112911,18,18
3,0,0,2,Down,all,0.32102016495881264,0.009146198942305199,0.20776109835959494,0.0036923078092632833,0.8850496487906736,0.013622998983827822,,0,18
3,0,0,3,Left,0,0.2917164129040174,0.016486727527385614,0.211810456785865,0.005612068886364296,0.8980392156862744,0.051778568157747326,0.14759020478498994,13,13
3,0,0,3,Left,1,0.31286679202673845,0.007191391163971079,0.20688641652998493,0.002912215287415163,0.8812840702604482,0.03593427073578725,0.12362004415298422,13,13
3,0,0,3,Left,2,0.3125068410454964,0.010306721624211633,0.20567778143108567,0.007948774951155979,0.9427033871478316,0.03694018499738222,0.10890707994081192,13,13
3,0,0,3,Left,all,0.3056966819920841,0.01044724187607121,0.2081248849156452,0.0029817386316845396,0.9073422243648515,0.02827087548438618,,0,13
3,0,0,4,Right,0,0.29922745712238763,0.017472147969871732,0.2149234192259546,0.009069351476470386,0.8731372549019607,0.031198562961207207,0.16248707214534386,19,20
3,0,0,4,Right,1,0.3259676271704113,0.010296501829395748,0.20927467127503596,0.0031171909587454994,0.9208661417322835,0.02316521938260566,0.13711861148069482,19,20
3,0,0,4,Right,2,0.32732055747294037,0.009132267693599396,0.19758598906087388,0.01283218251110481,0.9026748971193415,0.03273923273706933,0.09740888346453913,19,20
3,0,0,4,Right,all,0.3175052139219131,0.006529423479970852,0.20726135985395483,0.002367951863140175,0.8988927645845285,0.014810988871548454,,0,20
3,0,1,0,Noise,0,0.3185904354649017,0.015588643658506717,0.2414143185264386,0.00990692906615007,0.9309688968449318,0.02564198067210664,0.15120425188067949,41,41
3,0,1,0,Noise,1,0.29353586592462466,0.011083339004113704,0.1960038033151425,0.006263739913352327,0.8835007173601148,0.06218032527077775,0.1449869906839334,41,41
3,0,1,0,Noise,2,0.3017867673408879,0.01444524399571751,0.22958410165201093,0.00711192528059369,0.9260933557611438,0.04511019355597681,0.1425880797391478,41,41
3,0,1,0,Noise,all,0.30463768957680476,0.010228504855506764,0.222334074497864,0.003912631666051491,0.9135209899887301,0.027260499945227282,,0,41
3,0,1,1,Up,0,0.31847200871121345,0.023520082264230052,0.23843597994084892,0.0068044328759270965,0.9555045871559633,0.026488370927388656,0.15287474615128782,10,10
3,0,1,1,Up,1,0.28494742448275084,0.005897181145571173,0.19294507254168294,0.002122147150598785,0.9098039215686274,0.05232025123186797,0.1265926926597873,10,10
3,0,1,1,Up,2,0.3134751704860813,0.015551855442590736,0.2133727947362854,0.004122602130781843,0.9530172413793103,0.023735179923887014,0.10168691231273772,10,10
3,0,1,1,Up,all,0.3056315345600152,0.007902534515689133,0.21491794907293907,0.002276066116087984,0.9394419167013004,0.0300871889872163,,0,10
3,0,1,2,Down,0,0.308645790283709,0.01244941280521809,0.24894175130268928,0.005863322459032671,0.9442484121383204,0.016733811857980754,0.16535230482256863,10,13
3,0,1,2,Down,1,0.3039156432068238,0.014454159914581374,0.18955296514216252,0.006935892061983086,0.8793363499245852,0.045173391046370824,0.09604800417718216,10,13
3,0,1,2,Down,2,0.30698502375082287,0.017400577940657417,0.22843118518170524,0.006656613859090351,0.9479442970822282,0.04484490500654323,0.148215912354766,10,13
3,0,1,2,Down,all,0.3065154857471185,0.012724467768504348,0.222308633875519,0.0029697920943598344,0.9238430197150446,0.029146570269745504,,0,13
3,0,1,3,Left,0,0.29117527476403016,0.00941214997152543,0.24106938811563688,0.004703088624137274,0.9467184191954835,0.01820841514143977,0.16551431032709468,13,13
3,0,1,3,Left,1,0.28119585892385385,0.00726719561831971,0.19626623055021478,0.003923521596915783,0.8386123680241327,0.0424739904685633,0.12909972220462332,13,13
3,0,1,3,Left,2,0.2745385639660837,0.014770370451835156,0.21546073378003236,0.007866599584880181,0.8958885941644562,0.052551045629172885,0.12216950180073415,13,13
3,0,1,3,Left,all,0.28230323255132256,0.009246102668019113,0.217598784148628,0.0041539688971754,0.8937397937946907,0.02802300907292621,,0,13
3,0,1,4,Right,0,0.31471886980499925,0.007509006630374098,0.24248559410938772,0.006081409238154114,0.9290519877675841,0.026229243117105283,0.149705506753755,15,15
3,0,1,4,Right,1,0.29974568821627634,0.012375350545069127,0.1898320827363701,0.0049836272084082395,0.9244444444444445,0.03305923444646502,0.09837608310812866,15,15
3,0,1,4,Right,2,0.3066600427421452,0.005503075260423392,0.22631182258560148,0.0037760613519149406,0.8925287356321838,0.021082746320186477,0.14292425362176325,15,15
3,0,1,4,Right,all,0.3070415335878069,0.0046297904825672075,0.21954316647711977,0.002400128579162526,0.9153417226147375,0.012037772851324874,,0,15
3,0,2,0,Noise,0,0.30644288320021124,0.00872704313856526,0.22755228226518062,0.006733011680963838,0.9408471275559884,0.028304539354476417,0.16961262730372725,51,52
3,0,2,0,Noise,1,0.293717319280869,0.0077064986327123235,0.20313625619806902,0.0060783926857265495,0.8498491704374058,0.04852475506315781,0.17350865875190566,51,52
3,0,2,0,Noise,2,0.3134753722966988,0.015666038460018877,0.22202393900308356,0.007942844793435223,0.8982137109752173,0.050459634398986306,0.11507455184825115,51,52
3,0,2,0,Noise,all,0.3045451915925931,0.00791244326508384,0.21757082582211107,0.003636638762689608,0.8963033363228704,0.025848346403523872,,0,52
3,0,2,1,Up,0,0.30016003876221975,0.011637878334684318,0.2336289660835648,0.004509194469673746,0.9545241443975622,0.03065139967876734,0.17187431504745965,18,18
3,0,2,1,Up,1,0.2922295392557298,0.006346542401869379,0.1995160806910382,0.003731470119671572,0.8943355119825708,0.05661317737821288,0.12225092458912856,18,18
3,0,2,1,Up,2,0.32865243713574366,0.008671182692519201,0.20911487382444255,0.00666809485257779,0.9402603440260344,0.02865980532010966,0.10404525559005796,18,18
3,0,2,1,Up,all,0.30701400505123105,0.005926695173107529,0.21408664019968185,0.002679278223070729,0.9297066668020558,0.02596201857942063,,0,18
3,0,2,2,Down,0,0.30090318203194666,0.007408323821319107,0.23283213064748923,0.00462555430030652,0.9535864978902954,0.021893439732606407,0.17217379049651613,13,14
3,0,2,2,Down,1,0.3068612109368524,0.006739430517428676,0.19526167566746003,0.00633402332181955,0.9168067226890757,0.06248396966262707,0.1172295829806147,13,14
3,0,2,2,Down,2,0.32285192202091334,0.010686158399593103,0.22711092979433087,0.006572247565339788,0.9130304841601913,0.05024080572524936,0.13293589295200647,13,14
3,0,2,2,Down,all,0.31020543832990416,0.005898496988507713,0.21840157870309337,0.00208712613785639,0.927807901579854,0.026817992840402774,,0,14
3,0,2,3,Left,0,0.29241836197866,0.005237843011817749,0.23244896592973727,0.003776255379027199,0.974080771549126,0.012588485015160744,0.16745343045598196,14,14
3,0,2,3,Left,1,0.29420679976807074,0.006687335183476367,0.2017171677403118,0.006800901001237034,0.8456582633053221,0.053893060180359095,0.11922976138198828,14,14
3,0,2,3,Left,2,0.2973003002641272,0.018899666569733593,0.21700931704974508,0.00801130793332643,0.8950986252241482,0.04561257866549779,0.12169002382954745,14,14
3,0,2,3,Left,all,0.29464182067028594,0.007996910341367873,0.2170584835732647,0.004062101464781464,0.9049458866928655,0.02464238929337856,,0,14
3,0,2,4,Right,0,0.30035221337035384,0.008217505630662625,0.22909063718220748,0.005784450364493705,0.9298523206751055,0.02922795976956602,0.17814055175435892,24,24
3,0,2,4,Right,1,0.29767146587501064,0.006372074746771047,0.19700188111078928,0.006978205708824537,0.884313725490196,0.03704116008231543,0.12794489362787684,24,24
3,0,2,4,Right,2,0.30569657378740533,0.012452744586422477,0.21046809975475766,0.004893712135056271,0.8601813110181311,0.03674468992905611,0.11938759301395202,24,24
3,0,2,4,Right,all,0.3012400843442566,0.006448337588127119,0.21218687268258482,0.0030581374386544694,0.8914491190611442,0.012553647956030901,,0,24
3,0,3,0,Noise,0,0.35520525903030264,0.019298873812769506,0.2067894900459232,0.010211681468437702,0.9448920644572818,0.013292820861547093,0.16312300319860698,52,52
3,0,3,0,Noise,1,0.33545891445734133,0.010919625530156522,0.21880754934222166,0.01178701670901681,0.8694570135746607,0.04298906101425068,0.17383145475058914,52,52
3,0,3,0,Noise,2,0.312545470793291,0.008784833505495481,0.21945705897626563,0.00797868736602101,0.8880494505494506,0.056598064702020785,0.12082088941748369,52,52
3,0,3,0,Noise,all,0.33440321476031165,0.006654645412242952,0.21501803278813683,0.005596309961241221,0.900799509527131,0.02418883477774594,,0,52
3,0,3,1,Up,0,0.34526168637416293,0.022435342042450124,0.21449545757373562,0.007715218570206112,0.9497459062676453,0.007662523786468731,0.14884321528353311,14,14
3,0,3,1,Up,1,0.33905290175327757,0.005341111517916802,0.22149209678152354,0.004859544264184862,0.927170868347339,0.030208975941946787,0.1180849398863397,14,14
3,0,3,1,Up,2,0.315611130515943,0.009223250790349132,0.2114251468811537,0.003769243859735255,0.9478458049886621,0.015397104120649043,0.10354941452578795,14,14
3,0,3,1,Up,all,0.33330857288112786,0.006936837901701513,0.21580423374547095,0.003536818769007583,0.9415875265345488,0.012023412678458066,,0,14
3,0,3,2,Down,0,0.3479183264659851,0.014769796570063241,0.21076360947410466,0.006171246287367558,0.9504408634843418,0.005954136828083377,0.16491681289344465,13,13
3,0,3,2,Down,1,0.33109531457757496,0.007910224856167913,0.21385880120472864,0.009863116877546006,0.8739064856711916,0.03410660755383942,0.10133140671426634,13,13
3,0,3,2,Down,2,0.3128902436903012,0.006218649042289874,0.2224406270782924,0.007416075833044234,0.8934676434676435,0.029909078519511616,0.1306075461377839,13,13
3,0,3,2,Down,all,0.3306346282446204,0.0030269927701070736,0.21568767925237523,0.0034152290585062147,0.9059383308743922,0.011572730565709198,,0,13
3,0,3,3,Left,0,0.3274737016613443,0.01447454216953106,0.22191801365812278,0.003692206518347549,0.9546772068511199,0.007449707910642983,0.19025850694591312,15,15
3,0,3,3,Left,1,0.34675780290095826,0.014349495903873206,0.22620322397188436,0.007830496299541159,0.9223529411764706,0.03720917140202871,0.13603125813562242,15,15
3,0,3,3,Left,2,0.29961940405248283,0.009107257282918653,0.2171927746341045,0.004732798616339806,0.9613756613756614,0.03256686363600076,0.14128357857878165,15,15
3,0,3,3,Left,all,0.3246169695382618,0.003628653697427746,0.2217713374213705,0.0026271401164136266,0.946135269801084,0.022253934825840548,,0,15
3,0,3,4,Right,0,0.34954885404298836,0.015806626489648597,0.20315250526711173,0.009708046105293086,0.9394762845849802,0.011338547086995082,0.16035014836736441,16,16
3,0,3,4,Right,1,0.33970659339457376,0.005811128479119489,0.22449760374679872,0.005811183753555513,0.9191176470588235,0.055104667803073104,0.13579244442476324,16,16
3,0,3,4,Right,2,0.31328694210169394,0.007969309364191544,0.21469470385957265,0.004555870706655022,0.8489583333333334,0.030272299045945777,0.1251812453251117,16,16
3,0,3,4,Right,all,0.33418079651308535,0.005203082558442452,0.21411493762449435,0.004546591260068113,0.9025174216590457,0.02451355542590459,,0,16
3,0,4,0,Noise,0,0.2868155651608382,0.010361117096027422,0.21094382795730876,0.0072869653294680755,0.8880503144654088,0.02884384871600138,0.13717912784400021,51,53
3,0,4,0,Noise,1,0.3089765088076802,0.015173617522118257,0.21605770115505674,0.0071032441022693005,0.8757125652348454,0.044742055271891776,0.13604591242827793,51,53
3,0,4,0,Noise,2,0.29009960687492353,0.011379068922369803,0.23204087224445902,0.005462292093576885,0.9052639923894086,0.04099075268390086,0.1396225980438619,51,53
3,0,4,0,Noise,all,0.295297226947814,0.009907929783759617,0.21968080045227484,0.003391280920844019,0.8896756240298875,0.020113876380056933,,0,53
3,0,4,1,Up,0,0.28168151640292893,0.009671188415244374,0.21244290075214167,0.006314585275828431,0.8945790080738177,0.019454417042087762,0.11611184594078176,16,17
3,0,4,1,Up,1,0.3054929270239476,0.01081985749225451,0.21717204465556078,0.005704171301890486,0.8963704630788485,0.05167938332732234,0.1024402964841764,16,17
3,0,4,1,Up,2,0.277054395813976,0.006730201455281152,0.22877624971719313,0.006280117349551932,0.9480968858131488,0.0356506222141263,0.1467061747724934,16,17
3,0,4,1,Up,all,0.2880762797469508,0.006576316665911278,0.21946373170829853,0.0029644689523734453,0.9130154523219384,0.019165491004676932,,0,17
3,0,4,2,Down,0,0.2807409463614322,0.005789926655743525,0.21197517738306168,0.0035807990018559928,0.8911764705882352,0.021617187274062435,0.1283434379063896,12,12
3,0,4,2,Down,1,0.30675537175002815,0.009703329989122765,0.21316972194343117,0.005576194435255794,0.9120567375886525,0.047811767682030715,0.08395677282628279,12,12
3,0,4,2,Down,2,0.29048544971661455,0.0074399858733199195,0.23199129096030136,0.0020236773172189687,0.9275210084033613,0.023230461993244227,0.14493714042448694,12,12
3,0,4,2,Down,all,0.292660589276025,0.006353066318046826,0.21904539676226473,0.0015219761226902457,0.9102514055267497,0.017762021457057107,,0,12
3,0,4,3,Left,0,0.2914737528971163,0.006392746579843137,0.21925625239880941,0.0032909636650853696,0.9315233785822021,0.030737668529079675,0.11044733988416214,13,13
3,0,4,3,Left,1,0.31543888446871576,0.00847864188373704,0.2217851323277726,0.00682777764907152,0.902127659574468,0.03435143556968033,0.07146813532815738,13,13
3,0,4,3,Left,2,0.28710542039506365,0.005756533357740238,0.2253914828946176,0.004818605095414286,0.907239819004525,0.03991454879030499,0.13211752111396508,13,13
3,0,4,3,Left,all,0.2980060192536319,0.0053682243262559515,0.22214428920706655,0.0028632028328986763,0.9136302857203984,0.019812727555291555,,0,13
3,0,4,4,Right,0,0.2735430491161131,0.008837127436909717,0.21076577136591704,0.006784030357523924,0.8823529411764706,0.020105723747816644,0.14534636510968726,15,15
3,0,4,4,Right,1,0.29115467434843156,0.010684344335781658,0.21275280105676336,0.003967110834598459,0.8533333333333334,0.02290806804089495,0.0976744308624198,15,15
3,0,4,4,Right,2,0.277354988397308,0.007757761813753853,0.2285232069297474,0.0034840440331412835,0.919607843137255,0.04070170804978445,0.14966255511879176,15,15
3,0,4,4,Right,all,0.2806842372872842,0.007883206015021908,0.21734725978414257,0.002969161396850143,0.8850980392156863,0.009800791984017832,,0,15
3,1,0,0,Noise,0,0.2729767807861426,0.011157676892500369,0.1880672713058083,0.009769109637835683,0.8187675070028011,0.045535132306169054,0.10236834854724736,54,56
3,1,0,0,Noise,1,0.2822677847302451,0.021167281733179142,0.21024315048041994,0.010062960361651486,0.8641171060698957,0.05715074637191497,0.16336580336495105,54,56
3,1,0,0,Noise,2,0.2741256903177268,0.012239728980375427,0.2318468566736128,0.007706959841291606,0.9104813664596273,0.04039482734768243,0.13955210392491044,54,56
3,1,0,0,Noise,all,0.27645675194470487,0.009051405428543833,0.21005242615328035,0.004813430728990914,0.8644553265107747,0.028812467604324293,,0,56
3,1,0,1,Up,0,0.2648309433440844,0.009713144113148593,0.20007932310123985,0.006815566260698791,0.8519607843137255,0.06184816438385371,0.10659373398461783,16,16
3,1,0,1,Up,1,0.2964349532130021,0.01591015387812642,0.20816924479631407,0.005708690873370213,0.9020922746781116,0.034055327483276186,0.11383451604261295,16,16
3,1,0,1,Up,2,0.2634085108279576,0.007618881072764552,0.2276119602059721,0.004666790047393031,0.9722826086956522,0.020570012003516835,0.1255947340004067,16,16
3,1,0,1,Up,all,0.27489146912834805,0.006729561468682647,0.211953509367842,0.0029825256445275504,0.9087785558958298,0.027387453014639303,,0,16
3,1,0,2,Down,0,0.27133051314171414,0.0066599157406134635,0.18645113639128508,0.007010254377442495,0.8350140056022408,0.029365042254292196,0.09642234098315168,14,14
3,1,0,2,Down,1,0.2652132456689264,0.010445954085453709,0.21003198624991634,0.008791186276352425,0.9074187614960146,0.04796108455503868,0.1169132878136271,14,14
3,1,0,2,Down,2,0.26989779496734434,0.009581245367121356,0.23454191767654625,0.007018563833315065,0.9080745341614908,0.02673972280156006,0.13390401161293303,14,14
3,1,0,2,Down,all,0.2688138512593283,0.005032853024170467,0.2103416801059159,0.0038034093723219287,0.8835024337532487,0.01781931108349675,,0,14
3,1,0,3,Left,0,0.27820391030302916,0.007858800364718331,0.18497160036693672,0.007064176136078984,0.8696078431372549,0.04273130436433198,0.11400503534482914,16,16
3,1,0,3,Left,1,0.2873671439565842,0.020214166882771955,0.20596568210892138,0.004269140838593785,0.8991416309012875,0.04251599569901394,0.09307730778237346,16,16
3,1,0,3,Left,2,0.2748474032945543,0.008099649416859091,0.2318682066793562,0.004999249779839409,0.9369565217391305,0.03175203231914005,0.12363429595493701,16,16
3,1,0,3,Left,all,0.2801394858513892,0.00916153248829734,0.20760182971840477,0.004116998765513055,0.9019019985925576,0.020890616692335124,,0,16
3,1,0,4,Right,0,0.2721323477003427,0.007736487645098941,0.19174645814158134,0.003033670999868003,0.8128104575163398,0.031771506228766164,0.08451148423195194,15,15
3,1,0,4,Right,1,0.2762476437960086,0.009079245568721455,0.21464005742975414,0.0064602699428611575,0.921316165951359,0.019239361595360403,0.12305748845234991,15,15
3,1,0,4,Right,2,0.2625372567855208,0.013252744456016164,0.22939223739056988,0.0071441339759264165,0.9107246376811594,0.021606218953174477,0.14661558760658455,15,15
3,1,0,4,Right,all,0.27030574942729074,0.006051431754917592,0.21192625098730178,0.0019338955306035545,0.8816170870496195,0.018561238007378446,,0,15
3,1,1,0,Noise,0,0.3361060164304099,0.008727666231778777,0.19872758803799748,0.008098642125853933,0.9072509199945482,0.04078310254533035,0.10875310131151064,57,58
3,1,1,0,Noise,1,0.3379856988690779,0.01156059217118758,0.19402267714223792,0.009640528771980347,0.8669074553632276,0.056066130508488805,0.15243000357137812,57,58
3,1,1,0,Noise,2,0.3223366618113359,0.014001195396915704,0.21889198170759053,0.006206004919887115,0.9062880324543611,0.03378008281488203,0.11571844126216298,57,58
3,1,1,0,Noise,all,0.3321427923702746,0.006076849449510366,0.20388074896260863,0.005794914415480854,0.8934821359373789,0.02518902596586498,,0,58
3,1,1,1,Up,0,0.3265146601628484,0.013094087758264825,0.1981738940930915,0.0061222633193172915,0.8908338038772822,0.03453641288853742,0.08846938526913177,21,21
3,1,1,1,Up,1,0.3391681598518017,0.009421648567206694,0.19775335985467302,0.005388027435040527,0.9085262563523434,0.032600567061742,0.11046118512619926,21,21
3,1,1,1,Up,2,0.30654352144338753,0.012125362380020996,0.21409506894739877,0.003654439591456886,0.9441643323996265,0.02323028031963821,0.11620589704509046,21,21
3,1,1,1,Up,all,0.3240754471526792,0.004200136265446021,0.20334077429838776,0.0037299682084203727,0.9145081308764172,0.020688912734421423,,0,21
3,1,1,2,Down,0,0.3339716863385787,0.0032149412726473325,0.20166081986751022,0.004768047215392976,0.9339356295878035,0.02516252612796157,0.08733096201686609,14,14
3,1,1,2,Down,1,0.33551277016844877,0.008201015206893944,0.19089549110244694,0.005364542408012614,0.8800112930547713,0.04080057499454399,0.10439388349513241,14,14
3,1,1,2,Down,2,0.3260250518866341,0.005210776613908915,0.21918539298154746,0.0032666699646504574,0.907563025210084,0.03459041338617972,0.1189402254937103,14,14
3,1,1,2,Down,all,0.3318365027978872,0.0031145478436660863,0.20391390131716822,0.002792531303013874,0.907169982617553,0.026041124821119897,,0,14
3,1,1,3,Left,0,0.3284847753154567,0.007554910672783629,0.20157237227218205,0.002733111460199101,0.925813317117665,0.031913736588130404,0.08896462279420977,13,13
3,1,1,3,Left,1,0.342479691899267,0.006252001143336998,0.1989010098091251,0.004387847697470745,0.8738218303435694,0.01972734218429047,0.10945356335239426,13,13
3,1,1,3,Left,2,0.3193145606973569,0.012489896791893216,0.22377839751661777,0.006306665947348506,0.9215686274509804,0.023853970707051853,0.13182397206126822,13,13
3,1,1,3,Left,all,0.3300930093040269,0.005158855163165125,0.20808392653264163,0.0033062475704727736,0.9070679249707383,0.019687484492223194,,0,13
3,1,1,4,Right,0,0.33229649654633175,0.004200738150297245,0.1998837272274982,0.004477875284373661,0.9385831559744603,0.018929421762506646,0.10692470351058848,13,13
3,1,1,4,Right,1,0.3368149386286404,0.006071219730540352,0.19418823213820474,0.007056890416818895,0.8677409546974764,0.03769182424888395,0.10458748786686073,13,13
3,1,1,4,Right,2,0.30863441976924916,0.01668362261311974,0.21657913368024817,0.0034233004896979512,0.921870286576169,0.018564498955189433,0.12227781869835333,13,13
3,1,1,4,Right,all,0.32591528498140715,0.007569710497325426,0.20355036434865037,0.003947832018495732,0.9093981324160352,0.021897482505891804,,0,13
3,1,2,0,Noise,0,0.3275673219448652,0.012285098067906782,0.2177639865263949,0.0099671387210179,0.9169778799195633,0.039319554333216405,0.11093411060881339,58,59
3,1,2,0,Noise,1,0.2782809837966547,0.014034243828234871,0.2028792841430486,0.009420745012109901,0.8418079096045198,0.06258265894135932,0.19328013884796003,58,59
3,1,2,0,Noise,2,0.29668764059536745,0.01611445757264665,0.21867533973264996,0.010215069153415406,0.8980966935259795,0.04638924786279477,0.11749784312242402,58,59
3,1,2,0,Noise,all,0.30084531544562915,0.008326472366564058,0.21310620346736447,0.004603934720217866,0.8856274943500209,0.0279180468932397,,0,59
3,1,2,1,Up,0,0.3159697077167773,0.008729875629524254,0.2251508064059267,0.004198437358208272,0.9330508474576271,0.032038894264325574,0.1413194865692429,15,15
3,1,2,1,Up,1,0.2863951200458385,0.016843734556662087,0.19819004887135805,0.003099310559848043,0.9401307189542484,0.05051428087634047,0.14066800416272932,15,15
3,1,2,1,Up,2,0.2876993113910725,0.005104141256741879,0.2130732288998898,0.00325751195441995,0.9530054644808743,0.028048509407335345,0.12454300454252089,15,15
3,1,2,1,Up,all,0.29668804638456275,0.006422141642759816,0.21213802805905818,0.0022643214571430197,0.9420623436309167,0.022780993963290395,,0,15
3,1,2,2,Down,0,0.33195962276878144,0.010423862387020297,0.2163925638377513,0.0100566925715869,0.9322033898305085,0.029591089110537202,0.11788419290462678,14,14
3,1,2,2,Down,1,0.27419635092167843,0.0045429511947199085,0.2008520300945289,0.005886818463842084,0.8907563025210085,0.055092475800713206,0.1358373071922977,14,14
3,1,2,2,Down,2,0.30623530296667917,0.009767357378126262,0.22353113126646268,0.007878745384291015,0.9256440281030445,0.0306211384876838,0.1270777502265375,14,14
3,1,2,2,Down,all,0.3041304255523797,0.0054553761105327996,0.21359190839958095,0.002765799592201874,0.9162012401515204,0.017825168974060716,,0,14
3,1,2,3,Left,0,0.3276359154447801,0.010585046276652696,0.21983596820568954,0.007110674981164584,0.9457097457627118,0.03304790476542008,0.1389203330523613,15,16
3,1,2,3,Left,1,0.2746450014459906,0.008754700041883015,0.20469128331733044,0.005223034859869361,0.8678921568627451,0.045321271887553805,0.14277907375737722,15,16
3,1,2,3,Left,2,0.28659326667265805,0.018927631228296184,0.21785900133483674,0.007988193282335191,0.9293032786885246,0.03909586891053056,0.13137865172494598,15,16
3,1,2,3,Left,all,0.29629139452114295,0.006747809213388111,0.2141287509526189,0.002300772112159209,0.9143017271046605,0.024977694656886443,,0,16
3,1,2,4,Right,0,0.3220284075442041,0.004552608646905906,0.2171117794484816,0.010519695378508657,0.935646186440678,0.039574811850808696,0.10577795808071731,16,16
3,1,2,4,Right,1,0.2710245324504931,0.0058622990058739,0.20054429995338885,0.00629011302033819,0.8372549019607843,0.032841430060009814,0.14177207587260435,16,16
3,1,2,4,Right,2,0.2893291896183796,0.007189975860693087,0.21691686853082823,0.005347146051790091,0.9024077868852459,0.031255878243162664,0.11149125053756967,16,16
3,1,2,4,Right,all,0.2941273765376923,0.004148788516075351,0.2115243159775662,0.005949942797596259,0.8917696250955693,0.024109267644818844,,0,16
3,1,3,0,Noise,0,0.338782623051848,0.0214353029224175,0.2144475040833044,0.013367682386139682,0.919774011299435,0.029152225697774266,0.1441946504763552,57,59
3,1,3,0,Noise,1,0.3216392668798501,0.007678027215547997,0.2262711812260672,0.007929667909947492,0.9180228239584037,0.036426027125113995,0.19281321180700514,57,59
3,1,3,0,Noise,2,0.2976385049732419,0.009057877513820195,0.21005266954909152,0.006026194200015663,0.8817547357926221,0.04757332870488646,0.10954996811922178,57,59
3,1,3,0,Noise,all,0.3193534649683133,0.006625403734680391,0.21692378495282105,0.005835127815787794,0.9065171903501537,0.023240904122294886,,0,59
3,1,3,1,Up,0,0.33283538617692854,0.025535938368979248,0.21897683115641095,0.009470448072901004,0.9602777777777778,0.021121029416150246,0.14915345667199265,15,15
3,1,3,1,Up,1,0.3222574901670806,0.0042684342913257125,0.22208368251093838,0.0026053359815044366,0.947144754316069,0.025486741012883733,0.1388158908194025,15,15
3,1,3,1,Up,2,0.3021950600443329,0.010566382322883913,0.20197135307809108,0.0049805867010876935,0.9171241830065359,0.033468720496056356,0.09486026461304095,15,15
3,1,3,1,Up,all,0.319095978796114,0.005129993547211713,0.2143439555818135,0.0029242187422136028,0.9415155717001277,0.015063881501853994,,0,15
3,1,3,2,Down,0,0.33002643172226803,0.016062201691567232,0.21972164281416098,0.008468780142183037,0.9375,0.032197924610234595,0.16885628540988015,15,15
3,1,3,2,Down,1,0.32522449063288733,0.005084553603849516,0.22374891081616838,0.003791204805674505,0.9426294820717132,0.024177907683626425,0.14218223623119047,15,15
3,1,3,2,Down,2,0.30219457703067637,0.006486194800848348,0.2131367058080187,0.004467791415944223,0.9142483660130718,0.03954668897547944,0.12672505761922476,15,15
3,1,3,2,Down,all,0.31914849979527726,0.0042560439530128545,0.21886908647944933,0.0025617804952772463,0.9314592826949284,0.019423393141390948,,0,15
3,1,3,3,Left,0,0.31388240860334976,0.01548069019182589,0.2248255173164024,0.006603446984413596,0.9421875,0.029692677423778947,0.181086674105629,16,16
3,1,3,3,Left,1,0.3263245782276085,0.005071989460149302,0.22910438542025519,0.0043118632409480705,0.9596613545816733,0.03332910032751174,0.152391687284512,16,16
3,1,3,3,Left,2,0.2953088224173332,0.0069812440901162185,0.2086617697197466,0.00395126497140987,0.9294117647058824,0.03802101848953984,0.09977166438633142,16,16
3,1,3,3,Left,all,0.3118386030827638,0.00499065749712994,0.2208638908188014,0.003370000791871626,0.9437535397625185,0.014788830208147445,,0,16
3,1,3,4,Right,0,0.3346485225521711,0.017137339115241037,0.21629069963052788,0.016454216870380158,0.9092105263157894,0.03426304573142939,0.15559262724514325,19,19
3,1,3,4,Right,1,0.3269799690635613,0.0029055108174275805,0.2273605186742139,0.0049475424703630455,0.9339484168588803,0.035144064140545724,0.1480866324531345,19,19
3,1,3,4,Right,2,0.2958281024722498,0.007157294125629248,0.20911068992632265,0.004702561093017436,0.9521155830753354,0.043128914768497555,0.1389078093631497,19,19
3,1,3,4,Right,all,0.31915219802932737,0.005288345222991417,0.21758730274368815,0.005797173601490919,0.9317581754166684,0.020884392767186857,,0,19
3,1,4,0,Noise,0,0.31329950441091725,0.019523706416536984,0.22437205046700454,0.011298932390451476,0.9031274377703709,0.03407882330749835,0.16423434820489594,57,59
3,1,4,0,Noise,1,0.30252333106333945,0.01590833555701831,0.21583464239753536,0.010066190330069752,0.850833952326288,0.05499257791944591,0.16311148584011473,57,59
3,1,4,0,Noise,2,0.28770900752882644,0.011455727274000146,0.20419633726621145,0.00823345632062366,0.8902625456962445,0.0468017064552159,0.11455231256047191,57,59
3,1,4,0,Noise,all,0.3011772810010277,0.011279078691039066,0.2148010100435838,0.004884351181492863,0.8814079785976345,0.03073328122206896,,0,59
3,1,4,1,Up,0,0.3091031597789294,0.019756391263889752,0.23065684331166703,0.009084226140105962,0.9443760767905488,0.03893587889257234,0.1938928895407923,16,17
3,1,4,1,Up,1,0.30964111036556013,0.02126647480298581,0.21532049853746538,0.0101612029081963,0.882587297867354,0.058572472426524635,0.13145463755749362,16,17
3,1,4,1,Up,2,0.2977519561762123,0.012088717347140912,0.19953620807487948,0.0055065729398417595,0.9402537485582468,0.04634942033517755,0.10268877989402966,16,17
3,1,4,1,Up,all,0.30549874210690064,0.01183044837077388,0.21517118330800394,0.005459177256023472,0.9224057077387166,0.04264032904995364,,0,17
3,1,4,2,Down,0,0.3105593393473728,0.018245449558298904,0.22245832078716468,0.006028598989174876,0.9067543335325762,0.02978695108284906,0.16648638533097482,14,14
3,1,4,2,Down,1,0.30615756106757097,0.014919150754259055,0.21691998696962525,0.010444837257914608,0.873363688104724,0.059282558998689644,0.13182698911284882,14,14
3,1,4,2,Down,2,0.2887922196117083,0.004279290759065722,0.20753421552963108,0.0066468335999688875,0.9341736694677871,0.04070123140526729,0.13117970732349762,14,14
3,1,4,2,Down,all,0.30183637334221736,0.011021413503915351,0.21563750776214036,0.003790149492079194,0.9047638970350291,0.0360351964124028,,0,14
3,1,4,3,Left,0,0.29722630863766447,0.011876246423810513,0.23518882980646236,0.0038283587293206707,0.9243873281530186,0.02130096815895268,0.18181704613395086,14,14
3,1,4,3,Left,1,0.3061627665299889,0.015187176228601263,0.21656087296061458,0.010240461393841443,0.8915765509391008,0.04325482914472552,0.1415756567244583,14,14
3,1,4,3,Left,2,0.2796806890936766,0.009777465787043966,0.19812677719852873,0.006140905863225887,0.9084033613445378,0.038595614901456014,0.10538241277991751,14,14
3,1,4,3,Left,all,0.29435658808711,0.009334071720594627,0.21662549332186856,0.004945453056232318,0.9081224134788857,0.020879843890696307,,0,14
3,1,4,4,Right,0,0.3029934922916411,0.009381478959380834,0.2265625703415961,0.011785939722553625,0.894979079497908,0.032942842777896685,0.18988013814914267,20,20
3,1,4,4,Right,1,0.29544884349847406,0.012306840105021973,0.2114297258601087,0.010049150154641561,0.8422310756972111,0.045266878418717786,0.12140515512971653,20,20
3,1,4,4,Right,2,0.2927364163362357,0.010365540139108963,0.20574538950896143,0.00931125073968763,0.9145098039215686,0.050198013378598715,0.10837654939149766,20,20
3,1,4,4,Right,all,0.29705958404211696,0.0074282009123921855,0.21457922857022207,0.005197330521483972,0.8839066530388958,0.022004486456263055,,0,20
3,2,0,0,Noise,0,0.29726841638875073,0.007214749851371679,0.23394886948463062,0.005678111703485051,0.9677538370720189,0.016574311146778212,0.19192845160863606,53,56
3,2,0,0,Noise,1,0.33634156576286667,0.008570689189070838,0.22175807713759532,0.0072275513684698,0.9017486662714879,0.0299017775422655,0.19960855141188846,53,56
3,2,0,0,Noise,2,0.3357639817367026,0.013057804422858817,0.18510218459198177,0.010712351712848992,0.8828431372549019,0.05274639019284116,0.09178863050687751,53,56
3,2,0,0,Noise,all,0.32312465462943996,0.006266639522741624,0.21360304373806924,0.004203263126096191,0.9174485468661363,0.020556905266027402,,0,56
3,2,0,1,Up,0,0.29514698406456724,0.004442742554425265,0.23656823905208188,0.00294096157720869,0.9752066115702479,0.01034434344656672,0.17717835582810348,16,16
3,2,0,1,Up,1,0.3429080692679835,0.006866946015085154,0.21595896484737245,0.005294462955203317,0.9198651452282157,0.022046110828900543,0.14646238482047394,16,16
3,2,0,1,Up,2,0.33850993625722575,0.009945583401186007,0.18606840830191523,0.0054434131002304795,0.9534313725490196,0.026007816331182928,0.08723920747621433,16,16
3,2,0,1,Up,all,0.32552166319659215,0.004392993267502443,0.2128652040671232,0.0017150708308485776,0.9495010431158277,0.011502316782310515,,0,16
3,2,0,2,Down,0,0.2951881077744683,0.0029628956144624424,0.23254486879568673,0.005205824264554615,0.9784533648170013,0.010526255052850377,0.1823683740169487,14,14
3,2,0,2,Down,1,0.3463781778180068,0.006505499182604051,0.22186057073599869,0.006343184496774275,0.9164196799051572,0.013505192478598766,0.1438878062547768,14,14
3,2,0,2,Down,2,0.34029850036613035,0.011898378054992066,0.17991528193085296,0.005746397873224,0.9179271708683474,0.0433005079145803,0.08880501390376469,14,14
3,2,0,2,Down,all,0.3272882619862018,0.005084564184093046,0.21144024048751278,0.0017239118053285134,0.9376000718635018,0.013976223923977177,,0,14
3,2,0,3,Left,0,0.2974733513290122,0.006782546260353623,0.2372709075470142,0.004756530626793324,0.977961432506887,0.015196170465413482,0.1888210958358572,15,15
3,2,0,3,Left,1,0.3410612017233144,0.007217447973733875,0.22225097833773608,0.0061365066376049444,0.9416320885200553,0.026820824543750805,0.14608503614223525,15,15
3,2,0,3,Left,2,0.33680067686313336,0.011237670390851794,0.19276355155086938,0.004882494126614887,0.92,0.03222920059358129,0.10970670434070524,15,15
3,2,0,3,Left,all,0.3251117433051533,0.005423793211757513,0.21742847914520655,0.004106109438328182,0.9465311736756475,0.011601596844363979,,0,15
3,2,0,4,Right,0,0.29230497695411517,0.008057595274381131,0.23499259101101533,0.00265628581843513,0.9762396694214877,0.011928724570033598,0.1824889168296672,14,16
3,2,0,4,Right,1,0.33713600753007594,0.006657984922581618,0.21389074427973598,0.006969813967509555,0.9234958506224067,0.019926735178732925,0.15417646776700103,14,16
3,2,0,4,Right,2,0.32661891351694716,0.008240448723905124,0.1807788997676288,0.009501890847475164,0.8769607843137255,0.05510466780307312,0.08284995143984634,14,16
3,2,0,4,Right,all,0.3186866326670461,0.004451350266528971,0.2098874116861267,0.0038700916711149522,0.9255654347858733,0.018219572610682026,,0,16
3,2,1,0,Noise,0,0.3041205498427589,0.008762895102433313,0.23735632926289948,0.007261225833919022,0.9446278511404562,0.024735890981218586,0.17126066922073316,49,56
3,2,1,0,Noise,1,0.3531627799643317,0.011084803070770375,0.21710705645328038,0.008824373925158583,0.9196428571428571,0.03015957298799506,0.20403049393570144,49,56
3,2,1,0,Noise,2,0.33256691667825133,0.019739357098776566,0.18665482341489167,0.007507771231080124,0.8777310924369749,0.046701598052144175,0.10059136194211074,49,56
3,2,1,0,Noise,all,0.3299500821617806,0.0103374420577904,0.2137060697103572,0.004292170529566564,0.9140006002400961,0.02206944065494813,,0,56
3,2,1,1,Up,0,0.3031787046208212,0.005109528818955318,0.24115318239061148,0.004327491546127719,0.9519432773109244,0.01571890987851115,0.16494647491618955,16,16
3,2,1,1,Up,1,0.35535915203916457,0.008959372023001214,0.2114881871689368,0.00581459673692737,0.9449896694214877,0.026554476937599488,0.133596945477875,16,16
3,2,1,1,Up,2,0.3359597098312012,0.012566365819596243,0.1879851204760414,0.0034266354831613637,0.9561274509803922,0.022239996736174814,0.11120399977677187,16,16
3,2,1,1,Up,all,0.33149918883039564,0.007866775155994016,0.21354216334519657,0.001776475325466806,0.9510201325709347,0.009127560174949563,,0,16
3,2,1,2,Down,0,0.3037548257835878,0.005193135471025692,0.23860057075667385,0.004698225467575799,0.9624183006535948,0.021154814691640232,0.17440181889414227,18,18
3,2,1,2,Down,1,0.3536827688683966,0.012174065541795235,0.21597460379792682,0.006524788305571229,0.946969696969697,0.012457314107991025,0.1420780249578389,18,18
3,2,1,2,Down,2,0.3427449579487331,0.013189868818785675,0.18789962863266294,0.00602922779210733,0.8965141612200436,0.0403557217758916,0.08329693320873166,18,18
3,2,1,2,Down,all,0.33339418420023914,0.008253657789552164,0.21415826772908786,0.003418698306303992,0.935300719614445,0.016439585613974385,,0,18
3,2,1,3,Left,0,0.3043557314667025,0.0033737668350053945,0.24096799672570463,0.003916673701845808,0.9508928571428572,0.015997224384392852,0.16772903934832387,16,16
3,2,1,3,Left,1,0.35852015026738426,0.006359887894649472,0.21498809396151503,0.004427442803820708,0.9607438016528925,0.014937125853141572,0.13268107905752516,16,16
3,2,1,3,Left,2,0.3339243865324359,0.0067881317036819705,0.1896885254808295,0.00681035090135932,0.9002450980392157,0.03451481692645001,0.1101753823630215,16,16
3,2,1,3,Left,all,0.3322667560888409,0.003365604631154467,0.2152148720560164,0.0023710186880644695,0.9372939189449885,0.01752347541933688,,0,16
3,2,1,4,Right,0,0.3018144755096586,0.00847126007507611,0.23875389273847475,0.006373870232474663,0.9380252100840336,0.03131121455425744,0.16563093105035148,16,16
3,2,1,4,Right,1,0.3562392438133603,0.01160030691953895,0.20904090177367324,0.007342534519156442,0.9163223140495868,0.041555814109636775,0.15230864341766445,16,16
3,2,1,4,Right,2,0.32744832013781733,0.014449937897790616,0.1859785323598085,0.005905528049410685,0.9017156862745098,0.045020535847054455,0.10327783253425736,16,16
3,2,1,4,Right,all,0.32850067982027875,0.010157615883474387,0.21125777562398548,0.0031568667874282766,0.9186877368027101,0.02796150186389371,,0,16
3,2,2,0,Noise,0,0.3166597560832821,0.011456988762529433,0.23849678866568771,0.00730322250700526,0.9071739130434782,0.03342817028084649,0.15906980769803325,58,60
3,2,2,0,Noise,1,0.3634604773087961,0.008199208454365062,0.21796065447388438,0.006937016132513848,0.9061181434599156,0.03811843555262599,0.18207383417102949,58,60
3,2,2,0,Noise,2,0.3497628222909887,0.013081821445432034,0.19056864583959854,0.005403857958924887,0.8918300653594771,0.04118227287715396,0.09998797676519712,58,60
3,2,2,0,Noise,all,0.34329435189435564,0.007042945832203106,0.21567536299305687,0.00468005697371042,0.9017073739542903,0.024181453338992406,,0,60
3,2,2,1,Up,0,0.30608065456126166,0.007513432295291316,0.24070117796929105,0.0048148353527182304,0.9225063938618926,0.02776467808293948,0.16204586918039027,16,17
3,2,2,1,Up,1,0.37036201968146815,0.004037158079565322,0.2081520328583024,0.006997492460014239,0.9327376520228344,0.034968651577206855,0.10257450079977021,16,17
3,2,2,1,Up,2,0.3479616326333754,0.00872122600345852,0.1890706400654562,0.003322912494085514,0.9402537485582468,0.04517319849101141,0.1041244108535468,16,17
3,2,2,1,Up,all,0.34146810229203506,0.005383488897100777,0.21264128363101653,0.003581780642403764,0.931832598147658,0.017635375281162748,,0,17
3,2,2,2,Down,0,0.3160016973697582,0.009025996989179288,0.24095041875889517,0.0029660049302979003,0.9440993788819876,0.024997143524880982,0.1819441057377625,14,14
3,2,2,2,Down,1,0.369468314529897,0.00591455321119556,0.2202207253128484,0.004933476401074309,0.9342977697408077,0.031388735363710986,0.1289123227095597,14,14
3,2,2,2,Down,2,0.3570179694760137,0.011270870822724266,0.19077956329049475,0.0030944293744825757,0.923249299719888,0.045518124409451646,0.09771729458166216,14,14
3,2,2,2,Down,all,0.3474959937918896,0.00407540244519681,0.21731690245407945,0.002387423926109932,0.933882149447561,0.020801688942004674,,0,14
3,2,2,3,Left,0,0.3210126372752428,0.007267597378259306,0.24049931290851664,0.004320003871183421,0.9329192546583851,0.028213971156661452,0.17178111050463732,14,14
3,2,2,3,Left,1,0.3607116362097046,0.005324672596134766,0.216347630453006,0.0032672347384938797,0.9734779987944544,0.01565067677435061,0.11013507401328937,14,14
3,2,2,3,Left,2,0.34505587387755426,0.006257516199208425,0.19206932325415646,0.0030549480139790276,0.8994397759103642,0.03615858179667512,0.09582303965268797,14,14
3,2,2,3,Left,all,0.3422600491208339,0.0016452630102053599,0.21630542220522636,0.001437976508913676,0.9352790097877346,0.018413672221111795,,0,14
3,2,2,4,Right,0,0.30751936235857547,0.00779102130693086,0.2420198826104507,0.004807734675158093,0.9077803203661328,0.024619726935021336,0.15662879988268108,19,19
3,2,2,4,Right,1,0.3663992510162802,0.010240068683120357,0.2120932424651451,0.005817959468430494,0.9042860315345326,0.034135592824214085,0.12920546178554002,19,19
3,2,2,4,Right,2,0.3390333340224756,0.010707738730295608,0.19005570206868805,0.004020480086111382,0.9172342621259029,0.04056280421318687,0.10082555128190272,19,19
3,2,2,4,Right,all,0.33765064913244375,0.008575324694976613,0.21472294238142794,0.0030208421986349368,0.9097668713421895,0.016133892641953966,,0,19
3,2,3,0,Noise,0,0.290722162382544,0.007419680981984418,0.21640123439916534,0.006398491055279444,0.9109667046291955,0.05200531535704555,0.17259284878392583,57,59
3,2,3,0,Noise,1,0.3464368718655188,0.014914756208343288,0.22570355202400708,0.007394589829412178,0.9014876767078677,0.04203598868695543,0.17300233198654477,57,59
3,2,3,0,Noise,2,0.3401677628045175,0.01593100105619577,0.1855662798780919,0.007821655547951637,0.873712196743104,0.044204510151607285,0.09555214536836101,57,59
3,2,3,0,Noise,all,0.3257755990175268,0.0080324707165475,0.2092236887670881,0.0036530438832165298,0.8953888593600556,0.02289466260257124,,0,59
3,2,3,1,Up,0,0.28151734565538694,0.0058949452617939714,0.21789537628959452,0.004947121637125658,0.9232736572890026,0.04889175532929918,0.16539785793593395,16,17
3,2,3,1,Up,1,0.3600225232534159,0.01670374120272007,0.22264834719313975,0.003554893728553717,0.9342409452864114,0.018101910765040974,0.1392004954555034,16,17
3,2,3,1,Up,2,0.34357126656979714,0.011819145478666053,0.18369817146668652,0.0041001323869685104,0.9600922722029988,0.032046537614580935,0.08786601518814365,16,17
3,2,3,1,Up,all,0.32837037849286665,0.008279647977927478,0.20808063164980692,0.0016312603873236433,0.9392022915928042,0.016542517033629224,,0,17
3,2,3,2,Down,0,0.29122915217891715,0.0033477542379274487,0.21677428830879036,0.0025801967696148227,0.958498023715415,0.028618095773376567,0.1713713251050118,14,14
3,2,3,2,Down,1,0.34374152804106173,0.008995374138733397,0.22222412458494611,0.005011347050067944,0.9257641921397379,0.03463933080684386,0.12044374920252977,14,14
3,2,3,2,Down,2,0.34032937035107574,0.009654128641442022,0.1858426875552323,0.0040842780973619295,0.8767507002801119,0.03693886065870423,0.10230032574566948,14,14
3,2,3,2,Down,all,0.3251000168570182,0.005807562374637627,0.20828036681632292,0.0029938525394904146,0.9203376387117549,0.014903963413104111,,0,14
3,2,3,3,Left,0,0.2816868371551059,0.006880126279501502,0.21943701696337245,0.003206183791677455,0.9083003952569171,0.06757786999057937,0.17221681826986737,15,15
3,2,3,3,Left,1,0.3512334578581469,0.017163372583991376,0.22055145979239946,0.005229905499863902,0.9542940320232897,0.03485122118368712,0.13497223012281276,15,15
3,2,3,3,Left,2,0.3325731747504641,0.00828548569745663,0.18748478191953027,0.007576481969588713,0.9134640522875817,0.030357047278584202,0.1243221562384704,15,15
3,2,3,3,Left,all,0.3218311565879057,0.005624938970069873,0.20915775289176736,0.0017303514106206325,0.9253528265225961,0.019740738347936583,,0,15
3,2,3,4,Right,0,0.28817067793903356,0.008049173729195879,0.21462749376461165,0.004167455481687689,0.9477382520860781,0.014060036233990296,0.1701875639955069,18,18
3,2,3,4,Right,1,0.3394977823715928,0.012956140833295939,0.2179341435815409,0.009319558452578572,0.8976225133430373,0.03545154940827795,0.11308820797076795,18,18
3,2,3,4,Right,2,0.3243074600462596,0.012739718074386331,0.1880366936866148,0.00713503205193704,0.9124183006535946,0.03322119682102827,0.10192006353611625,18,18
3,2,3,4,Right,all,0.3173253067856286,0.006996605215162328,0.2068661103442558,0.003447107173029992,0.9192596886942367,0.0180043688267035,,0,18
3,2,4,0,Noise,0,0.3011149648135779,0.01815311672574545,0.2145957151032235,0.00654537954713928,0.9009989053092501,0.051032308031729694,0.16173435381015958,51,58
3,2,4,0,Noise,1,0.34605840581690084,0.011984963983856942,0.22130229884290867,0.0074306827913995345,0.9010081823495032,0.041552406441159505,0.18040578392442932,51,58
3,2,4,0,Noise,2,0.34602346946925094,0.01555245549626311,0.19092936544826103,0.009372832442842271,0.8926977687626775,0.04036632059086522,0.0875576785907893,51,58
3,2,4,0,Noise,all,0.3310656133665766,0.008511229600159351,0.2089424597981311,0.004402878922144311,0.898234952140477,0.021304605553085536,,0,58
3,2,4,1,Up,0,0.2851997641712574,0.011332049034608457,0.21733362484434143,0.0070650633021736,0.9494708994708995,0.04089603370392206,0.16469511799441008,15,15
3,2,4,1,Up,1,0.35221595007070144,0.015085587670840533,0.21703815765471984,0.004549283403028185,0.9387005649717515,0.03154134479556264,0.12215782134647896,15,15
3,2,4,1,Up,2,0.35466898655598345,0.013922017221299514,0.19128426778735957,0.004705733408992056,0.9631372549019608,0.02182430580914748,0.09720527618478549,15,15
3,2,4,1,Up,all,0.3306949002659808,0.00744420633954472,0.20855201676214027,0.004469821270273356,0.9504362397815372,0.015403513950679544,,0,15
3,2,4,2,Down,0,0.30521743712875843,0.016585477739136056,0.214566687830327,0.0024483815894818226,0.9312996031746031,0.04213876538292237,0.14628272647426283,15,16
3,2,4,2,Down,1,0.3486348324301371,0.011346653041283574,0.21700184707405978,0.005499429200492028,0.9165783898305084,0.03139479764180115,0.10853752687756461,15,16
3,2,4,2,Down,2,0.3396841306568011,0.011845388013962017,0.1869300555711124,0.004969502505397495,0.9066176470588235,0.04185176112195708,0.09757140622325125,15,16
3,2,4,2,Down,all,0.33117880007189887,0.00812930442940852,0.2061661968251664,0.001709156697183205,0.9181652133546451,0.024297670555446894,,0,16
3,2,4,3,Left,0,0.28563526834094916,0.016734010799334717,0.22232002383811234,0.0035588202308109605,0.9126984126984127,0.05426505686975137,0.17163834120093652,15,15
3,2,4,3,Left,1,0.34786453758719493,0.009934710391378752,0.22450857792414844,0.00474747575783619,0.9765536723163842,0.015516532481934372,0.1444906751225729,15,15
3,2,4,3,Left,2,0.3362997754456321,0.013388043629369108,0.19541250229431953,0.008076506595974238,0.9545098039215687,0.023095913309975492,0.12055279820285579,15,15
3,2,4,3,Left,all,0.3232665271245921,0.008270363074790583,0.21408036801886013,0.0033128930773434723,0.9479206296454552,0.015908699257116275,,0,15
3,2,4,4,Right,0,0.29565208675432925,0.006431509884194011,0.2155343863404143,0.004869105401583193,0.9481481481481481,0.024757519428722372,0.19076511282334135,15,15
3,2,4,4,Right,1,0.33744040265942027,0.010712547635282284,0.2100826343416834,0.00758075253951297,0.8957627118644068,0.04723334237767274,0.11957368776805384,15,15
3,2,4,4,Right,2,0.3329558993674417,0.004858282931128733,0.19221494034150058,0.005698863619107246,0.9301960784313725,0.025851777203460505,0.09863265403429061,15,15
3,2,4,4,Right,all,0.3220161295937304,0.0030381147986891423,0.2059439870078661,0.0032319153769528406,0.9247023128146424,0.01320968110609747,,0,15
3,3,0,0,Noise,0,0.2806386454558478,0.012575427778369674,0.22723578509742912,0.005517293655511407,0.9150217464034794,0.03683665514696457,0.17616591656110442,56,61
3,3,0,0,Noise,1,0.3173471559157939,0.0169269324385131,0.22200394742612897,0.007303352711978587,0.8615185504745471,0.038256569132841,0.1819511850285236,56,61
3,3,0,0,Noise,2,0.32069041425739575,0.02123097470437716,0.18041642418395767,0.005845287810198381,0.8815171970427516,0.04190830970951195,0.0859291132939021,56,61
3,3,0,0,Noise,all,0.30622540520967917,0.010786239358869715,0.2098853855691719,0.0032842513043551823,0.8860191646402593,0.021155497639719772,,0,61
3,3,0,1,Up,0,0.27278101375898234,0.002981283355677764,0.22582231253317153,0.0030963103908732015,0.9395408163265306,0.025564567923964016,0.174750376819904,16,16
3,3,0,1,Up,1,0.33530671009802226,0.014714489175187665,0.22331983291606983,0.00584389631264921,0.9065241228070176,0.04790466314248662,0.1338841301632007,16,16
3,3,0,1,Up,2,0.3249807928435097,0.01770988997851757,0.1827546468281174,0.005122412683512236,0.9495098039215686,0.03939501481286176,0.11456932585698004,16,16
3,3,0,1,Up,all,0.31102283890017146,0.009887665797577746,0.21063226409245292,0.002040563532276853,0.9318582476850389,0.014607840803105693,,0,16
3,3,0,2,Down,0,0.2861889080614721,0.010936584369460472,0.22507118484989555,0.0037200522584093293,0.9494897959183674,0.0331216379243565,0.16521639137564148,16,16
3,3,0,2,Down,1,0.31598422451946273,0.016262514519320405,0.2201041119321162,0.006444809168586184,0.8845942982456141,0.04215149599905619,0.0997126829920687,16,16
3,3,0,2,Down,2,0.3297171659166431,0.012721011636967339,0.18187296870336278,0.005661315626211478,0.9186274509803921,0.039592956498352185,0.08459951267767911,16,16
3,3,0,2,Down,all,0.3106300994991927,0.008157378308307536,0.20901608849512485,0.0028342039170415187,0.9175705150481245,0.019445241479644618,,0,16
3,3,0,3,Left,0,0.274367737880076,0.008323823507365128,0.22540714770304487,0.0037151171089429844,0.9202721088435374,0.05493152900078582,0.18691359043857597,15,15
3,3,0,3,Left,1,0.3166052530603538,0.012320221212283301,0.2283394745375321,0.00844339573766921,0.9213450292397661,0.040992322658463885,0.14408398631200522,15,15
3,3,0,3,Left,2,0.29459372508328274,0.017209470760492493,0.17929693503626562,0.006477355498921915,0.9043137254901961,0.03572104071889832,0.10602400933614328,15,15
3,3,0,3,Left,all,0.2951889053412375,0.005155480154376896,0.21101451909228086,0.0034629138124092737,0.9153102878578332,0.01998923923573994,,0,15
3,3,0,4,Right,0,0.2741590699244292,0.005388960116826578,0.22738120783793167,0.004641583671976636,0.9219387755102041,0.040071434201385814,0.17556510544689133,16,16
3,3,0,4,Right,1,0.3125069239308559,0.007174649726142262,0.21767695307046184,0.006380513979270849,0.865953947368421,0.027968050243279183,0.1251838225879497,16,16
3,3,0,4,Right,2,0.3221392692142225,0.01355473623860267,0.17800004617713994,0.0037342388361614686,0.8794117647058823,0.03062843010159473,0.1071869720733531,16,16
3,3,0,4,Right,all,0.30293508768983585,0.005269642144563265,0.20768606902851114,0.003241212778310408,0.8891014958615026,0.018181986464664138,,0,16
3,3,1,0,Noise,0,0.2829852398914907,0.01112170740758085,0.21975602406313055,0.00709013776111803,0.9164463246959281,0.030586133972916936,0.1665035992896643,51,61
3,3,1,0,Noise,1,0.3128145192793956,0.020063907799633404,0.22583974309166324,0.007276864969988498,0.8885100826925867,0.042531766394266535,0.16576069448791286,51,61
3,3,1,0,Noise,2,0.32221310398405906,0.019556735785589467,0.18051765681191823,0.007620718285651292,0.8616522018643523,0.036473618171565816,0.0839834174314572,51,61
3,3,1,0,Noise,all,0.3060042877183151,0.012282493055720945,0.20870447465557068,0.005050564486213712,0.8888695364176223,0.019865562392541235,,0,61
3,3,1,1,Up,0,0.2773508889720005,0.005338429256238639,0.22214938478769347,0.003591632399772776,0.9497983870967742,0.013307737757465785,0.16914210992114714,19,20
3,3,1,1,Up,1,0.3218275413528503,0.012923270612948276,0.2265186893163908,0.004532817783197568,0.9320796460176991,0.029395391049025495,0.13864752564352625,19,20
3,3,1,1,Up,2,0.3234702289781032,0.010222647225345974,0.18057314580500855,0.004201959521786015,0.9301960784313726,0.04855882503999933,0.11361516683163418,19,20
3,3,1,1,Up,all,0.30754955310098464,0.0060109734402310775,0.20974707330303094,0.0028963423943263763,0.9373580371819485,0.02397466403985307,,0,20
3,3,1,2,Down,0,0.28592561424745394,0.010883058963878962,0.218216301124011,0.0036170414676704103,0.9301075268817204,0.04389864548894799,0.15704324432521352,14,15
3,3,1,2,Down,1,0.31630891934128036,0.02100414070164126,0.22484204014616818,0.008391484457816682,0.912684365781711,0.044983350909431515,0.0951496433056634,14,15
3,3,1,2,Down,2,0.33571029499590777,0.009101269387186844,0.1779650897632178,0.0051646929625323145,0.8941176470588236,0.037144166844259446,0.08975134952875233,14,15
3,3,1,2,Down,all,0.31264827619488067,0.008952739505939104,0.20700781034446566,0.0036396593417683037,0.9123031799074183,0.025459624003046636,,0,15
3,3,1,3,Left,0,0.27885104151404255,0.006380436267839563,0.2264710558403068,0.00584525739483684,0.928842504743833,0.02800682539625653,0.18098587857063078,17,17
3,3,1,3,Left,1,0.31401686167775555,0.006915784106476147,0.22912644451194464,0.006734977447037203,0.9206142634044768,0.03839852060165907,0.134606265527509,17,17
3,3,1,3,Left,2,0.31132393207027714,0.017903587165888492,0.18427912827639578,0.006129107047967145,0.889273356401384,0.03247242972674116,0.1373673891086169,17,17
3,3,1,3,Left,all,0.30139727842069175,0.007210279360353121,0.2132922095428824,0.005180618642494978,0.9129100415165646,0.018004491768112172,,0,17
3,3,1,4,Right,0,0.27636545302674687,0.0036290287451958224,0.2185820629182617,0.0055689411098096405,0.9546370967741935,0.02814889675429959,0.1727649760428897,16,16
3,3,1,4,Right,1,0.296854844418189,0.018807088622127772,0.2199505591381762,0.008122029630799523,0.8874446902654868,0.030951055957448265,0.10570295001228752,16,16
3,3,1,4,Right,2,0.3046752941795998,0.016279689593234493,0.18361189903258893,0.005773849169133456,0.8838235294117647,0.029376885636741894,0.09759224895622123,16,16
3,3,1,4,Right,all,0.2926318638748452,0.009281694142632285,0.20738150702967562,0.0033724863376243916,0.908635105483815,0.014614874343983047,,0,16
3,3,2,0,Noise,0,0.2867118788103939,0.00959453995377554,0.21958021806551536,0.007007665999875885,0.9098064516129033,0.03309342894989207,0.15937072504475752,57,62
3,3,2,0,Noise,1,0.3033903832594063,0.021108461176944874,0.2165325533658276,0.011331273611914234,0.8535819019689987,0.05188014032294933,0.15876309112666975,57,62
3,3,2,0,Noise,2,0.317003617333631,0.013748517571211746,0.17799161910369826,0.006864840903296291,0.8600253004427577,0.040868966801018425,0.0944894282289443,57,62
3,3,2,0,Noise,all,0.30236862646781043,0.010610042831474244,0.20470146351168042,0.0051963357794106236,0.8744712180082199,0.028828315744209985,,0,62
3,3,2,1,Up,0,0.2821239212647882,0.004846825545654003,0.2206978940143531,0.0062657542584145754,0.9544444444444444,0.01736196729914935,0.16935648616018842,17,18
3,3,2,1,Up,1,0.3051690874791395,0.017099185413397597,0.2146690276896052,0.005625804634318632,0.894901394901395,0.041116977531879095,0.1231566066543767,17,18
3,3,2,1,Up,2,0.3061035229383926,0.012949588074113337,0.18167323798484591,0.00451131259036109,0.94880174291939,0.036749986373717354,0.10846028550539016,17,18
3,3,2,1,Up,all,0.29779884389410677,0.007435003233561539,0.2056800532296014,0.0035592773035440324,0.9327158607550765,0.01751044102793118,,0,18
3,3,2,2,Down,0,0.29101253446540903,0.008484138053701771,0.2211351861629383,0.004443197852806498,0.9582857142857143,0.02638014571438315,0.16606588888541385,14,14
3,3,2,2,Down,1,0.3167743417833681,0.015809818994711167,0.21927939170389066,0.006577648806790902,0.9199134199134199,0.029932080905911644,0.10800559777456399,14,14
3,3,2,2,Down,2,0.3260906775924614,0.010254983131473966,0.17725577757814567,0.003969165570590996,0.8638655462184873,0.030971362887139992,0.10649204629321028,14,14
3,3,2,2,Down,all,0.3112925179470795,0.009438717822776641,0.2058901184816582,0.0013730730909993234,0.9140215601392072,0.016693916573281797,,0,14
3,3,2,3,Left,0,0.2806739127724873,0.005374253753619499,0.22520109941461378,0.006760906995604208,0.9173333333333333,0.02266106373328067,0.16339449037549236,15,15
3,3,2,3,Left,1,0.30845951402113786,0.006799368568901774,0.22081653323788464,0.007382993604341173,0.9189033189033189,0.046031519855415544,0.14328433549080952,15,15
3,3,2,3,Left,2,0.30251559203268286,0.013645408567406252,0.18139242842868702,0.007307622397521963,0.9320261437908497,0.05056209922783254,0.11237074699293616,15,15
3,3,2,3,Left,all,0.29721633960876936,0.005243693969867674,0.2091366870270618,0.004658208649113817,0.9227542653425007,0.027459383939141296,,0,15
3,3,2,4,Right,0,0.28411325900059653,0.00822498326943312,0.21757451955180448,0.00655682827824618,0.9135,0.029425612426365336,0.15431462446214442,16,16
3,3,2,4,Right,1,0.2823013850444631,0.017490790537635543,0.20647530001684497,0.007249474197153941,0.8506493506493507,0.02448854653459907,0.13253161054913476,16,16
3,3,2,4,Right,2,0.3090589659302368,0.006444273596350121,0.1829773121475037,0.0025930472851358748,0.883578431372549,0.041544418897243876,0.11071114036424104,16,16
3,3,2,4,Right,all,0.29182453665843217,0.0046624785717895014,0.20234237723871773,0.004488374393426989,0.8825759273406333,0.02314884318245687,,0,16
3,3,3,0,Noise,0,0.2763841607239487,0.007308898852805727,0.22365846959827423,0.006636693625900116,0.8926925608953259,0.05348104294922056,0.15186464863932214,55,62
3,3,3,0,Noise,1,0.31572719482137407,0.01725898526124242,0.2107162473996957,0.010592675195761332,0.8470164751488302,0.05150271332383774,0.16769169520035818,55,62
3,3,3,0,Noise,2,0.3284332899601738,0.0148716521196873,0.1868794102812992,0.01027666371316796,0.8846932321315623,0.046174371911922404,0.10193640131877196,55,62
3,3,3,0,Noise,all,0.30684821516849886,0.009166573481349962,0.2070847090930897,0.005303359872173944,0.8748007560585728,0.02400299856143174,,0,62
3,3,3,1,Up,0,0.2768658349749101,0.003082164589689953,0.22504725298233405,0.006015982516451246,0.9229291716686675,0.02767855414054481,0.1502372105868851,17,17
3,3,3,1,Up,1,0.31735179239968087,0.007534308664448109,0.20881018238039922,0.0038074668993789535,0.8742741731885887,0.03388807834173917,0.12673132146153,17,17
3,3,3,1,Up,2,0.32198480800052826,0.008006730334670671,0.18710039711426601,0.003600695355917279,0.9372549019607843,0.024253562503633298,0.11821102528072736,17,17
3,3,3,1,Up,all,0.3054008117917064,0.004269409433300134,0.20698594415899976,0.002656096079156077,0.9114860822726802,0.017995451707874855,,0,17
3,3,3,2,Down,0,0.2787229011845529,0.004593915436718531,0.22609835426430436,0.003780356541148382,0.9404081632653062,0.020043387222058433,0.1671007918683038,15,15
3,3,3,2,Down,1,0.3297512189914663,0.010716829283019938,0.21585925432720152,0.0064592495173088835,0.9012875536480688,0.04901516260618797,0.13600520538473992,15,15
3,3,3,2,Down,2,0.3305140908264625,0.012685311097266871,0.18241801923612,0.006350332846372797,0.9035294117647059,0.038130647573783885,0.10296100572652298,15,15
3,3,3,2,Down,all,0.31299607033416055,0.006964191388365356,0.20812520927587527,0.002332092472601551,0.9150750428926936,0.015147014151040798,,0,15
3,3,3,3,Left,0,0.27404963535225596,0.0034559832639869306,0.23019706405236112,0.004828365075139908,0.8884353741496598,0.027788977279673974,0.16722901337161786,17,18
3,3,3,3,Left,1,0.3244452936038049,0.01098593637325486,0.2128862028096189,0.006380707449899519,0.9053409632808774,0.06661064290421799,0.1340305919342197,17,18
3,3,3,3,Left,2,0.3177427484096158,0.007316967578787025,0.195916741388906,0.0074688740052797535,0.9363834422657953,0.03812925420638034,0.15425215960679714,17,18
3,3,3,3,Left,all,0.3054125591218922,0.004957554803507381,0.21300000275029535,0.003090989203892994,0.9100532598987774,0.02877839244567005,,0,18
3,3,3,4,Right,0,0.2773788081417978,0.005158813148934212,0.22091593122007833,0.005235767873545477,0.93578231292517,0.0680625758415142,0.15829488190314214,15,15
3,3,3,4,Right,1,0.2963234323352037,0.017523910974777342,0.20212675707736855,0.007350965613536816,0.8555078683834049,0.04086654322485177,0.11899187505310173,15,15
3,3,3,4,Right,2,0.31526108125952973,0.011014286986155588,0.18482467062250396,0.005585987453539994,0.8797385620915033,0.03716387720215724,0.0954621424174443,15,15
3,3,3,4,Right,all,0.29632110724551036,0.006625990013022461,0.20262245297331696,0.003811961043374196,0.8903429144666928,0.036656937896492145,,0,15
3,3,4,0,Noise,0,0.2820322978381487,0.007715232939073944,0.22029613004026716,0.0050690753447668905,0.8906372934697089,0.04474094288121385,0.14836749488749382,56,62
3,3,4,0,Noise,1,0.32779467358805614,0.01594569495974027,0.21473711982857352,0.008737038460259765,0.8523466703585768,0.04335568239582183,0.1734566381731773,56,62
3,3,4,0,Noise,2,0.33944902650287867,0.014182875377117819,0.18869009821628027,0.007732625238143357,0.8857685009487666,0.04036555203228646,0.09354968003622613,56,62
3,3,4,0,Noise,all,0.31642533264302786,0.009027044638591547,0.20790778269504032,0.0037810232359877993,0.8762508215923507,0.01921839735043509,,0,62
3,3,4,1,Up,0,0.28251386216800817,0.00511856328798024,0.22431541031696545,0.003760356155674181,0.9182712879760375,0.03720480167958794,0.15202486374265411,18,19
3,3,4,1,Up,1,0.3353759563873987,0.006937001912517989,0.21416693198570266,0.004729964912718744,0.8911226564264738,0.036310876525701606,0.13718905677410576,18,19
3,3,4,1,Up,2,0.3349522425510784,0.010473858893013206,0.18970453295020098,0.004620424196773443,0.9585139318885448,0.027923593886113016,0.11957694053690683,18,19
3,3,4,1,Up,all,0.3176140203688284,0.004206755433097987,0.2093956250842897,0.0023078643002005187,0.9226359587636855,0.018712065648533574,,0,19
3,3,4,2,Down,0,0.28396581392286274,0.004259177425561755,0.22322073463274958,0.003966849674395156,0.9465737514518002,0.014600853559507566,0.157299350104856,14,14
3,3,4,2,Down,1,0.3454062992903402,0.01570656495424431,0.21577942916305307,0.005974735405184477,0.8951563458001226,0.04559853483181501,0.12522020045587096,14,14
3,3,4,2,Down,2,0.34390843842327573,0.012129189081341451,0.18632099497765747,0.004549283231302858,0.9134453781512605,0.031010897622680212,0.11576311902625433,14,14
3,3,4,2,Down,all,0.3244268505454929,0.009395400788364391,0.20844038625782005,0.0025641201284570957,0.9183918251343944,0.015857978206762127,,0,14
3,3,4,3,Left,0,0.27813066067148834,0.003329201169784481,0.22495796109165153,0.003049803091779288,0.8799457994579946,0.03462507537811096,0.16726697106100524,15,15
3,3,4,3,Left,1,0.338543047221167,0.008666083725498307,0.2183434132252581,0.004471266325872145,0.9542203147353362,0.03975683697331638,0.14324602676670561,15,15
3,3,4,3,Left,2,0.3393324402632027,0.013264111730100447,0.1980445593284104,0.006280712571788365,0.9450980392156862,0.021479315980594754,0.15397046426805955,15,15
3,3,4,3,Left,all,0.3186687160519527,0.004665391296796407,0.21378197788177333,0.003493580588646735,0.9264213844696723,0.018343682099045508,,0,15
3,3,4,4,Right,0,0.2804575769929571,0.003878921300510785,0.22193557861978033,0.0031724181061488148,0.9399808703969393,0.056226459733110044,0.15304688603045444,17,17
3,3,4,4,Right,1,0.31493389322124904,0.017364282914053876,0.20407777814636172,0.00588610520948902,0.8692249431961626,0.04532211314044644,0.12471579729408552,17,17
3,3,4,4,Right,2,0.32209671067038415,0.01782776450408535,0.194603801471096,0.010191911104027316,0.9095732410611304,0.03294090184979173,0.09601981773783214,17,17
3,3,4,4,Right,all,0.3058293936281968,0.009507848453149056,0.20687238607907935,0.0032581587022127907,0.9062596848847441,0.02040686992676909,,0,17
3,4,0,0,Noise,0,0.30519291104471397,0.007784417072620137,0.23296309242598648,0.007828315238416875,0.8809523809523809,0.024981590531770057,0.15544880054551694,50,63
3,4,0,0,Noise,1,0.33672176697437883,0.009063586467224544,0.21586986231759364,0.0048448446855277666,0.8974044553443695,0.030020306414133044,0.17792417532818924,50,63
3,4,0,0,Noise,2,0.31299908898157525,0.01724039218927737,0.18056405221753555,0.006910024114790638,0.8618736383442266,0.039002866193442315,0.0948965302648483,50,63
3,4,0,0,Noise,all,0.31830458900022274,0.0063709458352697946,0.20979900232037188,0.0037156407970271557,0.8800768248803257,0.019211933542356386,,0,63
3,4,0,1,Up,0,0.3028652084096767,0.0026048856819344216,0.23403427878752966,0.004501023029611173,0.9309178743961353,0.02625219995817554,0.16175592758033128,17,18
3,4,0,1,Up,1,0.3374201931703996,0.0064257383622296094,0.21249814118922805,0.0037037388204297504,0.9303767286599904,0.030722488823642896,0.12974878148537086,17,18
3,4,0,1,Up,2,0.31413710981048726,0.0056862919153400845,0.17830054091449177,0.003217847208159844,0.9130718954248365,0.04788301701682033,0.12355211706025368,17,18
3,4,0,1,Up,all,0.3181408371301878,0.0031691588912436987,0.20827765363041648,0.002782489237767794,0.9247888328269875,0.02627662910600925,,0,18
3,4,0,2,Down,0,0.3030697591602287,0.004175587320856903,0.22949088345906066,0.004861171137406858,0.9230978260869566,0.035097083824809,0.1591238409385996,16,16
3,4,0,2,Down,1,0.34514818193484775,0.006037323344837376,0.21412475142443163,0.003443288633150847,0.927038626609442,0.02923499805309254,0.11542135819831802,16,16
3,4,0,2,Down,2,0.31826285062308224,0.01247802740368525,0.17929767885294953,0.007004009244292615,0.8816176470588235,0.0344925313280481,0.11224348432308329,16,16
3,4,0,2,Down,all,0.3221602639060529,0.004321287352265883,0.2076377712454806,0.0029599270473275696,0.9105846999184074,0.018068776438610497,,0,16
3,4,0,3,Left,0,0.30364240113452773,0.0034274663348638937,0.23174758558366662,0.004397283560398141,0.9133152173913044,0.025622372765561077,0.1639185854850368,16,16
3,4,0,3,Left,1,0.33658254751198946,0.006499122792104406,0.21866745509455637,0.0035430846648620393,0.9519849785407726,0.026789677568394378,0.1413670495942925,16,16
3,4,0,3,Left,2,0.31154944282437697,0.010537014506393112,0.18318161381939002,0.006096875618638287,0.9151960784313725,0.0348666929104239,0.12643836316543447,16,16
3,4,0,3,Left,all,0.31725813049029805,0.004878031943628004,0.21119888483253765,0.00222061528493662,0.9268320914544831,0.019697441118776898,,0,16
3,4,0,4,Right,0,0.3078678551292152,0.0034434615832751748,0.23868906572540632,0.005781804395243892,0.9056521739130435,0.023650524912230114,0.1665341905577946,20,20
3,4,0,4,Right,1,0.33752131636846633,0.006896177073679519,0.21028391816714667,0.003922493441955826,0.9,0.02487400277404161,0.1159659065687996,20,20
3,4,0,4,Right,2,0.2978911016936777,0.015555742884501735,0.18103624878651492,0.006162973017442005,0.8662745098039215,0.053993666032136366,0.10640397222296086,20,20
3,4,0,4,Right,all,0.3144267577304531,0.005624159169330106,0.21000307755968933,0.0034637559469235493,0.890642227905655,0.02412434109525955,,0,20
3,4,1,0,Noise,0,0.3076143101340896,0.007553724970999912,0.2156932102621592,0.0098782933489808,0.880343561500131,0.03732660167714239,0.15310680523046086,58,62
3,4,1,0,Noise,1,0.35965829065732774,0.014725961558774132,0.22594407691983381,0.007072997191304547,0.9252454417952314,0.037192352320159855,0.16429435330178996,58,62
3,4,1,0,Noise,2,0.34261535529073667,0.019036546717459836,0.1866987873585543,0.010958678491415796,0.8785578747628083,0.0399605741748811,0.09632800373193416,58,62
3,4,1,0,Noise,all,0.3366293186940513,0.01154790018975765,0.20944535818018242,0.006186866879248815,0.8947156260193903,0.026004632225677775,,0,62
3,4,1,1,Up,0,0.30583068572848254,0.004871737216372568,0.21295368059614025,0.0108037893065543,0.9005260640841702,0.03590485115338361,0.15997084587893207,17,17
3,4,1,1,Up,1,0.360076218559707,0.007022401690189772,0.2238299799581369,0.0036424179136293968,0.9388746803069054,0.02171033899047888,0.13471757603182732,17,17
3,4,1,1,Up,2,0.343651428699136,0.007649666632241301,0.1813507596294098,0.004270904029145149,0.9349480968858132,0.03735947201229831,0.10373737783777442,17,17
3,4,1,1,Up,all,0.33651944432910846,0.005833025151939319,0.20604480672789566,0.005225409075725247,0.9247829470922962,0.021493583572390035,,0,17
3,4,1,2,Down,0,0.30297927945053393,0.005577190208407885,0.2145233050847465,0.008007247310103502,0.9016768292682926,0.025286981732256218,0.1561057414591403,16,16
3,4,1,2,Down,1,0.3670321881113702,0.0050274189939929085,0.22239849599859612,0.004252220692452962,0.9605978260869565,0.02078902029532223,0.1117126866030704,16,16
3,4,1,2,Down,2,0.34640955982520116,0.012230301631219328,0.18410228439340473,0.006707435140438151,0.9102941176470588,0.028165309054137565,0.10611272877585429,16,16
3,4,1,2,Down,all,0.3388070091290351,0.0061012863015889075,0.2070080284922491,0.004494993822207426,0.9241895910007694,0.010207383582533959,,0,16
3,4,1,3,Left,0,0.3088227946524372,0.004146180017550258,0.22272505910728382,0.009028046250696777,0.9167862266857963,0.032934282475326544,0.17889173709932873,16,17
3,4,1,3,Left,1,0.3655026790141024,0.009122348951781739,0.22814614766775715,0.004340262614944302,0.960613810741688,0.034112796198056315,0.13720979911645234,16,17
3,4,1,3,Left,2,0.35027265309813777,0.006385773264152501,0.1922817495516878,0.008606182877988535,0.9167243367935409,0.03656558920682274,0.11767648793713403,16,17
3,4,1,3,Left,all,0.3415327089215591,0.004960567811906001,0.2143843187755763,0.005697284492885719,0.9313747914070083,0.030888604781389134,,0,17
3,4,1,4,Right,0,0.3094058422003756,0.006017715256990477,0.22227842143473134,0.006621922780040581,0.930640243902439,0.037418068044179055,0.16454630023954547,16,16
3,4,1,4,Right,1,0.3425268636759085,0.020215635248372672,0.21739030238315005,0.005538813765140633,0.9442934782608696,0.03873288389593565,0.12208961632944973,16,16
3,4,1,4,Right,2,0.3263111614561533,0.024327597089203474,0.18908580656915164,0.0045671074172499646,0.8855392156862745,0.026139296999397463,0.09926691846500614,16,16
3,4,1,4,Right,all,0.32608128911081247,0.01569734744013208,0.20958484346234435,0.003109442126106469,0.920157645949861,0.01750235187859403,,0,16
3,4,2,0,Noise,0,0.3172493587177618,0.009363276175812223,0.2268187302022909,0.011123179609326074,0.9162397895611242,0.04220716387117886,0.14263388351473952,57,62
3,4,2,0,Noise,1,0.3590981414432822,0.01397054438018129,0.2297201970750099,0.005641515365619277,0.9247548671308796,0.030948209014161766,0.1756003821290807,57,62
3,4,2,0,Noise,2,0.3349176155216867,0.012475477838044398,0.18862117025068437,0.007729604100591241,0.879696394686907,0.043203095153426276,0.10155326256071118,57,62
3,4,2,0,Noise,all,0.33708837189424357,0.009506799399901917,0.21505336584266174,0.00568162680968528,0.9068970171263037,0.029908598766545363,,0,62
3,4,2,1,Up,0,0.31465560843824253,0.007775539101313991,0.22768523761684895,0.010505402514119353,0.9430765755590693,0.044506667817166855,0.1555469174670161,17,19
3,4,2,1,Up,1,0.3554678264674878,0.010593950837014306,0.22796316173092349,0.003724247179409366,0.9399489914212844,0.024755572112291513,0.13337272576241285,17,19
3,4,2,1,Up,2,0.3317599877340259,0.015623662478490452,0.18759030199923135,0.00434860289838734,0.933952528379773,0.03882733983401924,0.13254350949361646,17,19
3,4,2,1,Up,all,0.33396114087991874,0.00948599096167203,0.2144129004490013,0.004595771650910363,0.9389926984533756,0.026678134235782126,,0,19
3,4,2,2,Down,0,0.3173278407401028,0.006270596845214753,0.22916214913661379,0.006872417904412641,0.9584227467811159,0.03191466445562561,0.1546504414252125,15,16
3,4,2,2,Down,1,0.36960220039001634,0.014690350922813398,0.22311529011015388,0.005918410121875139,0.9523678414096917,0.02828631811320957,0.10616894291682996,15,16
3,4,2,2,Down,2,0.3354508576436744,0.00904766359564775,0.18787043031911024,0.004756000519773539,0.8995098039215687,0.029895799215171156,0.11887942319776901,15,16
3,4,2,2,Down,all,0.34079363292459786,0.006286919210259197,0.21338262318862597,0.003033111078563538,0.936766797370792,0.023069623519368414,,0,16
3,4,2,3,Left,0,0.31955191986372905,0.002901588947912361,0.23518171706719293,0.0032288440110683414,0.9579399141630901,0.023741316199037448,0.18371143156078182,15,15
3,4,2,3,Left,1,0.36654870764700986,0.00339118102061948,0.23221170722974888,0.0037877378058978712,0.9632892804698973,0.02268778474301603,0.1382168440205583,15,15
3,4,2,3,Left,2,0.34019785819591836,0.00615753992278529,0.19396510264880937,0.005137084561458654,0.9411764705882353,0.03126733055994583,0.1129050149232356,15,15
3,4,2,3,Left,all,0.3420994952355524,0.0034800052892702883,0.2204528423152504,0.0029905856852453423,0.9541352217404077,0.020800035797417644,,0,15
3,4,2,4,Right,0,0.3157146080127672,0.006633335394756496,0.22370169988222263,0.008730480991179238,0.9139106286291341,0.04198202082076701,0.1473074867296967,17,17
3,4,2,4,Right,1,0.34579306498622264,0.016071696527539776,0.22087062182583056,0.005512041676962488,0.9295154185022027,0.036824346910353516,0.12646897093925455,17,17
3,4,2,4,Right,2,0.31945022819868507,0.01398797381162739,0.1957297395792498,0.0058688175386873345,0.9185697808535178,0.033721198192600006,0.12708076033369897,17,17
3,4,2,4,Right,all,0.3269859670658916,0.011479220842621811,0.213434020429101,0.0038821362194897302,0.9206652759949515,0.02449584045026338,,0,17
3,4,3,0,Noise,0,0.3020965139539359,0.013360089399334403,0.21609935193627508,0.007245372614823518,0.8743282348077718,0.05152038123068241,0.15230905228705277,46,59
3,4,3,0,Noise,1,0.3316072683222446,0.01242559346331059,0.21989319131609716,0.008090524463870716,0.8751586649742403,0.03778615312661186,0.15594172625373726,46,59
3,4,3,0,Noise,2,0.32587784765685024,0.01356210462153208,0.1866378942735857,0.00973773560024822,0.8672648720505152,0.045505194184916546,0.10115916177779724,46,59
3,4,3,0,Noise,all,0.3198605433110102,0.008527618372846098,0.20754347917531932,0.004977798608875245,0.8722505906108424,0.027522599622863804,,0,59
3,4,3,1,Up,0,0.2980323470269387,0.01166687790956439,0.21742673803154489,0.006193277311144389,0.9079111944965603,0.05411168973107991,0.15266108580001791,21,26
3,4,3,1,Up,1,0.33093453151216273,0.013125266393150396,0.21867491416570173,0.004384536972279326,0.8993561504574721,0.039119186959834296,0.11095569351907333,21,26
3,4,3,1,Up,2,0.3239359960391498,0.01176903556535439,0.18912112430515768,0.00611495069284999,0.9167420814479639,0.04098454156394452,0.11005939493922183,21,26
3,4,3,1,Up,all,0.3176342915260838,0.006636748583426422,0.20840759216746813,0.003238327405933813,0.9080031421339988,0.03375967489282385,,0,26
3,4,3,2,Down,0,0.304388934476493,0.006714862645569778,0.2204108909069606,0.0029524902480879255,0.9441980783444198,0.04577787765424076,0.17838558837296056,11,11
3,4,3,2,Down,1,0.3395349309531829,0.012359321149075085,0.21836830455143194,0.003428456187127876,0.9287144573488185,0.035941207391846496,0.09641589708777748,11,11
3,4,3,2,Down,2,0.32724209704981777,0.007563401565576906,0.1833022351609718,0.010071021372591957,0.8638146167557932,0.03666576109150823,0.099363315997961,11,11
3,4,3,2,Down,all,0.32372198749316455,0.004128181118478602,0.20736047687312142,0.0023920728037675303,0.9122423841496772,0.014282399976658906,,0,11
3,4,3,3,Left,0,0.29956123313071853,0.008190053904196672,0.21807261531490776,0.0043719104925895565,0.929220468675275,0.031587838510421476,0.1691734638456702,17,17
3,4,3,3,Left,1,0.3353526370542784,0.01010214716734867,0.22516762508179786,0.007373351527622009,0.9362529152630215,0.03767478196396615,0.12716528309565922,17,17
3,4,3,3,Left,2,0.3376939134467423,0.009705562495657885,0.19554935479225322,0.006123403895793366,0.9084198385236447,0.046996306031482374,0.10621853666065675,17,17
3,4,3,3,Left,all,0.3242025945439131,0.005870688697737258,0.21292986506298628,0.0038675933401805234,0.9246310741539804,0.0213564778841423,,0,17
3,4,3,4,Right,0,0.30059088499072323,0.0075470385675783,0.21498641818020026,0.004729655421277571,0.8913730803974705,0.05501392314579068,0.1736329350721811,18,18
3,4,3,4,Right,1,0.3213007766359833,0.014107996459730628,0.21587943895119474,0.005336883348256165,0.8727361722956437,0.04112834376022651,0.08961956534666185,18,18
3,4,3,4,Right,2,0.3148592565453783,0.012307588084504242,0.18944708861334458,0.006598195347243674,0.9141612200435729,0.04171697515445086,0.10789675224635666,18,18
3,4,3,4,Right,all,0.3122503060573616,0.006564820364006944,0.2067709819149132,0.003367296000926268,0.8927568242455624,0.028307378574193066,,0,18
3,4,4,0,Noise,0,0.28934817410130903,0.009490726175273237,0.22702893728991558,0.006828451871044353,0.8926745035531647,0.04693729556073114,0.16205589370014528,42,63
3,4,4,0,Noise,1,0.3271179626302687,0.021414426219559902,0.22630820919313235,0.010285239914811051,0.8897047915739504,0.042741703609642086,0.15002611293096466,42,63
3,4,4,0,Noise,2,0.32609015181646744,0.013360722781112855,0.19262630209860834,0.012955619443131018,0.8729536258948023,0.04796481702306899,0.09837973541645625,42,63
3,4,4,0,Noise,all,0.3141854295160151,0.010315967853232386,0.21532114952721876,0.005149999930748681,0.8851109736739725,0.026351797610060602,,0,63
3,4,4,1,Up,0,0.2888895114374907,0.006457994015022406,0.2253166915351791,0.003997156338432167,0.9286959553695956,0.047152080723023376,0.16231129467363348,20,24
3,4,4,1,Up,1,0.32776249178315625,0.014253723318447367,0.2254725803255628,0.006558747302908987,0.9182242990654205,0.04231488382307202,0.10224177357562139,20,24
3,4,4,1,Up,2,0.3220764988360134,0.009309640503259527,0.1859060540999632,0.009348264859035867,0.9173202614379085,0.03882011346096851,0.10908436843504507,20,24
3,4,4,1,Up,all,0.31290950068555345,0.004241666835450596,0.21223177532023504,0.004653667625431364,0.9214135052909748,0.029419829972306723,,0,24
3,4,4,2,Down,0,0.2938816881156062,0.009314744401784099,0.22730640733342955,0.004277167637005319,0.9359510782104924,0.04984130132344175,0.18878888353213974,12,13
3,4,4,2,Down,1,0.3384682247196444,0.011084698848194578,0.22567161084868337,0.003826943544816476,0.9252336448598132,0.034812300060166675,0.1056480699484783,12,13
3,4,4,2,Down,2,0.33928551536385704,0.012893558383311066,0.18915568067671729,0.005683341155626897,0.9297134238310709,0.03516539848268581,0.10104381153264475,12,13
3,4,4,2,Down,all,0.3238784760663692,0.009553801405066033,0.21404456628627674,0.0032251646001583375,0.9302993823004588,0.02851073787448525,,0,13
3,4,4,3,Left,0,0.28241845255542847,0.006896933032213662,0.22592840652471508,0.0024839577198067005,0.9138075313807531,0.026024201267036643,0.19028339861119156,15,15
3,4,4,3,Left,1,0.339633871186244,0.009127388032133987,0.22909512952071662,0.004418358367197267,0.945171339563863,0.02628399592420676,0.11647117334240494,15,15
3,4,4,3,Left,2,0.322805081084767,0.010160975604894398,0.20038374528611133,0.00542717441653318,0.936470588235294,0.017424680399091695,0.154072604175754,15,15
3,4,4,3,Left,all,0.3149524682754798,0.006003497010502681,0.21846909377718102,0.002021011931590697,0.9318164863933034,0.011525515652450262,,0,15
3,4,4,4,Right,0,0.28783982294366056,0.004562721047989762,0.22613677100154675,0.004899572953260069,0.9387152350479941,0.029023801168610246,0.16575507363370645,17,17
3,4,4,4,Right,1,0.3067505800929423,0.029219244461860788,0.21891376501387266,0.009766590371254366,0.9329301814183617,0.02941240693322963,0.10507874046466542,17,17
3,4,4,4,Right,2,0.3127681669789185,0.008658868082060178,0.1992762876480471,0.0069009574420198115,0.8821222606689735,0.03956876805381497,0.11045291313484401,17,17
3,4,4,4,Right,all,0.30245285667184046,0.009909015193725093,0.21477560788782218,0.0028869173659458324,0.9179225590451098,0.021965479144526772,,0,17
3,5,0,0,Noise,0,0.3239521535400731,0.010072706370406283,0.20962910024703812,0.007267535506159604,0.8601543384152079,0.051006515964723366,0.14085285696632285,46,63
3,5,0,0,Noise,1,0.3556190310061127,0.012702282484859235,0.21245088421231853,0.008416248254533855,0.887848035389019,0.04772265559909142,0.15924267132125272,46,63
3,5,0,0,Noise,2,0.3481612139736927,0.018672752106994393,0.18433966196860233,0.009074894862727872,0.8850918145035792,0.035731598304984076,0.09699609752119252,46,63
3,5,0,0,Noise,all,0.3425774661732928,0.00832857746746325,0.202139882142653,0.004636713012659027,0.8776980627692688,0.02580182610146357,,0,63
3,5,0,1,Up,0,0.32201778883411125,0.007596377829476242,0.20851056884673666,0.005235224375141846,0.8831414332359513,0.03848478632697242,0.15192904937821827,20,23
3,5,0,1,Up,1,0.35240968622794844,0.012459749207091284,0.20935720375227923,0.005380203072238759,0.9068068424803992,0.05108724496239867,0.11780342937924468,20,23
3,5,0,1,Up,2,0.3438102623444798,0.010794493441143893,0.18865417956163172,0.0076029011198758606,0.9549872122762149,0.03168007839953204,0.12128769823561487,20,23
3,5,0,1,Up,all,0.3394125791355132,0.007119739189933817,0.20217398405354922,0.00412384075648525,0.9149784959975217,0.034379251174384305,,0,23
3,5,0,2,Down,0,0.32461221087665837,0.006349706389806238,0.21130390235980287,0.0050631604339932395,0.9391912435390696,0.04951341559336521,0.16067916989205056,13,13
3,5,0,2,Down,1,0.36591085765129905,0.009419683865197297,0.20707577593246734,0.0038121589155517346,0.9186633039092056,0.03710643130592871,0.11409202152380524,13,13
3,5,0,2,Down,2,0.36456507381576403,0.012401566484714133,0.1809882562257772,0.009278010001217227,0.9248868778280543,0.03466565202157792,0.0842486176823506,13,13
3,5,0,2,Down,all,0.3516960474479071,0.007998551281074873,0.1997893115060158,0.003161165711742856,0.9275804750921098,0.017402532363769256,,0,13
3,5,0,3,Left,0,0.31782905186585525,0.00630561002320069,0.20730853157608492,0.006712467788351948,0.8925395256916996,0.03942592811587143,0.16668405899625607,16,16
3,5,0,3,Left,1,0.3539189212296695,0.007769677600249562,0.2110516783580574,0.004694105633145964,0.9285348360655737,0.03213033726813734,0.1068454682551346,16,16
3,5,0,3,Left,2,0.3373848646214895,0.025357226149017458,0.18858273174144916,0.007300153467125584,0.9406862745098039,0.03094065458443039,0.12316292071487706,16,16
3,5,0,3,Left,all,0.33637761257233806,0.010779822168129494,0.20231431389186383,0.00385276240789655,0.9205868787556925,0.016125707229873366,,0,16
3,5,0,4,Right,0,0.3278334370771954,0.006538309729899676,0.21275218808110724,0.004739510596702817,0.8939781446175308,0.028096459703936347,0.1536630106573848,17,17
3,5,0,4,Right,1,0.35417478812989817,0.010867181934159127,0.20943311379034563,0.005071264739049747,0.8852459016393442,0.03885345333167735,0.0980101642212035,17,17
3,5,0,4,Right,2,0.3340172803486692,0.00827541050132618,0.18906596679153842,0.004709939812077959,0.9201845444059976,0.03569869360692942,0.1078867208623063,17,17
3,5,0,4,Right,all,0.3386751685185876,0.005534554647813928,0.20375042288766376,0.003438723653207305,0.899802863554291,0.023037195647881828,,0,17
3,5,1,0,Noise,0,0.31176359511911594,0.011516830631054933,0.2250886174087202,0.007956396991810532,0.8991386496248958,0.05102851282391786,0.1483386932216806,50,61
3,5,1,0,Noise,1,0.3228649382232973,0.015309683415349797,0.22120351276477335,0.009426914387572276,0.8816975374352423,0.05330550443978809,0.15184444525106802,50,61
3,5,1,0,Noise,2,0.31177424224710787,0.017237811299788457,0.18507930735576028,0.008350523679905525,0.8482160077145613,0.055029470334568335,0.09070175851978086,50,61
3,5,1,0,Noise,all,0.31546759186317375,0.009823135504044327,0.2104571458430846,0.004506909651414235,0.8763507315915665,0.02962722653189765,,0,61
3,5,1,1,Up,0,0.30783656590642955,0.007117408601453813,0.22607304819531057,0.005647809659245241,0.9424227318045862,0.035674431399539026,0.1497762941889407,17,17
3,5,1,1,Up,1,0.3239044864299402,0.009203778221463668,0.21806895301276308,0.006113153559676337,0.912655971479501,0.03836226069177159,0.1129546103700839,17,17
3,5,1,1,Up,2,0.3005806697312532,0.015777929482438394,0.18419087592446973,0.006429054564624844,0.9483275663206459,0.0388521209364974,0.12070680782273435,17,17
3,5,1,1,Up,all,0.3107739073558743,0.007286490344319742,0.20944429237751447,0.0037714613181755877,0.934468756534911,0.025807709196688115,,0,17
3,5,1,2,Down,0,0.31245617874340476,0.008666605938255776,0.2263294714587007,0.0050438261635256595,0.9369703389830508,0.04599946604239016,0.1594556776316522,16,16
3,5,1,2,Down,1,0.3251401169345461,0.01006691047749768,0.21830707054633083,0.006825700159201121,0.9223484848484849,0.03735569550091496,0.10314267648286551,16,16
3,5,1,2,Down,2,0.3176461796386206,0.016787143787350554,0.18400491125241175,0.005155477176226083,0.8870098039215686,0.040885213297845883,0.09600238130909473,16,16
3,5,1,2,Down,all,0.3184141584388571,0.0071114208497716136,0.20954715108581443,0.0027717191196422446,0.9154428759177015,0.022244735103266036,,0,16
3,5,1,3,Left,0,0.30302618716118596,0.004424106039692242,0.2229218807972387,0.0030100283411566273,0.8816207627118644,0.021297379038775797,0.14800607340141012,16,16
3,5,1,3,Left,1,0.33064490907797567,0.008524604420156944,0.22253676058490143,0.00458039919653671,0.9483225108225108,0.0335125241132315,0.12541035743191567,16,16
3,5,1,3,Left,2,0.31430189861290136,0.01207067780341613,0.19318489389941282,0.005974627043848386,0.9147058823529411,0.02159831587171022,0.10577596071517509,16,16
3,5,1,3,Left,all,0.315990998284021,0.004024158160978312,0.21288117842718432,0.0019907717015064785,0.9148830519624388,0.015273456943706116,,0,16
3,5,1,4,Right,0,0.31013304492848887,0.004184595184421311,0.23116405195142503,0.00623968238608164,0.9274952919020715,0.029852284920401664,0.15208469301915425,18,18
3,5,1,4,Right,1,0.3029843347319281,0.025782758484436955,0.20887838244263066,0.010185437779202201,0.8713323713323713,0.06227123394447952,0.07860697011204858,18,18
3,5,1,4,Right,2,0.2991142306458564,0.013630693178524786,0.18767198391401785,0.007849366359147765,0.9056644880174292,0.05416329957182672,0.11153495912199461,18,18
3,5,1,4,Right,all,0.30407720343542444,0.01332971391696951,0.2092381394360245,0.005095292856788212,0.901497383750624,0.022591996788928728,,0,18
3,5,2,0,Noise,0,0.31971349499647767,0.008544157472866715,0.2170426856431088,0.00665572073200898,0.8812083973374296,0.042690767804230284,0.14852400760067255,46,63
3,5,2,0,Noise,1,0.33874739303530954,0.012030293643954418,0.21976579868222415,0.007787890243269817,0.9040777230432402,0.04035277911823511,0.15209598192301896,46,63
3,5,2,0,Noise,2,0.3381434821171054,0.013501507252932785,0.18964500204569026,0.006983646833842338,0.8775599128540306,0.04061662385703534,0.09572738912531696,46,63
3,5,2,0,Noise,all,0.3322014567162975,0.005850486059425128,0.20881782879034105,0.004361059689774833,0.8876153444115668,0.0239806063377175,,0,63
3,5,2,1,Up,0,0.3152733589569999,0.006637188184024281,0.21946593017386676,0.005220684315648116,0.922962648556876,0.025850332905290804,0.14959982584083018,17,19
3,5,2,1,Up,1,0.3320023233970778,0.017696956656479145,0.21303370461950863,0.005621029789233554,0.9167422867513612,0.03301637328354917,0.0913550135839674,17,19
3,5,2,1,Up,2,0.3361307233551041,0.010240280406740052,0.1893170567514793,0.0068345410135506246,0.9376676986584108,0.03873109607459029,0.09473217940315377,17,19
3,5,2,1,Up,all,0.32780213523639395,0.006566987980396213,0.20727223051495158,0.0036739631746514055,0.9257908779888827,0.01810411285512246,,0,19
3,5,2,2,Down,0,0.31847761745247627,0.0034800682567301925,0.21602313001308568,0.004208899345771038,0.9405913978494624,0.0426588910089314,0.16110995953387533,14,15
3,5,2,2,Down,1,0.34516454804166935,0.009080091102075525,0.2206258807661924,0.0038466136735003068,0.9255747126436782,0.0181024708470205,0.08779916605379719,14,15
3,5,2,2,Down,2,0.34508995604463916,0.013168568137756841,0.1866834647950044,0.0044086366568530065,0.923921568627451,0.027642389895213847,0.11284935309300369,14,15
3,5,2,2,Down,all,0.3362440405129282,0.005387564292406293,0.2077774918580942,0.002881535143767137,0.9300292263735305,0.022342022478165677,,0,15
3,5,2,3,Left,0,0.31496629634957896,0.003999107129877764,0.21809327193210126,0.0028490191604412,0.9105342741935484,0.03306185243663451,0.16036659113477703,16,16
3,5,2,3,Left,1,0.3448282423469771,0.012359585590237386,0.22152999144726065,0.007152344381101821,0.9474676724137931,0.028601067830665006,0.11980513680069027,16,16
3,5,2,3,Left,2,0.34215164281675353,0.01034211917897514,0.19032323274025037,0.0040724478225163865,0.9164215686274509,0.02916124242415985,0.10858772064307146,16,16
3,5,2,3,Left,all,0.3339820605044365,0.0050962193614082565,0.20998216537320408,0.0029132793482883664,0.9248078384115975,0.01497148530634781,,0,16
3,5,2,4,Right,0,0.31661977278974224,0.005188161953494512,0.21708640972832854,0.00637980541853635,0.8931451612903226,0.03084084383221438,0.1424071132087133,18,18
3,5,2,4,Right,1,0.33477721466451055,0.017062237514273375,0.21279181574599249,0.006961838433220173,0.9030172413793104,0.03270152224667485,0.09548234931701521,18,18
3,5,2,4,Right,2,0.32930306101720974,0.007465303862426403,0.19485610556859834,0.0062801699359316225,0.90718954248366,0.029469378404007048,0.10559744478599967,18,18
3,5,2,4,Right,all,0.3269000161571542,0.006239334289198548,0.20824477701430644,0.004274378662891694,0.9011173150510978,0.01322924248005363,,0,18
3,5,3,0,Noise,0,0.3098563073593591,0.011077812746835208,0.2214166527434475,0.005453544474795709,0.9092213114754099,0.0434243029414732,0.1507404181964121,44,60
3,5,3,0,Noise,1,0.3463065005055856,0.01569451718949756,0.21640435687987408,0.008708178797922572,0.8865248226950354,0.05840733320975378,0.1529641010977003,44,60
3,5,3,0,Noise,2,0.34874752073449294,0.014532464664497006,0.18975053205823308,0.01223764914303775,0.8709803921568627,0.04900538178417098,0.09585115707005959,44,60
3,5,3,0,Noise,all,0.3349701095331458,0.008416947724259155,0.20919051389385154,0.004615491969093094,0.8889088421091027,0.02845017519987536,,0,60
3,5,3,1,Up,0,0.3099469905793282,0.008764404127676304,0.22209199099930838,0.0035376417198609874,0.9554001928640309,0.03120822768925985,0.15343079081611274,17,17
3,5,3,1,Up,1,0.34019013458580855,0.01174131556825499,0.2123455982710006,0.004811210567095857,0.8923654568210262,0.05519143821833521,0.11848467211426585,17,17
3,5,3,1,Up,2,0.3492803407367173,0.013007462799392785,0.18368026654533923,0.006610883888259697,0.9340253748558247,0.033798237037326505,0.09402120291787398,17,17
3,5,3,1,Up,all,0.33313915530061805,0.006787703430157112,0.20603928527188273,0.0028063990313586585,0.9272636748469606,0.02550075443581767,,0,17
3,5,3,2,Down,0,0.31173693420930293,0.007117598203329741,0.22459305284835968,0.004214756477694164,0.9513319672131147,0.02298372933247533,0.16667661544758525,16,16
3,5,3,2,Down,1,0.3597299877404147,0.012475020987377959,0.21447904612970226,0.003875734968501486,0.9537234042553191,0.029842906434082092,0.11024847788351978,16,16
3,5,3,2,Down,2,0.3552393573284645,0.010758941753188495,0.18699760311993618,0.011241294757218417,0.9093137254901961,0.018105872868240946,0.10755303937504265,16,16
3,5,3,2,Down,all,0.3422354264260607,0.006183062757822585,0.20868990069933271,0.003461881633280906,0.9381230323195433,0.01575675575188187,,0,16
3,5,3,3,Left,0,0.3031114352993146,0.0037518833876541914,0.22303026477107438,0.003682363365894586,0.9187560270009643,0.03756867128193894,0.1646735754632759,17,17
3,5,3,3,Left,1,0.3536636645075051,0.011862640638158032,0.22234786514365473,0.008255607388476699,0.951188986232791,0.028787070774443178,0.1229554512098565,17,17
3,5,3,3,Left,2,0.3505833798910785,0.016410170991292876,0.19747928560859895,0.009107925602167855,0.9141868512110727,0.04166106889597905,0.10826238118527176,17,17
3,5,3,3,Left,all,0.3357861598992994,0.008400174326640137,0.21428580517444268,0.002960614133560188,0.9280439548149426,0.0220558841748663,,0,17
3,5,3,4,Right,0,0.311912065527001,0.01015494502137888,0.22356932373071425,0.004301906491996863,0.9293032786885246,0.026199607273822225,0.16741301415438378,16,16
3,5,3,4,Right,1,0.33136627391087864,0.01762465834272971,0.20726829472940325,0.0062861911531368,0.8888297872340425,0.055523354683829296,0.0945536068454395,16,16
3,5,3,4,Right,2,0.33714629559943227,0.010230140379433473,0.19718861142624702,0.007843227097880308,0.8977941176470589,0.036069016958672234,0.100341243986646,16,16
3,5,3,4,Right,all,0.32680821167910395,0.005839592934810443,0.20934207662878818,0.003785309866013839,0.9053090611898753,0.02734989753815051,,0,16
3,5,4,0,Noise,0,0.30448440958105993,0.009511145647390341,0.22356029312456538,0.008518216004021995,0.8978205128205128,0.0453998660409748,0.15249140211269238,46,65
3,5,4,0,Noise,1,0.34722016183208765,0.01173667264865443,0.21702902683265946,0.0077779410765015005,0.902051282051282,0.04232630891398458,0.1535266666330932,46,65
3,5,4,0,Noise,2,0.34395487041051076,0.015388377402653012,0.18611042961339877,0.011963717355366443,0.8748717948717949,0.04230322902281762,0.09431941011616789,46,65
3,5,4,0,Noise,all,0.3318864806078861,0.007742726503313106,0.2088999165235412,0.006556231251069133,0.8915811965811965,0.02686434210277426,,0,65
3,5,4,1,Up,0,0.29880720757578694,0.005574835090975449,0.22084199428260526,0.007046064262079457,0.9329365079365078,0.03530385862568613,0.1452773044506882,19,21
3,5,4,1,Up,1,0.3385535270952656,0.013749803115299788,0.21342491984506348,0.004718729359830487,0.9061507936507938,0.033453404774481305,0.12836025271090318,19,21
3,5,4,1,Up,2,0.3410055171867201,0.012504887182287764,0.18248067335150994,0.009183959554197726,0.942110177404295,0.05187606503631588,0.11522610440112271,19,21
3,5,4,1,Up,all,0.3261220839525909,0.007576726967985939,0.20558252915972625,0.006352143139104884,0.9270658263305322,0.034043218127303876,,0,21
3,5,4,2,Down,0,0.3034890193258665,0.0060647956494159095,0.2220434105546755,0.005007725359413913,0.9404761904761905,0.043160050831642816,0.15056652289222155,14,14
3,5,4,2,Down,1,0.3626256927611752,0.006368973228646297,0.2123011911759841,0.004897406723598383,0.9196428571428571,0.024098520820554623,0.08098119220578617,14,14
3,5,4,2,Down,2,0.3536944717005864,0.009108362903140915,0.182847596615508,0.0070877422839070985,0.8899159663865547,0.03475248162881728,0.12044367565794024,14,14
3,5,4,2,Down,all,0.33993639459587605,0.005305469494751378,0.20573073278205586,0.004677769730538161,0.9166783380018675,0.019606268191913717,,0,14
3,5,4,3,Left,0,0.30522306603690824,0.006481186307665351,0.2283454410759581,0.0045721892970416395,0.92734375,0.0379439386048925,0.16133566609106464,16,16
3,5,4,3,Left,1,0.35117019598177285,0.007060912263550066,0.2221112567225497,0.004638290245704128,0.9458333333333333,0.017743021580745887,0.12396068600175736,16,16
3,5,4,3,Left,2,0.34428432615597054,0.010795960312670794,0.19720681709571666,0.009859988005382294,0.9463235294117647,0.028050182964134366,0.1535757209988029,16,16
3,5,4,3,Left,all,0.3335591960582172,0.004582554196695128,0.2158878382980748,0.004866640193507478,0.9398335375816993,0.016346702513185735,,0,16
3,5,4,4,Right,0,0.3009638789362865,0.004070618758621084,0.22318744182864864,0.004391207336431921,0.93046875,0.023209929129258153,0.16033382405216623,16,16
3,5,4,4,Right,1,0.33905612643690736,0.013259877441443071,0.21189076079921648,0.0066152226184177584,0.92265625,0.04158238002692612,0.10570286764362183,16,16
3,5,4,4,Right,2,0.3295694135957985,0.007602051362016084,0.1910442425101141,0.0057960126372149515,0.9149509803921568,0.03801343375325601,0.115073124210753,16,16
3,5,4,4,Right,all,0.3231964729896641,0.006278467108683514,0.20870748171265974,0.003940831657613541,0.9226919934640523,0.02279216536879688,,0,16
